id,first_name,last_name,email,gender,Currency
1,Anton,Pendergast,apendergast0@parallels.com,Polygender,Ruble
13,Angelle,Pomfrett,apomfrettc@zimbio.com,Non-binary,Ruble
16,Kinna,Adcocks,kadcocksf@xinhuanet.com,Bigender,Ruble
25,Payton,Coulthart,pcoultharto@stumbleupon.com,Non-binary,Ruble
36,Dotti,Guidera,dguideraz@vimeo.com,Female,Ruble
47,Kale,Candelin,kcandelin1a@technorati.com,Non-binary,Ruble
65,Jessy,Cockle,jcockle1s@zdnet.com,Polygender,Ruble
105,Davina,Deegan,ddeegan2w@cornell.edu,Genderqueer,Ruble
116,Antonia,Maestro,amaestro37@amazon.de,Polygender,Ruble
117,Vanni,Bellison,vbellison38@woothemes.com,Male,Ruble
118,Rubie,Hallows,rhallows39@msu.edu,Agender,Ruble
148,Gwendolin,Crame,gcrame43@mapquest.com,Agender,Ruble
184,Margo,McKean,mmckean53@sfgate.com,Non-binary,Ruble
185,Rhoda,Middle,rmiddle54@geocities.com,Male,Ruble
198,Vita,Bursell,vbursell5h@cdbaby.com,Bigender,Ruble
224,Kaylil,Hasling,khasling67@meetup.com,Genderfluid,Ruble
225,Elicia,Tirrell,etirrell68@ucla.edu,Polygender,Ruble
233,Findlay,Keiling,fkeiling6g@disqus.com,Non-binary,Ruble
237,Jacques,Reams,jreams6k@skyrock.com,Genderfluid,Ruble
243,Finley,Crickmoor,fcrickmoor6q@ow.ly,Bigender,Ruble
272,Kimberlyn,Younie,kyounie7j@harvard.edu,Genderfluid,Ruble
283,Paxon,Alelsandrowicz,palelsandrowicz7u@hud.gov,Polygender,Ruble
288,Wernher,Wisker,wwisker7z@a8.net,Male,Ruble
299,Xerxes,Jessopp,xjessopp8a@woothemes.com,Bigender,Ruble
324,Ewart,Masserel,emasserel8z@exblog.jp,Non-binary,Ruble
335,Bili,Orys,borys9a@epa.gov,Male,Ruble
417,Quinlan,Brunel,qbrunelbk@addthis.com,Male,Ruble
428,Kass,Gooderridge,kgooderridgebv@mayoclinic.com,Genderfluid,Ruble
432,Eolande,Nashe,enashebz@eventbrite.com,Genderfluid,Ruble
442,Coop,Somerfield,csomerfieldc9@paginegialle.it,Genderqueer,Ruble
447,Adoree,Moyce,amoycece@cbsnews.com,Non-binary,Ruble
456,Lodovico,Lorentz,llorentzcn@oakley.com,Genderfluid,Ruble
482,Zorina,Pattenden,zpattendendd@netvibes.com,Non-binary,Ruble
497,Erin,Hinge,ehingeds@foxnews.com,Female,Ruble
499,Deni,Biers,dbiersdu@amazonaws.com,Female,Ruble
504,Anna,Balmadier,abalmadierdz@1und1.de,Female,Ruble
510,Kirby,Titmuss,ktitmusse5@histats.com,Genderqueer,Ruble
516,Harriot,Strange,hstrangeeb@examiner.com,Agender,Ruble
526,Nikki,Plan,nplanel@ft.com,Polygender,Ruble
539,Waly,Lambin,wlambiney@hp.com,Bigender,Ruble
625,Reeba,Kilcullen,rkilcullenhc@wsj.com,Genderfluid,Ruble
664,Debor,Dunrige,ddunrigeif@github.com,Male,Ruble
666,Ellissa,Gors,egorsih@is.gd,Female,Ruble
686,Nicol,McCafferty,nmccaffertyj1@stumbleupon.com,Genderfluid,Ruble
694,Joella,Ivkovic,jivkovicj9@twitpic.com,Polygender,Ruble
704,Der,Harmstone,dharmstonejj@sakura.ne.jp,Male,Ruble
717,Izaak,Grebert,igrebertjw@boston.com,Bigender,Ruble
718,Heidie,Radsdale,hradsdalejx@scribd.com,Non-binary,Ruble
723,Moe,Esherwood,mesherwoodk2@parallels.com,Male,Ruble
773,Aliza,Nairns,anairnslg@intel.com,Genderfluid,Ruble
791,Mano,Shivell,mshivellly@nba.com,Genderqueer,Ruble
793,Pryce,Skermer,pskermerm0@engadget.com,Genderfluid,Ruble
796,Gisela,Croxton,gcroxtonm3@istockphoto.com,Non-binary,Ruble
820,Jaclin,Copson,jcopsonmr@nba.com,Genderfluid,Ruble
823,Raina,Fitchet,rfitchetmu@smh.com.au,Agender,Ruble
824,Sunny,Polack,spolackmv@eepurl.com,Non-binary,Ruble
843,Lilyan,Hauxwell,lhauxwellne@sakura.ne.jp,Polygender,Ruble
858,Robbi,Redgate,rredgatent@4shared.com,Non-binary,Ruble
867,Robinet,Cruickshank,rcruickshanko2@patch.com,Agender,Ruble
903,Ninon,Lacey,nlaceyp2@paginegialle.it,Genderqueer,Ruble
904,Darice,Sugars,dsugarsp3@mail.ru,Bigender,Ruble
906,Tisha,Rough,troughp5@apple.com,Non-binary,Ruble
916,Susanna,Gewer,sgewerpf@slate.com,Genderfluid,Ruble
926,Rafaellle,Chalmers,rchalmerspp@arizona.edu,Genderfluid,Ruble
960,Dulci,Rops,dropsqn@google.nl,Genderqueer,Ruble
972,Rodolph,Hartfield,rhartfieldqz@bandcamp.com,Polygender,Ruble
989,Jobina,Kirkness,jkirknessrg@soup.io,Agender,Ruble
1,Anton,Pendergast,apendergast0@parallels.com,Polygender,Ruble
13,Angelle,Pomfrett,apomfrettc@zimbio.com,Non-binary,Ruble
16,Kinna,Adcocks,kadcocksf@xinhuanet.com,Bigender,Ruble
25,Payton,Coulthart,pcoultharto@stumbleupon.com,Non-binary,Ruble
36,Dotti,Guidera,dguideraz@vimeo.com,Female,Ruble
47,Kale,Candelin,kcandelin1a@technorati.com,Non-binary,Ruble
65,Jessy,Cockle,jcockle1s@zdnet.com,Polygender,Ruble
105,Davina,Deegan,ddeegan2w@cornell.edu,Genderqueer,Ruble
116,Antonia,Maestro,amaestro37@amazon.de,Polygender,Ruble
117,Vanni,Bellison,vbellison38@woothemes.com,Male,Ruble
118,Rubie,Hallows,rhallows39@msu.edu,Agender,Ruble
148,Gwendolin,Crame,gcrame43@mapquest.com,Agender,Ruble
184,Margo,McKean,mmckean53@sfgate.com,Non-binary,Ruble
185,Rhoda,Middle,rmiddle54@geocities.com,Male,Ruble
198,Vita,Bursell,vbursell5h@cdbaby.com,Bigender,Ruble
224,Kaylil,Hasling,khasling67@meetup.com,Genderfluid,Ruble
225,Elicia,Tirrell,etirrell68@ucla.edu,Polygender,Ruble
233,Findlay,Keiling,fkeiling6g@disqus.com,Non-binary,Ruble
237,Jacques,Reams,jreams6k@skyrock.com,Genderfluid,Ruble
243,Finley,Crickmoor,fcrickmoor6q@ow.ly,Bigender,Ruble
272,Kimberlyn,Younie,kyounie7j@harvard.edu,Genderfluid,Ruble
283,Paxon,Alelsandrowicz,palelsandrowicz7u@hud.gov,Polygender,Ruble
288,Wernher,Wisker,wwisker7z@a8.net,Male,Ruble
299,Xerxes,Jessopp,xjessopp8a@woothemes.com,Bigender,Ruble
324,Ewart,Masserel,emasserel8z@exblog.jp,Non-binary,Ruble
335,Bili,Orys,borys9a@epa.gov,Male,Ruble
417,Quinlan,Brunel,qbrunelbk@addthis.com,Male,Ruble
428,Kass,Gooderridge,kgooderridgebv@mayoclinic.com,Genderfluid,Ruble
432,Eolande,Nashe,enashebz@eventbrite.com,Genderfluid,Ruble
442,Coop,Somerfield,csomerfieldc9@paginegialle.it,Genderqueer,Ruble
447,Adoree,Moyce,amoycece@cbsnews.com,Non-binary,Ruble
456,Lodovico,Lorentz,llorentzcn@oakley.com,Genderfluid,Ruble
482,Zorina,Pattenden,zpattendendd@netvibes.com,Non-binary,Ruble
497,Erin,Hinge,ehingeds@foxnews.com,Female,Ruble
499,Deni,Biers,dbiersdu@amazonaws.com,Female,Ruble
504,Anna,Balmadier,abalmadierdz@1und1.de,Female,Ruble
510,Kirby,Titmuss,ktitmusse5@histats.com,Genderqueer,Ruble
516,Harriot,Strange,hstrangeeb@examiner.com,Agender,Ruble
526,Nikki,Plan,nplanel@ft.com,Polygender,Ruble
539,Waly,Lambin,wlambiney@hp.com,Bigender,Ruble
625,Reeba,Kilcullen,rkilcullenhc@wsj.com,Genderfluid,Ruble
664,Debor,Dunrige,ddunrigeif@github.com,Male,Ruble
666,Ellissa,Gors,egorsih@is.gd,Female,Ruble
686,Nicol,McCafferty,nmccaffertyj1@stumbleupon.com,Genderfluid,Ruble
694,Joella,Ivkovic,jivkovicj9@twitpic.com,Polygender,Ruble
704,Der,Harmstone,dharmstonejj@sakura.ne.jp,Male,Ruble
717,Izaak,Grebert,igrebertjw@boston.com,Bigender,Ruble
718,Heidie,Radsdale,hradsdalejx@scribd.com,Non-binary,Ruble
723,Moe,Esherwood,mesherwoodk2@parallels.com,Male,Ruble
773,Aliza,Nairns,anairnslg@intel.com,Genderfluid,Ruble
791,Mano,Shivell,mshivellly@nba.com,Genderqueer,Ruble
793,Pryce,Skermer,pskermerm0@engadget.com,Genderfluid,Ruble
796,Gisela,Croxton,gcroxtonm3@istockphoto.com,Non-binary,Ruble
820,Jaclin,Copson,jcopsonmr@nba.com,Genderfluid,Ruble
823,Raina,Fitchet,rfitchetmu@smh.com.au,Agender,Ruble
824,Sunny,Polack,spolackmv@eepurl.com,Non-binary,Ruble
843,Lilyan,Hauxwell,lhauxwellne@sakura.ne.jp,Polygender,Ruble
858,Robbi,Redgate,rredgatent@4shared.com,Non-binary,Ruble
867,Robinet,Cruickshank,rcruickshanko2@patch.com,Agender,Ruble
903,Ninon,Lacey,nlaceyp2@paginegialle.it,Genderqueer,Ruble
904,Darice,Sugars,dsugarsp3@mail.ru,Bigender,Ruble
906,Tisha,Rough,troughp5@apple.com,Non-binary,Ruble
916,Susanna,Gewer,sgewerpf@slate.com,Genderfluid,Ruble
926,Rafaellle,Chalmers,rchalmerspp@arizona.edu,Genderfluid,Ruble
960,Dulci,Rops,dropsqn@google.nl,Genderqueer,Ruble
972,Rodolph,Hartfield,rhartfieldqz@bandcamp.com,Polygender,Ruble
989,Jobina,Kirkness,jkirknessrg@soup.io,Agender,Ruble
1,Anton,Pendergast,apendergast0@parallels.com,Polygender,Ruble
13,Angelle,Pomfrett,apomfrettc@zimbio.com,Non-binary,Ruble
16,Kinna,Adcocks,kadcocksf@xinhuanet.com,Bigender,Ruble
25,Payton,Coulthart,pcoultharto@stumbleupon.com,Non-binary,Ruble
36,Dotti,Guidera,dguideraz@vimeo.com,Female,Ruble
47,Kale,Candelin,kcandelin1a@technorati.com,Non-binary,Ruble
65,Jessy,Cockle,jcockle1s@zdnet.com,Polygender,Ruble
105,Davina,Deegan,ddeegan2w@cornell.edu,Genderqueer,Ruble
116,Antonia,Maestro,amaestro37@amazon.de,Polygender,Ruble
117,Vanni,Bellison,vbellison38@woothemes.com,Male,Ruble
118,Rubie,Hallows,rhallows39@msu.edu,Agender,Ruble
148,Gwendolin,Crame,gcrame43@mapquest.com,Agender,Ruble
184,Margo,McKean,mmckean53@sfgate.com,Non-binary,Ruble
185,Rhoda,Middle,rmiddle54@geocities.com,Male,Ruble
198,Vita,Bursell,vbursell5h@cdbaby.com,Bigender,Ruble
224,Kaylil,Hasling,khasling67@meetup.com,Genderfluid,Ruble
225,Elicia,Tirrell,etirrell68@ucla.edu,Polygender,Ruble
233,Findlay,Keiling,fkeiling6g@disqus.com,Non-binary,Ruble
237,Jacques,Reams,jreams6k@skyrock.com,Genderfluid,Ruble
243,Finley,Crickmoor,fcrickmoor6q@ow.ly,Bigender,Ruble
272,Kimberlyn,Younie,kyounie7j@harvard.edu,Genderfluid,Ruble
283,Paxon,Alelsandrowicz,palelsandrowicz7u@hud.gov,Polygender,Ruble
288,Wernher,Wisker,wwisker7z@a8.net,Male,Ruble
299,Xerxes,Jessopp,xjessopp8a@woothemes.com,Bigender,Ruble
324,Ewart,Masserel,emasserel8z@exblog.jp,Non-binary,Ruble
335,Bili,Orys,borys9a@epa.gov,Male,Ruble
417,Quinlan,Brunel,qbrunelbk@addthis.com,Male,Ruble
428,Kass,Gooderridge,kgooderridgebv@mayoclinic.com,Genderfluid,Ruble
432,Eolande,Nashe,enashebz@eventbrite.com,Genderfluid,Ruble
442,Coop,Somerfield,csomerfieldc9@paginegialle.it,Genderqueer,Ruble
447,Adoree,Moyce,amoycece@cbsnews.com,Non-binary,Ruble
456,Lodovico,Lorentz,llorentzcn@oakley.com,Genderfluid,Ruble
482,Zorina,Pattenden,zpattendendd@netvibes.com,Non-binary,Ruble
497,Erin,Hinge,ehingeds@foxnews.com,Female,Ruble
499,Deni,Biers,dbiersdu@amazonaws.com,Female,Ruble
504,Anna,Balmadier,abalmadierdz@1und1.de,Female,Ruble
510,Kirby,Titmuss,ktitmusse5@histats.com,Genderqueer,Ruble
516,Harriot,Strange,hstrangeeb@examiner.com,Agender,Ruble
526,Nikki,Plan,nplanel@ft.com,Polygender,Ruble
539,Waly,Lambin,wlambiney@hp.com,Bigender,Ruble
625,Reeba,Kilcullen,rkilcullenhc@wsj.com,Genderfluid,Ruble
664,Debor,Dunrige,ddunrigeif@github.com,Male,Ruble
666,Ellissa,Gors,egorsih@is.gd,Female,Ruble
686,Nicol,McCafferty,nmccaffertyj1@stumbleupon.com,Genderfluid,Ruble
694,Joella,Ivkovic,jivkovicj9@twitpic.com,Polygender,Ruble
704,Der,Harmstone,dharmstonejj@sakura.ne.jp,Male,Ruble
717,Izaak,Grebert,igrebertjw@boston.com,Bigender,Ruble
718,Heidie,Radsdale,hradsdalejx@scribd.com,Non-binary,Ruble
723,Moe,Esherwood,mesherwoodk2@parallels.com,Male,Ruble
773,Aliza,Nairns,anairnslg@intel.com,Genderfluid,Ruble
791,Mano,Shivell,mshivellly@nba.com,Genderqueer,Ruble
793,Pryce,Skermer,pskermerm0@engadget.com,Genderfluid,Ruble
796,Gisela,Croxton,gcroxtonm3@istockphoto.com,Non-binary,Ruble
820,Jaclin,Copson,jcopsonmr@nba.com,Genderfluid,Ruble
823,Raina,Fitchet,rfitchetmu@smh.com.au,Agender,Ruble
824,Sunny,Polack,spolackmv@eepurl.com,Non-binary,Ruble
843,Lilyan,Hauxwell,lhauxwellne@sakura.ne.jp,Polygender,Ruble
858,Robbi,Redgate,rredgatent@4shared.com,Non-binary,Ruble
867,Robinet,Cruickshank,rcruickshanko2@patch.com,Agender,Ruble
903,Ninon,Lacey,nlaceyp2@paginegialle.it,Genderqueer,Ruble
904,Darice,Sugars,dsugarsp3@mail.ru,Bigender,Ruble
906,Tisha,Rough,troughp5@apple.com,Non-binary,Ruble
916,Susanna,Gewer,sgewerpf@slate.com,Genderfluid,Ruble
926,Rafaellle,Chalmers,rchalmerspp@arizona.edu,Genderfluid,Ruble
960,Dulci,Rops,dropsqn@google.nl,Genderqueer,Ruble
972,Rodolph,Hartfield,rhartfieldqz@bandcamp.com,Polygender,Ruble
989,Jobina,Kirkness,jkirknessrg@soup.io,Agender,Ruble
1,Anton,Pendergast,apendergast0@parallels.com,Polygender,Ruble
13,Angelle,Pomfrett,apomfrettc@zimbio.com,Non-binary,Ruble
16,Kinna,Adcocks,kadcocksf@xinhuanet.com,Bigender,Ruble
25,Payton,Coulthart,pcoultharto@stumbleupon.com,Non-binary,Ruble
36,Dotti,Guidera,dguideraz@vimeo.com,Female,Ruble
47,Kale,Candelin,kcandelin1a@technorati.com,Non-binary,Ruble
65,Jessy,Cockle,jcockle1s@zdnet.com,Polygender,Ruble
105,Davina,Deegan,ddeegan2w@cornell.edu,Genderqueer,Ruble
116,Antonia,Maestro,amaestro37@amazon.de,Polygender,Ruble
117,Vanni,Bellison,vbellison38@woothemes.com,Male,Ruble
118,Rubie,Hallows,rhallows39@msu.edu,Agender,Ruble
148,Gwendolin,Crame,gcrame43@mapquest.com,Agender,Ruble
184,Margo,McKean,mmckean53@sfgate.com,Non-binary,Ruble
185,Rhoda,Middle,rmiddle54@geocities.com,Male,Ruble
198,Vita,Bursell,vbursell5h@cdbaby.com,Bigender,Ruble
224,Kaylil,Hasling,khasling67@meetup.com,Genderfluid,Ruble
225,Elicia,Tirrell,etirrell68@ucla.edu,Polygender,Ruble
233,Findlay,Keiling,fkeiling6g@disqus.com,Non-binary,Ruble
237,Jacques,Reams,jreams6k@skyrock.com,Genderfluid,Ruble
243,Finley,Crickmoor,fcrickmoor6q@ow.ly,Bigender,Ruble
272,Kimberlyn,Younie,kyounie7j@harvard.edu,Genderfluid,Ruble
283,Paxon,Alelsandrowicz,palelsandrowicz7u@hud.gov,Polygender,Ruble
288,Wernher,Wisker,wwisker7z@a8.net,Male,Ruble
299,Xerxes,Jessopp,xjessopp8a@woothemes.com,Bigender,Ruble
324,Ewart,Masserel,emasserel8z@exblog.jp,Non-binary,Ruble
335,Bili,Orys,borys9a@epa.gov,Male,Ruble
417,Quinlan,Brunel,qbrunelbk@addthis.com,Male,Ruble
428,Kass,Gooderridge,kgooderridgebv@mayoclinic.com,Genderfluid,Ruble
432,Eolande,Nashe,enashebz@eventbrite.com,Genderfluid,Ruble
442,Coop,Somerfield,csomerfieldc9@paginegialle.it,Genderqueer,Ruble
447,Adoree,Moyce,amoycece@cbsnews.com,Non-binary,Ruble
456,Lodovico,Lorentz,llorentzcn@oakley.com,Genderfluid,Ruble
482,Zorina,Pattenden,zpattendendd@netvibes.com,Non-binary,Ruble
497,Erin,Hinge,ehingeds@foxnews.com,Female,Ruble
499,Deni,Biers,dbiersdu@amazonaws.com,Female,Ruble
504,Anna,Balmadier,abalmadierdz@1und1.de,Female,Ruble
510,Kirby,Titmuss,ktitmusse5@histats.com,Genderqueer,Ruble
516,Harriot,Strange,hstrangeeb@examiner.com,Agender,Ruble
526,Nikki,Plan,nplanel@ft.com,Polygender,Ruble
539,Waly,Lambin,wlambiney@hp.com,Bigender,Ruble
625,Reeba,Kilcullen,rkilcullenhc@wsj.com,Genderfluid,Ruble
664,Debor,Dunrige,ddunrigeif@github.com,Male,Ruble
666,Ellissa,Gors,egorsih@is.gd,Female,Ruble
686,Nicol,McCafferty,nmccaffertyj1@stumbleupon.com,Genderfluid,Ruble
694,Joella,Ivkovic,jivkovicj9@twitpic.com,Polygender,Ruble
704,Der,Harmstone,dharmstonejj@sakura.ne.jp,Male,Ruble
717,Izaak,Grebert,igrebertjw@boston.com,Bigender,Ruble
718,Heidie,Radsdale,hradsdalejx@scribd.com,Non-binary,Ruble
723,Moe,Esherwood,mesherwoodk2@parallels.com,Male,Ruble
773,Aliza,Nairns,anairnslg@intel.com,Genderfluid,Ruble
791,Mano,Shivell,mshivellly@nba.com,Genderqueer,Ruble
793,Pryce,Skermer,pskermerm0@engadget.com,Genderfluid,Ruble
796,Gisela,Croxton,gcroxtonm3@istockphoto.com,Non-binary,Ruble
820,Jaclin,Copson,jcopsonmr@nba.com,Genderfluid,Ruble
823,Raina,Fitchet,rfitchetmu@smh.com.au,Agender,Ruble
824,Sunny,Polack,spolackmv@eepurl.com,Non-binary,Ruble
843,Lilyan,Hauxwell,lhauxwellne@sakura.ne.jp,Polygender,Ruble
858,Robbi,Redgate,rredgatent@4shared.com,Non-binary,Ruble
867,Robinet,Cruickshank,rcruickshanko2@patch.com,Agender,Ruble
903,Ninon,Lacey,nlaceyp2@paginegialle.it,Genderqueer,Ruble
904,Darice,Sugars,dsugarsp3@mail.ru,Bigender,Ruble
906,Tisha,Rough,troughp5@apple.com,Non-binary,Ruble
916,Susanna,Gewer,sgewerpf@slate.com,Genderfluid,Ruble
926,Rafaellle,Chalmers,rchalmerspp@arizona.edu,Genderfluid,Ruble
960,Dulci,Rops,dropsqn@google.nl,Genderqueer,Ruble
972,Rodolph,Hartfield,rhartfieldqz@bandcamp.com,Polygender,Ruble
989,Jobina,Kirkness,jkirknessrg@soup.io,Agender,Ruble
1,Anton,Pendergast,apendergast0@parallels.com,Polygender,Ruble
13,Angelle,Pomfrett,apomfrettc@zimbio.com,Non-binary,Ruble
16,Kinna,Adcocks,kadcocksf@xinhuanet.com,Bigender,Ruble
25,Payton,Coulthart,pcoultharto@stumbleupon.com,Non-binary,Ruble
36,Dotti,Guidera,dguideraz@vimeo.com,Female,Ruble
47,Kale,Candelin,kcandelin1a@technorati.com,Non-binary,Ruble
65,Jessy,Cockle,jcockle1s@zdnet.com,Polygender,Ruble
105,Davina,Deegan,ddeegan2w@cornell.edu,Genderqueer,Ruble
116,Antonia,Maestro,amaestro37@amazon.de,Polygender,Ruble
117,Vanni,Bellison,vbellison38@woothemes.com,Male,Ruble
118,Rubie,Hallows,rhallows39@msu.edu,Agender,Ruble
148,Gwendolin,Crame,gcrame43@mapquest.com,Agender,Ruble
184,Margo,McKean,mmckean53@sfgate.com,Non-binary,Ruble
185,Rhoda,Middle,rmiddle54@geocities.com,Male,Ruble
198,Vita,Bursell,vbursell5h@cdbaby.com,Bigender,Ruble
224,Kaylil,Hasling,khasling67@meetup.com,Genderfluid,Ruble
225,Elicia,Tirrell,etirrell68@ucla.edu,Polygender,Ruble
233,Findlay,Keiling,fkeiling6g@disqus.com,Non-binary,Ruble
237,Jacques,Reams,jreams6k@skyrock.com,Genderfluid,Ruble
243,Finley,Crickmoor,fcrickmoor6q@ow.ly,Bigender,Ruble
272,Kimberlyn,Younie,kyounie7j@harvard.edu,Genderfluid,Ruble
283,Paxon,Alelsandrowicz,palelsandrowicz7u@hud.gov,Polygender,Ruble
288,Wernher,Wisker,wwisker7z@a8.net,Male,Ruble
299,Xerxes,Jessopp,xjessopp8a@woothemes.com,Bigender,Ruble
324,Ewart,Masserel,emasserel8z@exblog.jp,Non-binary,Ruble
335,Bili,Orys,borys9a@epa.gov,Male,Ruble
417,Quinlan,Brunel,qbrunelbk@addthis.com,Male,Ruble
428,Kass,Gooderridge,kgooderridgebv@mayoclinic.com,Genderfluid,Ruble
432,Eolande,Nashe,enashebz@eventbrite.com,Genderfluid,Ruble
442,Coop,Somerfield,csomerfieldc9@paginegialle.it,Genderqueer,Ruble
447,Adoree,Moyce,amoycece@cbsnews.com,Non-binary,Ruble
456,Lodovico,Lorentz,llorentzcn@oakley.com,Genderfluid,Ruble
482,Zorina,Pattenden,zpattendendd@netvibes.com,Non-binary,Ruble
497,Erin,Hinge,ehingeds@foxnews.com,Female,Ruble
499,Deni,Biers,dbiersdu@amazonaws.com,Female,Ruble
504,Anna,Balmadier,abalmadierdz@1und1.de,Female,Ruble
510,Kirby,Titmuss,ktitmusse5@histats.com,Genderqueer,Ruble
516,Harriot,Strange,hstrangeeb@examiner.com,Agender,Ruble
526,Nikki,Plan,nplanel@ft.com,Polygender,Ruble
539,Waly,Lambin,wlambiney@hp.com,Bigender,Ruble
625,Reeba,Kilcullen,rkilcullenhc@wsj.com,Genderfluid,Ruble
664,Debor,Dunrige,ddunrigeif@github.com,Male,Ruble
666,Ellissa,Gors,egorsih@is.gd,Female,Ruble
686,Nicol,McCafferty,nmccaffertyj1@stumbleupon.com,Genderfluid,Ruble
694,Joella,Ivkovic,jivkovicj9@twitpic.com,Polygender,Ruble
704,Der,Harmstone,dharmstonejj@sakura.ne.jp,Male,Ruble
717,Izaak,Grebert,igrebertjw@boston.com,Bigender,Ruble
718,Heidie,Radsdale,hradsdalejx@scribd.com,Non-binary,Ruble
723,Moe,Esherwood,mesherwoodk2@parallels.com,Male,Ruble
773,Aliza,Nairns,anairnslg@intel.com,Genderfluid,Ruble
791,Mano,Shivell,mshivellly@nba.com,Genderqueer,Ruble
793,Pryce,Skermer,pskermerm0@engadget.com,Genderfluid,Ruble
796,Gisela,Croxton,gcroxtonm3@istockphoto.com,Non-binary,Ruble
820,Jaclin,Copson,jcopsonmr@nba.com,Genderfluid,Ruble
823,Raina,Fitchet,rfitchetmu@smh.com.au,Agender,Ruble
824,Sunny,Polack,spolackmv@eepurl.com,Non-binary,Ruble
843,Lilyan,Hauxwell,lhauxwellne@sakura.ne.jp,Polygender,Ruble
858,Robbi,Redgate,rredgatent@4shared.com,Non-binary,Ruble
867,Robinet,Cruickshank,rcruickshanko2@patch.com,Agender,Ruble
903,Ninon,Lacey,nlaceyp2@paginegialle.it,Genderqueer,Ruble
904,Darice,Sugars,dsugarsp3@mail.ru,Bigender,Ruble
906,Tisha,Rough,troughp5@apple.com,Non-binary,Ruble
916,Susanna,Gewer,sgewerpf@slate.com,Genderfluid,Ruble
926,Rafaellle,Chalmers,rchalmerspp@arizona.edu,Genderfluid,Ruble
960,Dulci,Rops,dropsqn@google.nl,Genderqueer,Ruble
972,Rodolph,Hartfield,rhartfieldqz@bandcamp.com,Polygender,Ruble
989,Jobina,Kirkness,jkirknessrg@soup.io,Agender,Ruble
1,Anton,Pendergast,apendergast0@parallels.com,Polygender,Ruble
13,Angelle,Pomfrett,apomfrettc@zimbio.com,Non-binary,Ruble
16,Kinna,Adcocks,kadcocksf@xinhuanet.com,Bigender,Ruble
25,Payton,Coulthart,pcoultharto@stumbleupon.com,Non-binary,Ruble
36,Dotti,Guidera,dguideraz@vimeo.com,Female,Ruble
47,Kale,Candelin,kcandelin1a@technorati.com,Non-binary,Ruble
65,Jessy,Cockle,jcockle1s@zdnet.com,Polygender,Ruble
105,Davina,Deegan,ddeegan2w@cornell.edu,Genderqueer,Ruble
116,Antonia,Maestro,amaestro37@amazon.de,Polygender,Ruble
117,Vanni,Bellison,vbellison38@woothemes.com,Male,Ruble
118,Rubie,Hallows,rhallows39@msu.edu,Agender,Ruble
148,Gwendolin,Crame,gcrame43@mapquest.com,Agender,Ruble
184,Margo,McKean,mmckean53@sfgate.com,Non-binary,Ruble
185,Rhoda,Middle,rmiddle54@geocities.com,Male,Ruble
198,Vita,Bursell,vbursell5h@cdbaby.com,Bigender,Ruble
224,Kaylil,Hasling,khasling67@meetup.com,Genderfluid,Ruble
225,Elicia,Tirrell,etirrell68@ucla.edu,Polygender,Ruble
233,Findlay,Keiling,fkeiling6g@disqus.com,Non-binary,Ruble
237,Jacques,Reams,jreams6k@skyrock.com,Genderfluid,Ruble
243,Finley,Crickmoor,fcrickmoor6q@ow.ly,Bigender,Ruble
272,Kimberlyn,Younie,kyounie7j@harvard.edu,Genderfluid,Ruble
283,Paxon,Alelsandrowicz,palelsandrowicz7u@hud.gov,Polygender,Ruble
288,Wernher,Wisker,wwisker7z@a8.net,Male,Ruble
299,Xerxes,Jessopp,xjessopp8a@woothemes.com,Bigender,Ruble
324,Ewart,Masserel,emasserel8z@exblog.jp,Non-binary,Ruble
335,Bili,Orys,borys9a@epa.gov,Male,Ruble
417,Quinlan,Brunel,qbrunelbk@addthis.com,Male,Ruble
428,Kass,Gooderridge,kgooderridgebv@mayoclinic.com,Genderfluid,Ruble
432,Eolande,Nashe,enashebz@eventbrite.com,Genderfluid,Ruble
442,Coop,Somerfield,csomerfieldc9@paginegialle.it,Genderqueer,Ruble
447,Adoree,Moyce,amoycece@cbsnews.com,Non-binary,Ruble
456,Lodovico,Lorentz,llorentzcn@oakley.com,Genderfluid,Ruble
482,Zorina,Pattenden,zpattendendd@netvibes.com,Non-binary,Ruble
497,Erin,Hinge,ehingeds@foxnews.com,Female,Ruble
499,Deni,Biers,dbiersdu@amazonaws.com,Female,Ruble
504,Anna,Balmadier,abalmadierdz@1und1.de,Female,Ruble
510,Kirby,Titmuss,ktitmusse5@histats.com,Genderqueer,Ruble
516,Harriot,Strange,hstrangeeb@examiner.com,Agender,Ruble
526,Nikki,Plan,nplanel@ft.com,Polygender,Ruble
539,Waly,Lambin,wlambiney@hp.com,Bigender,Ruble
625,Reeba,Kilcullen,rkilcullenhc@wsj.com,Genderfluid,Ruble
664,Debor,Dunrige,ddunrigeif@github.com,Male,Ruble
666,Ellissa,Gors,egorsih@is.gd,Female,Ruble
686,Nicol,McCafferty,nmccaffertyj1@stumbleupon.com,Genderfluid,Ruble
694,Joella,Ivkovic,jivkovicj9@twitpic.com,Polygender,Ruble
704,Der,Harmstone,dharmstonejj@sakura.ne.jp,Male,Ruble
717,Izaak,Grebert,igrebertjw@boston.com,Bigender,Ruble
718,Heidie,Radsdale,hradsdalejx@scribd.com,Non-binary,Ruble
723,Moe,Esherwood,mesherwoodk2@parallels.com,Male,Ruble
773,Aliza,Nairns,anairnslg@intel.com,Genderfluid,Ruble
791,Mano,Shivell,mshivellly@nba.com,Genderqueer,Ruble
793,Pryce,Skermer,pskermerm0@engadget.com,Genderfluid,Ruble
796,Gisela,Croxton,gcroxtonm3@istockphoto.com,Non-binary,Ruble
820,Jaclin,Copson,jcopsonmr@nba.com,Genderfluid,Ruble
823,Raina,Fitchet,rfitchetmu@smh.com.au,Agender,Ruble
824,Sunny,Polack,spolackmv@eepurl.com,Non-binary,Ruble
843,Lilyan,Hauxwell,lhauxwellne@sakura.ne.jp,Polygender,Ruble
858,Robbi,Redgate,rredgatent@4shared.com,Non-binary,Ruble
867,Robinet,Cruickshank,rcruickshanko2@patch.com,Agender,Ruble
903,Ninon,Lacey,nlaceyp2@paginegialle.it,Genderqueer,Ruble
904,Darice,Sugars,dsugarsp3@mail.ru,Bigender,Ruble
906,Tisha,Rough,troughp5@apple.com,Non-binary,Ruble
916,Susanna,Gewer,sgewerpf@slate.com,Genderfluid,Ruble
926,Rafaellle,Chalmers,rchalmerspp@arizona.edu,Genderfluid,Ruble
960,Dulci,Rops,dropsqn@google.nl,Genderqueer,Ruble
972,Rodolph,Hartfield,rhartfieldqz@bandcamp.com,Polygender,Ruble
989,Jobina,Kirkness,jkirknessrg@soup.io,Agender,Ruble
