id,first_name,last_name,email,DateOfJoining
1,Franny,Pattesall,fpattesall0@nymag.com,20230312
2,Teodora,Piscopello,tpiscopello1@mysql.com,20220714
3,Annabel,Spir,aspir2@nsw.gov.au,
4,Zorana,Redd,zredd3@diigo.com,
5,Malva,Donkersley,mdonkersley4@dyndns.org,20230504
6,Cary,Durrance,cdurrance5@jigsy.com,20220919
7,Farrand,Clewett,fclewett6@miibeian.gov.cn,20220920
8,Cristian,Catterall,ccatterall7@gmpg.org,20230327
9,Hermon,Garrit,hgarrit8@shinystat.com,20230803
10,Astrid,Eckly,aeckly9@reddit.com,
