id,first_name,last_name,email,gender
1,Cortie,Dole,cdole0@cisco.com,M
2,Nicky,Neeve,nneeve1@unicef.org,F
3,Zaria,Jouhan,zjouhan2@shop-pro.jp,F
4,Yuma,Leale,yleale3@alibaba.com,M
5,Patrizia,Marsden,pmarsden4@facebook.com,F
6,Dale,Wisedale,dwisedale5@ebay.com,F
7,Bebe,Batthew,bbatthew6@friendfeed.com,F
8,Freddy,Barkas,fbarkas7@webeden.co.uk,M
9,Dottie,Neller,dneller8@51.la,F
10,Virgil,Tutchings,vtutchings9@chron.com,M
