id,first_name,last_name,email,gender,Description
1,Zacharias,Thunnercliff,zthunnercliff0@w3.org,M,xxcgoor0@xrea.com
2,Meredeth,Andrew,mashforth1@virginia.edu,M,xxkfellos1@hc360.com
3,Lester,Mynard,lmynard2@soundcloud.com,M,yyeboden2@bravesites.com
4,Peyton,Artrick,partrick3@soup.io,M,yypartrick3@soup.io
5,Willi,Warnes,wwarnes4@businessinsider.com,M,wwarnes4@businessinsider.com
6,Merwyn,Wheaton,mwheaton5@nps.gov,M,mwheaton5@nps.gov
7,Kellie,Adamsen,kadamsen6@reference.com,F,kadamsen6@reference.com
8,Ahmad,Hunston,ahunston7@hubpages.com,M,ahunston7@hubpages.com
9,Bianka,Kordova,bkordova8@telegraph.co.uk,F,bkordova8@telegraph.co.uk
10,Cullin,Crossland,ccrossland9@nydailynews.com,M,xxccrossland9@nydailynews.com
11,Odella,Klemenz,oklemenza@altervista.org,F,yyoklemenza@altervista.org
12,Petronia,Poznanski,ppoznanskib@google.es,F,ppoznanskib@google.es
13,Lyell,Schoroder,lschoroderc@buzzfeed.com,M,lschoroderc@buzzfeed.com
14,Saidee,McAloren,smcalorend@wordpress.org,F,smcalorend@wordpress.org
15,Thibaud,Harrild,tharrilde@statcounter.com,M,tharrilde@statcounter.com
16,Joann,Ciciotti,jciciottif@gnu.org,F,jciciottif@gnu.org
17,Tania,Rowsel,trowselg@spiegel.de,F,trowselg@spiegel.de
18,Elsa,Renbold,erenboldh@disqus.com,F,erenboldh@disqus.com
19,Paulita,Illsley,pillsleyi@xing.com,F,pillsleyi@xing.com
20,Mei,Greason,mgreasonj@shinystat.com,F,mgreasonj@shinystat.com
21,Roberto,Tume,rtumek@indiatimes.com,M,rtumek@indiatimes.com
22,Ealasaid,De Cruze,edecruzel@instagram.com,F,edecruzel@instagram.com
23,Sissy,Gilbank,sgilbankm@stanford.edu,F,sgilbankm@stanford.edu
24,Daffy,Figgures,dfigguresn@disqus.com,F,dfigguresn@disqus.com
25,Maddie,Camber,mcambero@hud.gov,F,mcambero@hud.gov
26,Quillan,McWhorter,qmcwhorterp@goo.ne.jp,M,qmcwhorterp@goo.ne.jp
27,Ricoriki,Stabbins,rstabbinsq@examiner.com,M,rstabbinsq@examiner.com
28,Clea,Shuxsmith,cshuxsmithr@about.com,F,cshuxsmithr@about.com
29,Oswell,Asipenko,oasipenkos@skyrock.com,M,oasipenkos@skyrock.com
30,Jorie,Muehler,jmuehlert@buzzfeed.com,F,jmuehlert@buzzfeed.com
31,Jacquelyn,Vedekhov,jvedekhovu@e-recht24.de,F,jvedekhovu@e-recht24.de
32,Gavra,Harrington,gharringtonv@paypal.com,F,gharringtonv@paypal.com
33,Calley,Gregoriou,cgregoriouw@howstuffworks.com,F,cgregoriouw@howstuffworks.com
34,Doll,Jayne,djaynex@cisco.com,F,djaynex@cisco.com
35,Danika,Keysel,dkeysely@google.es,F,dkeysely@google.es
36,Audie,Haslam,ahaslamz@blogger.com,F,ahaslamz@blogger.com
37,Caty,O'Corr,cocorr10@howstuffworks.com,F,cocorr10@howstuffworks.com
38,Findlay,Pesticcio,fpesticcio11@icio.us,M,fpesticcio11@icio.us
39,Fayina,Coger,fcoger12@google.fr,F,fcoger12@google.fr
40,Mariejeanne,Ernshaw,mernshaw13@mlb.com,F,mernshaw13@mlb.com
41,Warde,Gleasane,wgleasane14@dot.gov,M,wgleasane14@dot.gov
42,Bobbie,Elphinstone,belphinstone15@photobucket.com,F,belphinstone15@photobucket.com
43,Whit,Aveling,waveling16@uol.com.br,M,waveling16@uol.com.br
44,Sibyl,Leathwood,sleathwood17@slashdot.org,F,sleathwood17@slashdot.org
45,Brita,Bulger,bbulger18@blogspot.com,F,bbulger18@blogspot.com
46,Yettie,Guillerman,yguillerman19@uiuc.edu,F,yguillerman19@uiuc.edu
47,Bary,McEntagart,bmcentagart1a@telegraph.co.uk,M,bmcentagart1a@telegraph.co.uk
48,Rad,Egar,regar1b@wunderground.com,M,regar1b@wunderground.com
49,Archaimbaud,Lydford,alydford1c@wiley.com,M,alydford1c@wiley.com
50,Giffie,McMichell,gmcmichell1d@seesaa.net,M,gmcmichell1d@seesaa.net
51,Wildon,Weyland,wweyland1e@webnode.com,M,wweyland1e@webnode.com
52,Rafaello,Eilert,reilert1f@wunderground.com,M,reilert1f@wunderground.com
53,Bethany,Pavlovsky,bpavlovsky1g@desdev.cn,F,bpavlovsky1g@desdev.cn
54,Sammy,MacKibbon,smackibbon1h@bigcartel.com,F,smackibbon1h@bigcartel.com
55,Sidonia,MacIlraith,smacilraith1i@bbb.org,F,smacilraith1i@bbb.org
56,Blair,Sagg,bsagg1j@bing.com,F,bsagg1j@bing.com
57,Dominick,Pepys,dpepys1k@smugmug.com,M,dpepys1k@smugmug.com
58,Lorens,Gibbeson,lgibbeson1l@walmart.com,M,lgibbeson1l@walmart.com
59,Harbert,Bloxsome,hbloxsome1m@live.com,M,hbloxsome1m@live.com
60,Rip,Tremelling,rtremelling1n@google.com.hk,M,rtremelling1n@google.com.hk
61,Kaela,Jesse,kjesse1o@de.vu,F,kjesse1o@de.vu
62,Elsa,Pescud,epescud1p@studiopress.com,F,epescud1p@studiopress.com
63,Ashli,MacBrearty,amacbrearty1q@nymag.com,F,amacbrearty1q@nymag.com
64,Kyle,Mullally,kmullally1r@scribd.com,M,kmullally1r@scribd.com
65,Keary,Michelin,kmichelin1s@devhub.com,M,kmichelin1s@devhub.com
66,Paulita,Blaskett,pblaskett1t@umn.edu,F,pblaskett1t@umn.edu
67,Leoline,Pasquale,lpasquale1u@51.la,F,lpasquale1u@51.la
68,Orelia,Oliphard,ooliphard1v@livejournal.com,F,ooliphard1v@livejournal.com
69,Petunia,Ashton,pashton1w@usa.gov,F,pashton1w@usa.gov
70,Demetrius,Francillo,dfrancillo1x@uiuc.edu,M,dfrancillo1x@uiuc.edu
71,Chryste,Snasdell,csnasdell1y@360.cn,F,csnasdell1y@360.cn
72,Barrett,Carlesso,bcarlesso1z@arstechnica.com,M,bcarlesso1z@arstechnica.com
73,Angelina,Liverseege,aliverseege20@samsung.com,F,aliverseege20@samsung.com
74,Sigismond,Hissett,shissett21@meetup.com,M,shissett21@meetup.com
75,Grover,Sturdgess,gsturdgess22@shop-pro.jp,M,gsturdgess22@shop-pro.jp
76,Calli,Ramsey,cramsey23@furl.net,F,cramsey23@furl.net
77,Aurel,Connue,aconnue24@newsvine.com,F,aconnue24@newsvine.com
78,Franchot,MacCaughey,fmaccaughey25@wsj.com,M,fmaccaughey25@wsj.com
79,Payton,Langford,plangford26@acquirethisname.com,M,plangford26@acquirethisname.com
80,Jessa,Bison,jbison27@deliciousdays.com,F,jbison27@deliciousdays.com
81,Morlee,Preshous,mpreshous28@cbsnews.com,M,mpreshous28@cbsnews.com
82,Der,Sturzaker,dsturzaker29@walmart.com,M,dsturzaker29@walmart.com
83,Iago,Kerbler,ikerbler2a@cbslocal.com,M,ikerbler2a@cbslocal.com
84,Zebadiah,Primak,zprimak2b@ucla.edu,M,zprimak2b@ucla.edu
85,Evanne,Camidge,ecamidge2c@mozilla.com,F,ecamidge2c@mozilla.com
86,Conrad,Burniston,cburniston2d@dyndns.org,M,cburniston2d@dyndns.org
87,Gibb,Rahlof,grahlof2e@qq.com,M,grahlof2e@qq.com
88,Roxine,Dary,rdary2f@github.io,F,rdary2f@github.io
89,Duff,Holtum,dholtum2g@hc360.com,M,dholtum2g@hc360.com
90,Tommie,Penhalurick,tpenhalurick2h@sfgate.com,M,tpenhalurick2h@sfgate.com
91,Kennith,Turville,kturville2i@microsoft.com,M,kturville2i@microsoft.com
92,Frederic,Vasyaev,fvasyaev2j@soundcloud.com,M,fvasyaev2j@soundcloud.com
93,Dorena,Alanbrooke,dalanbrooke2k@spotify.com,F,dalanbrooke2k@spotify.com
94,Sanson,Lockyear,slockyear2l@oracle.com,M,slockyear2l@oracle.com
95,Guglielma,Moult,gmoult2m@tumblr.com,F,gmoult2m@tumblr.com
96,Hally,Whitesel,hwhitesel2n@geocities.com,F,hwhitesel2n@geocities.com
97,Eldin,Lourens,elourens2o@ifeng.com,M,elourens2o@ifeng.com
98,Halley,Sawley,hsawley2p@simplemachines.org,F,hsawley2p@simplemachines.org
99,Dore,Willstrop,dwillstrop2q@deliciousdays.com,F,dwillstrop2q@deliciousdays.com
100,Krystyna,Reignard,kreignard2r@meetup.com,F,kreignard2r@meetup.com
101,Morse,Krojn,mkrojn2s@aol.com,M,mkrojn2s@aol.com
102,Tate,Caplan,tcaplan2t@eventbrite.com,M,tcaplan2t@eventbrite.com
103,Deloria,Pordall,dpordall2u@hc360.com,F,dpordall2u@hc360.com
104,Jori,Scammonden,jscammonden2v@msu.edu,F,jscammonden2v@msu.edu
105,Allegra,Gainsborough,againsborough2w@1und1.de,F,againsborough2w@1und1.de
106,Regina,Castledine,rcastledine2x@independent.co.uk,F,rcastledine2x@independent.co.uk
107,Jory,Fehners,jfehners2y@theguardian.com,M,jfehners2y@theguardian.com
108,Forrester,Goldsbury,fgoldsbury2z@dailymail.co.uk,M,fgoldsbury2z@dailymail.co.uk
109,Xerxes,Le Barr,xlebarr30@adobe.com,M,xlebarr30@adobe.com
110,Bridgette,Mouth,bmouth31@boston.com,F,bmouth31@boston.com
111,Torrin,Wooffitt,twooffitt32@surveymonkey.com,M,twooffitt32@surveymonkey.com
112,Alexis,Peevor,apeevor33@ca.gov,M,apeevor33@ca.gov
113,Alberik,Blinckhorne,ablinckhorne34@google.de,M,ablinckhorne34@google.de
114,Robenia,Morritt,rmorritt35@prlog.org,F,rmorritt35@prlog.org
115,Birch,McElhinney,bmcelhinney36@unblog.fr,M,bmcelhinney36@unblog.fr
116,Trenton,Braisher,tbraisher37@princeton.edu,M,tbraisher37@princeton.edu
117,Nedi,Polly,npolly38@dot.gov,F,npolly38@dot.gov
118,Angele,Kayser,akayser39@livejournal.com,F,akayser39@livejournal.com
119,Talyah,Koomar,tkoomar3a@quantcast.com,F,tkoomar3a@quantcast.com
120,Sophia,Loveard,sloveard3b@samsung.com,F,sloveard3b@samsung.com
121,Dun,Newbatt,dnewbatt3c@cmu.edu,M,dnewbatt3c@cmu.edu
122,Ursulina,Pollok,upollok3d@drupal.org,F,upollok3d@drupal.org
123,Barthel,Grundy,bgrundy3e@chicagotribune.com,M,bgrundy3e@chicagotribune.com
124,Chrystel,Beamand,cbeamand3f@bbb.org,F,cbeamand3f@bbb.org
125,Norman,Parkman,nparkman3g@sphinn.com,M,nparkman3g@sphinn.com
126,Ethyl,Pindell,epindell3h@buzzfeed.com,F,epindell3h@buzzfeed.com
127,Arline,Brindle,abrindle3i@cmu.edu,F,abrindle3i@cmu.edu
128,Willie,Roly,wroly3j@facebook.com,F,wroly3j@facebook.com
129,Ethelred,Carville,ecarville3k@sciencedaily.com,M,ecarville3k@sciencedaily.com
130,Roseline,Bercher,rbercher3l@mac.com,F,rbercher3l@mac.com
131,Morgan,Cescoti,mcescoti3m@soup.io,F,mcescoti3m@soup.io
132,Willabella,Howley,whowley3n@illinois.edu,F,whowley3n@illinois.edu
133,Chane,Bartell,cbartell3o@jimdo.com,M,cbartell3o@jimdo.com
134,Elbert,Kipping,ekipping3p@weather.com,M,ekipping3p@weather.com
135,Mikaela,Drayn,mdrayn3q@nhs.uk,F,mdrayn3q@nhs.uk
136,Esdras,Moquin,emoquin3r@cam.ac.uk,M,emoquin3r@cam.ac.uk
137,Steve,Kienl,skienl3s@weebly.com,M,skienl3s@weebly.com
138,Beaufort,Fowlston,bfowlston3t@apache.org,M,bfowlston3t@apache.org
139,Odie,Paoletti,opaoletti3u@imgur.com,M,opaoletti3u@imgur.com
140,Emma,Fawkes,efawkes3v@youtu.be,F,efawkes3v@youtu.be
141,Mara,Dell Casa,mdellcasa3w@google.com.au,F,mdellcasa3w@google.com.au
142,Dedra,McGarahan,dmcgarahan3x@shareasale.com,F,dmcgarahan3x@shareasale.com
143,Melicent,Wanne,mwanne3y@java.com,F,mwanne3y@java.com
144,Antoni,Paffitt,apaffitt3z@tuttocitta.it,M,apaffitt3z@tuttocitta.it
145,Worden,Cullum,wcullum40@yolasite.com,M,wcullum40@yolasite.com
146,Sayre,Cardall,scardall41@elegantthemes.com,M,scardall41@elegantthemes.com
147,Michelle,Roswarn,mroswarn42@desdev.cn,F,mroswarn42@desdev.cn
148,Margot,Breacher,mbreacher43@blogs.com,F,mbreacher43@blogs.com
149,Matty,Rushbrooke,mrushbrooke44@comsenz.com,F,mrushbrooke44@comsenz.com
150,Althea,Harker,aharker45@list-manage.com,F,aharker45@list-manage.com
151,Gerek,Peto,gpeto46@wufoo.com,M,gpeto46@wufoo.com
152,Joanna,Ratazzi,jratazzi47@tiny.cc,F,jratazzi47@tiny.cc
153,Rois,Goskar,rgoskar48@chicagotribune.com,F,rgoskar48@chicagotribune.com
154,Dot,Van de Castele,dvandecastele49@symantec.com,F,dvandecastele49@symantec.com
155,Tallia,Bedward,tbedward4a@xrea.com,F,tbedward4a@xrea.com
156,Adela,Baitman,abaitman4b@ezinearticles.com,F,abaitman4b@ezinearticles.com
157,Tarrance,Rubinsohn,trubinsohn4c@washingtonpost.com,M,trubinsohn4c@washingtonpost.com
158,Jody,Larrosa,jlarrosa4d@google.ru,F,jlarrosa4d@google.ru
159,Adolph,Brookhouse,abrookhouse4e@sakura.ne.jp,M,abrookhouse4e@sakura.ne.jp
160,Cord,McDavitt,cmcdavitt4f@cbsnews.com,M,cmcdavitt4f@cbsnews.com
161,Craggie,Creser,ccreser4g@netscape.com,M,ccreser4g@netscape.com
162,Neale,Hatherell,nhatherell4h@webnode.com,M,nhatherell4h@webnode.com
163,Lanie,Lampen,llampen4i@bravesites.com,M,llampen4i@bravesites.com
164,Kendrick,Sowerbutts,ksowerbutts4j@e-recht24.de,M,ksowerbutts4j@e-recht24.de
165,Daren,Keddey,dkeddey4k@weather.com,M,dkeddey4k@weather.com
166,Dianna,McLoughlin,dmcloughlin4l@sourceforge.net,F,dmcloughlin4l@sourceforge.net
167,Aarika,Guinnane,aguinnane4m@soundcloud.com,F,aguinnane4m@soundcloud.com
168,Hastings,Mennell,hmennell4n@cisco.com,M,hmennell4n@cisco.com
169,Ransell,June,rjune4o@de.vu,M,rjune4o@de.vu
170,Filmer,Bentsen,fbentsen4p@howstuffworks.com,M,fbentsen4p@howstuffworks.com
171,Emilio,Melbert,emelbert4q@friendfeed.com,M,emelbert4q@friendfeed.com
172,Carmita,Kadwallider,ckadwallider4r@youku.com,F,ckadwallider4r@youku.com
173,Abbie,Brockie,abrockie4s@dedecms.com,M,abrockie4s@dedecms.com
174,Jeromy,Ivanchin,jivanchin4t@mediafire.com,M,jivanchin4t@mediafire.com
175,Darnall,Al Hirsi,dalhirsi4u@cnn.com,M,dalhirsi4u@cnn.com
176,Serene,Pendle,spendle4v@tiny.cc,F,spendle4v@tiny.cc
177,Nickolaus,Busswell,nbusswell4w@home.pl,M,nbusswell4w@home.pl
178,Xenos,Klebes,xklebes4x@latimes.com,M,xklebes4x@latimes.com
179,Aksel,Gerold,agerold4y@prlog.org,M,agerold4y@prlog.org
180,Lesli,MacKimmie,lmackimmie4z@goo.gl,F,lmackimmie4z@goo.gl
181,Ddene,Syder,dsyder50@yandex.ru,F,dsyder50@yandex.ru
182,Veronika,Sempill,vsempill51@icq.com,F,vsempill51@icq.com
183,Aileen,Bartel,abartel52@sbwire.com,F,abartel52@sbwire.com
184,Edi,Bergen,ebergen53@plala.or.jp,F,ebergen53@plala.or.jp
185,Bonny,Bertrand,bbertrand54@hibu.com,F,bbertrand54@hibu.com
186,Joshua,Cavil,jcavil55@craigslist.org,M,jcavil55@craigslist.org
187,Homere,Huguet,hhuguet56@cdc.gov,M,hhuguet56@cdc.gov
188,Hart,Amies,hamies57@bbc.co.uk,M,hamies57@bbc.co.uk
189,Aviva,Carayol,acarayol58@boston.com,F,acarayol58@boston.com
190,Alexandro,Yule,ayule59@hubpages.com,M,ayule59@hubpages.com
191,Charlotte,Kalinovich,ckalinovich5a@mail.ru,F,ckalinovich5a@mail.ru
192,Roselin,Cobbing,rcobbing5b@guardian.co.uk,F,rcobbing5b@guardian.co.uk
193,Fanya,Bricket,fbricket5c@aol.com,F,fbricket5c@aol.com
194,Shalom,Lamblot,slamblot5d@bloglines.com,M,slamblot5d@bloglines.com
195,Camey,Viant,cviant5e@nba.com,M,cviant5e@nba.com
196,Delmar,Bulward,dbulward5f@canalblog.com,M,dbulward5f@canalblog.com
197,Bianka,Kun,bkun5g@latimes.com,F,bkun5g@latimes.com
198,Sean,Struttman,sstruttman5h@delicious.com,M,sstruttman5h@delicious.com
199,Lalo,Shevelin,lshevelin5i@quantcast.com,M,lshevelin5i@quantcast.com
200,Erma,Pere,epere5j@mediafire.com,F,epere5j@mediafire.com
201,Terence,Poulgreen,tpoulgreen5k@w3.org,M,tpoulgreen5k@w3.org
202,Hettie,Scading,hscading5l@google.com.br,F,hscading5l@google.com.br
203,Wilbert,Pavelin,wpavelin5m@whitehouse.gov,M,wpavelin5m@whitehouse.gov
204,Burt,Fosdike,bfosdike5n@dmoz.org,M,bfosdike5n@dmoz.org
205,Kristel,Marian,kmarian5o@twitpic.com,F,kmarian5o@twitpic.com
206,Mord,Winterborne,mwinterborne5p@deviantart.com,M,mwinterborne5p@deviantart.com
207,Zaria,Pina,zpina5q@gnu.org,F,zpina5q@gnu.org
208,Von,Iacobo,viacobo5r@so-net.ne.jp,M,viacobo5r@so-net.ne.jp
209,Gladys,Outridge,goutridge5s@nbcnews.com,F,goutridge5s@nbcnews.com
210,Robena,Rankcom,rrankcom5t@skype.com,F,rrankcom5t@skype.com
211,Olly,Yaus,oyaus5u@acquirethisname.com,M,oyaus5u@acquirethisname.com
212,Iona,Skiplorne,iskiplorne5v@wikia.com,F,iskiplorne5v@wikia.com
213,Orin,Murphey,omurphey5w@istockphoto.com,M,omurphey5w@istockphoto.com
214,Isidora,Faragan,ifaragan5x@youtu.be,F,ifaragan5x@youtu.be
215,Gilberta,Medcraft,gmedcraft5y@taobao.com,F,gmedcraft5y@taobao.com
216,Mario,Marshman,mmarshman5z@bluehost.com,M,mmarshman5z@bluehost.com
217,Rick,Girodier,rgirodier60@foxnews.com,M,rgirodier60@foxnews.com
218,Hali,Marages,hmarages61@google.de,F,hmarages61@google.de
219,Mauricio,Nancarrow,mnancarrow62@ameblo.jp,M,mnancarrow62@ameblo.jp
220,Alysia,Dyble,adyble63@slate.com,F,adyble63@slate.com
221,Fields,Pedler,fpedler64@gmpg.org,M,fpedler64@gmpg.org
222,Allyn,Wilfing,awilfing65@qq.com,M,awilfing65@qq.com
223,Kania,Yurasov,kyurasov66@mashable.com,F,kyurasov66@mashable.com
224,Goraud,Dellow,gdellow67@quantcast.com,M,gdellow67@quantcast.com
225,Kristos,Febvre,kfebvre68@edublogs.org,M,kfebvre68@edublogs.org
226,Terry,Beels,tbeels69@woothemes.com,M,tbeels69@woothemes.com
227,Minnnie,Cardinal,mcardinal6a@ucla.edu,F,mcardinal6a@ucla.edu
228,Zarah,Broke,zbroke6b@dyndns.org,F,zbroke6b@dyndns.org
229,Zeb,Laxtonne,zlaxtonne6c@merriam-webster.com,M,zlaxtonne6c@merriam-webster.com
230,Logan,Ballefant,lballefant6d@arizona.edu,M,lballefant6d@arizona.edu
231,Rudie,Gritsunov,rgritsunov6e@engadget.com,M,rgritsunov6e@engadget.com
232,Antony,Burkin,aburkin6f@digg.com,M,aburkin6f@digg.com
233,Amelita,MacGettigen,amacgettigen6g@dyndns.org,F,amacgettigen6g@dyndns.org
234,Chlo,Guiett,cguiett6h@desdev.cn,F,cguiett6h@desdev.cn
235,Wrennie,Rosson,wrosson6i@exblog.jp,F,wrosson6i@exblog.jp
236,Annemarie,Collen,acollen6j@unblog.fr,F,acollen6j@unblog.fr
237,Coral,Bailles,cbailles6k@bing.com,F,cbailles6k@bing.com
238,Beniamino,Ashelford,bashelford6l@squidoo.com,M,bashelford6l@squidoo.com
239,Joshia,Larn,jlarn6m@so-net.ne.jp,M,jlarn6m@so-net.ne.jp
240,Gaile,Wignall,gwignall6n@amazon.co.jp,M,gwignall6n@amazon.co.jp
241,Renie,Wallice,rwallice6o@accuweather.com,F,rwallice6o@accuweather.com
242,Rosemonde,Reville,rreville6p@blogtalkradio.com,F,rreville6p@blogtalkradio.com
243,Stacey,Holttom,sholttom6q@diigo.com,F,sholttom6q@diigo.com
244,Denny,Wellbank,dwellbank6r@netlog.com,M,dwellbank6r@netlog.com
245,Yolane,Fedynski,yfedynski6s@edublogs.org,F,yfedynski6s@edublogs.org
246,Clay,Tolle,ctolle6t@java.com,M,ctolle6t@java.com
247,Raye,Simper,rsimper6u@ameblo.jp,F,rsimper6u@ameblo.jp
248,Aurora,Pickerell,apickerell6v@walmart.com,F,apickerell6v@walmart.com
249,Goldia,Melan,gmelan6w@1688.com,F,gmelan6w@1688.com
250,Johnny,Hammonds,jhammonds6x@behance.net,M,jhammonds6x@behance.net
251,Joelly,Blesing,jblesing6y@amazon.co.jp,F,jblesing6y@amazon.co.jp
252,Rock,Sayle,rsayle6z@cloudflare.com,M,rsayle6z@cloudflare.com
253,Faythe,Dury,fdury70@quantcast.com,F,fdury70@quantcast.com
254,Sargent,Friedenbach,sfriedenbach71@microsoft.com,M,sfriedenbach71@microsoft.com
255,Artemus,Kestin,akestin72@mit.edu,M,akestin72@mit.edu
256,Mandi,Endean,mendean73@tinyurl.com,F,mendean73@tinyurl.com
257,Tabb,Avrahamoff,tavrahamoff74@ed.gov,M,tavrahamoff74@ed.gov
258,Hadlee,Dyet,hdyet75@pen.io,M,hdyet75@pen.io
259,Smith,Jamary,sjamary76@shareasale.com,M,sjamary76@shareasale.com
260,Brooks,Pass,bpass77@ovh.net,F,bpass77@ovh.net
261,Hallsy,Daveridge,hdaveridge78@domainmarket.com,M,hdaveridge78@domainmarket.com
262,Guenevere,Quibell,gquibell79@unc.edu,F,gquibell79@unc.edu
263,Christin,Collcott,ccollcott7a@illinois.edu,F,ccollcott7a@illinois.edu
264,Fabe,McMains,fmcmains7b@last.fm,M,fmcmains7b@last.fm
265,Marietta,Hugett,mhugett7c@uol.com.br,M,mhugett7c@uol.com.br
266,Natalya,Nelle,nnelle7d@theguardian.com,F,nnelle7d@theguardian.com
267,Friedrich,Hampe,fhampe7e@thetimes.co.uk,M,fhampe7e@thetimes.co.uk
268,Rosy,Walewicz,rwalewicz7f@biblegateway.com,F,rwalewicz7f@biblegateway.com
269,Nari,Ravenscroftt,nravenscroftt7g@seattletimes.com,F,nravenscroftt7g@seattletimes.com
270,Birgit,Wisbey,bwisbey7h@ed.gov,F,bwisbey7h@ed.gov
271,Basilio,Couper,bcouper7i@ucoz.ru,M,bcouper7i@ucoz.ru
272,Sebastien,Lammertz,slammertz7j@microsoft.com,M,slammertz7j@microsoft.com
273,Shanon,Markie,smarkie7k@biglobe.ne.jp,F,smarkie7k@biglobe.ne.jp
274,Aaren,Dombrell,adombrell7l@chron.com,F,adombrell7l@chron.com
275,Baird,Btham,bbtham7m@joomla.org,M,bbtham7m@joomla.org
276,Judie,Kingswoode,jkingswoode7n@facebook.com,F,jkingswoode7n@facebook.com
277,Angelica,Quarles,aquarles7o@1688.com,F,aquarles7o@1688.com
278,Hillie,Gilburt,hgilburt7p@dedecms.com,M,hgilburt7p@dedecms.com
279,Gael,Winckle,gwinckle7q@bloglovin.com,M,gwinckle7q@bloglovin.com
280,Burt,MacConnechie,bmacconnechie7r@forbes.com,M,bmacconnechie7r@forbes.com
281,Russ,Meran,rmeran7s@clickbank.net,M,rmeran7s@clickbank.net
282,Frances,Annakin,fannakin7t@studiopress.com,F,fannakin7t@studiopress.com
283,Augustina,Greenwood,agreenwood7u@cafepress.com,F,agreenwood7u@cafepress.com
284,Dew,Attaway,dattaway7v@prweb.com,M,dattaway7v@prweb.com
285,Sybille,Ghidetti,sghidetti7w@msu.edu,F,sghidetti7w@msu.edu
286,Andy,Gyorgy,agyorgy7x@linkedin.com,M,agyorgy7x@linkedin.com
287,Shelly,Aggett,saggett7y@msn.com,F,saggett7y@msn.com
288,Cristine,Wyldbore,cwyldbore7z@php.net,F,cwyldbore7z@php.net
289,Harley,Castelain,hcastelain80@sina.com.cn,M,hcastelain80@sina.com.cn
290,Fred,Toler,ftoler81@joomla.org,M,ftoler81@joomla.org
291,Mattie,Tottle,mtottle82@wikimedia.org,F,mtottle82@wikimedia.org
292,Paolo,MacMillan,pmacmillan83@xrea.com,M,pmacmillan83@xrea.com
293,Ophelie,Storror,ostorror84@miibeian.gov.cn,F,ostorror84@miibeian.gov.cn
294,Ede,Ruscoe,eruscoe85@infoseek.co.jp,F,eruscoe85@infoseek.co.jp
295,Bernadine,Dare,bdare86@over-blog.com,F,bdare86@over-blog.com
296,Xena,Hinckley,xhinckley87@cdbaby.com,F,xhinckley87@cdbaby.com
297,Bridie,McCrillis,bmccrillis88@phoca.cz,F,bmccrillis88@phoca.cz
298,Tuckie,Lendrem,tlendrem89@yolasite.com,M,tlendrem89@yolasite.com
299,John,Claussen,jclaussen8a@cloudflare.com,M,jclaussen8a@cloudflare.com
300,Darell,Butterwick,dbutterwick8b@ucla.edu,F,dbutterwick8b@ucla.edu
301,Othella,Hudspith,ohudspith8c@ca.gov,F,ohudspith8c@ca.gov
302,Silvie,Davidzon,sdavidzon8d@free.fr,F,sdavidzon8d@free.fr
303,Natalina,Branchett,nbranchett8e@imageshack.us,F,nbranchett8e@imageshack.us
304,Whitby,O'Geaney,wogeaney8f@dedecms.com,M,wogeaney8f@dedecms.com
305,Odell,Simionescu,osimionescu8g@yale.edu,M,osimionescu8g@yale.edu
306,Carlin,Spackman,cspackman8h@ezinearticles.com,F,cspackman8h@ezinearticles.com
307,Blondy,Wyon,bwyon8i@miitbeian.gov.cn,F,bwyon8i@miitbeian.gov.cn
308,Maria,Applewhaite,mapplewhaite8j@flavors.me,F,mapplewhaite8j@flavors.me
309,Moss,Patient,mpatient8k@webeden.co.uk,M,mpatient8k@webeden.co.uk
310,Wittie,Colebeck,wcolebeck8l@elegantthemes.com,M,wcolebeck8l@elegantthemes.com
311,Jenica,Cristoforetti,jcristoforetti8m@example.com,F,jcristoforetti8m@example.com
312,Viki,Puddin,vpuddin8n@plala.or.jp,F,vpuddin8n@plala.or.jp
313,Di,O'Sesnane,dosesnane8o@marketwatch.com,F,dosesnane8o@marketwatch.com
314,Ebenezer,Antoney,eantoney8p@hibu.com,M,eantoney8p@hibu.com
315,Leupold,Apthorpe,lapthorpe8q@tmall.com,M,lapthorpe8q@tmall.com
316,Hanny,Shave,hshave8r@boston.com,F,hshave8r@boston.com
317,Sergei,Stripling,sstripling8s@printfriendly.com,M,sstripling8s@printfriendly.com
318,Anallese,Bollis,abollis8t@oakley.com,F,abollis8t@oakley.com
319,Tobe,Carverhill,tcarverhill8u@bloomberg.com,M,tcarverhill8u@bloomberg.com
320,Mart,Railton,mrailton8v@nytimes.com,M,mrailton8v@nytimes.com
321,Kelbee,Zecchini,kzecchini8w@imdb.com,M,kzecchini8w@imdb.com
322,Cinda,Aronovitz,caronovitz8x@163.com,F,caronovitz8x@163.com
323,Nikolaus,Hyslop,nhyslop8y@accuweather.com,M,nhyslop8y@accuweather.com
324,Konstance,Wycliffe,kwycliffe8z@dropbox.com,F,kwycliffe8z@dropbox.com
325,Marsh,Bould,mbould90@cdc.gov,M,mbould90@cdc.gov
326,Nestor,Dormer,ndormer91@google.ru,M,ndormer91@google.ru
327,Lorne,Work,lwork92@lulu.com,F,lwork92@lulu.com
328,Currey,Holme,cholme93@google.com.au,M,cholme93@google.com.au
329,Fidelity,Marquot,fmarquot94@cornell.edu,F,fmarquot94@cornell.edu
330,Loralee,McKeighan,lmckeighan95@google.fr,F,lmckeighan95@google.fr
331,Erich,Ungerechts,eungerechts96@wikimedia.org,M,eungerechts96@wikimedia.org
332,Ignaz,O'Crevan,iocrevan97@nih.gov,M,iocrevan97@nih.gov
333,Iorgo,Dowers,idowers98@nasa.gov,M,idowers98@nasa.gov
334,Issi,Salatino,isalatino99@wsj.com,F,isalatino99@wsj.com
335,Antonin,Leabeater,aleabeater9a@vistaprint.com,M,aleabeater9a@vistaprint.com
336,Delila,Becerro,dbecerro9b@ed.gov,F,dbecerro9b@ed.gov
337,Leila,Gergler,lgergler9c@intel.com,F,lgergler9c@intel.com
338,Domenico,Kitcatt,dkitcatt9d@discuz.net,M,dkitcatt9d@discuz.net
339,Morgan,Redpath,mredpath9e@businessweek.com,M,mredpath9e@businessweek.com
340,Evie,Clutton,eclutton9f@google.com.hk,F,eclutton9f@google.com.hk
341,Johny,Schechter,jschechter9g@senate.gov,M,jschechter9g@senate.gov
342,Rivkah,McElory,rmcelory9h@dedecms.com,F,rmcelory9h@dedecms.com
343,Vikki,Hannaford,vhannaford9i@seesaa.net,F,vhannaford9i@seesaa.net
344,Darnall,Uc,duc9j@imageshack.us,M,duc9j@imageshack.us
345,Nelson,Woolcocks,nwoolcocks9k@spotify.com,M,nwoolcocks9k@spotify.com
346,Jeremy,Eccersley,jeccersley9l@shinystat.com,M,jeccersley9l@shinystat.com
347,Reginauld,Bletcher,rbletcher9m@google.it,M,rbletcher9m@google.it
348,Fergus,Bows,fbows9n@ucsd.edu,M,fbows9n@ucsd.edu
349,Pascal,Dilrew,pdilrew9o@phpbb.com,M,pdilrew9o@phpbb.com
350,Rubin,Koop,rkoop9p@bluehost.com,M,rkoop9p@bluehost.com
351,Iorgo,Ruddell,iruddell9q@github.com,M,iruddell9q@github.com
352,Ebenezer,Jimes,ejimes9r@youtube.com,M,ejimes9r@youtube.com
353,Francesca,Bretherton,fbretherton9s@gov.uk,F,fbretherton9s@gov.uk
354,Betteann,Dalloway,bdalloway9t@dyndns.org,F,bdalloway9t@dyndns.org
355,Cheslie,Edridge,cedridge9u@buzzfeed.com,F,cedridge9u@buzzfeed.com
356,Correy,St Louis,cstlouis9v@discuz.net,M,cstlouis9v@discuz.net
357,Gregoor,Dietmar,gdietmar9w@uol.com.br,M,gdietmar9w@uol.com.br
358,Jethro,Troup,jtroup9x@cam.ac.uk,M,jtroup9x@cam.ac.uk
359,Fleurette,Bolwell,fbolwell9y@biglobe.ne.jp,F,fbolwell9y@biglobe.ne.jp
360,Humfrey,Greedier,hgreedier9z@theatlantic.com,M,hgreedier9z@theatlantic.com
361,Midge,Stollberg,mstollberga0@statcounter.com,F,mstollberga0@statcounter.com
362,Cassandre,Dilley,cdilleya1@soup.io,F,cdilleya1@soup.io
363,Bridgette,Rewbottom,brewbottoma2@tinyurl.com,F,brewbottoma2@tinyurl.com
364,Georgetta,Spender,gspendera3@prweb.com,F,gspendera3@prweb.com
365,Ole,Outright,ooutrighta4@smh.com.au,M,ooutrighta4@smh.com.au
366,Bill,Labat,blabata5@friendfeed.com,F,blabata5@friendfeed.com
367,Rosmunda,Jerrans,rjerransa6@usa.gov,F,rjerransa6@usa.gov
368,Morgen,Hiskey,mhiskeya7@ucsd.edu,M,mhiskeya7@ucsd.edu
369,Ingaberg,Buist,ibuista8@techcrunch.com,F,ibuista8@techcrunch.com
370,Marigold,Hegerty,mhegertya9@wunderground.com,F,mhegertya9@wunderground.com
371,Izak,Greyes,igreyesaa@skype.com,M,igreyesaa@skype.com
372,Mamie,Adnett,madnettab@unicef.org,F,madnettab@unicef.org
373,Agneta,Iozefovich,aiozefovichac@etsy.com,F,aiozefovichac@etsy.com
374,Aile,Impy,aimpyad@weibo.com,F,aimpyad@weibo.com
375,Page,Bick,pbickae@hibu.com,F,pbickae@hibu.com
376,Anett,Dorrian,adorrianaf@baidu.com,F,adorrianaf@baidu.com
377,Suzy,Hankinson,shankinsonag@webs.com,F,shankinsonag@webs.com
378,Emelina,Klagge,eklaggeah@elegantthemes.com,F,eklaggeah@elegantthemes.com
379,Fenelia,Naughton,fnaughtonai@illinois.edu,F,fnaughtonai@illinois.edu
380,Lani,Battabee,lbattabeeaj@blogtalkradio.com,F,lbattabeeaj@blogtalkradio.com
381,Stephannie,O Mullen,somullenak@alexa.com,F,somullenak@alexa.com
382,Abdel,Scarce,ascarceal@un.org,M,ascarceal@un.org
383,Odille,Aviss,oavissam@merriam-webster.com,F,oavissam@merriam-webster.com
384,Gabriellia,Duckfield,gduckfieldan@earthlink.net,F,gduckfieldan@earthlink.net
385,Ernaline,Leggate,eleggateao@icq.com,F,eleggateao@icq.com
386,Consuela,Macieja,cmaciejaap@auda.org.au,F,cmaciejaap@auda.org.au
387,Leland,Mayston,lmaystonaq@xing.com,M,lmaystonaq@xing.com
388,Cleveland,Thicking,cthickingar@skyrock.com,M,cthickingar@skyrock.com
389,Barbi,Lorimer,blorimeras@bbb.org,F,blorimeras@bbb.org
390,Bree,Hercules,bherculesat@instagram.com,F,bherculesat@instagram.com
391,Stephani,Pestor,spestorau@uol.com.br,F,spestorau@uol.com.br
392,Vilhelmina,Handover,vhandoverav@cbslocal.com,F,vhandoverav@cbslocal.com
393,Hilliard,Adanet,hadanetaw@economist.com,M,hadanetaw@economist.com
394,Sela,Gauson,sgausonax@independent.co.uk,F,sgausonax@independent.co.uk
395,Emmerich,Kirtley,ekirtleyay@samsung.com,M,ekirtleyay@samsung.com
396,Valentia,Curnock,vcurnockaz@usgs.gov,F,vcurnockaz@usgs.gov
397,Gerik,Dochon,gdochonb0@godaddy.com,M,gdochonb0@godaddy.com
398,Cami,Golden,cgoldenb1@wufoo.com,F,cgoldenb1@wufoo.com
399,Jourdain,McPeeters,jmcpeetersb2@yale.edu,M,jmcpeetersb2@yale.edu
400,Timi,Huddles,thuddlesb3@jiathis.com,F,thuddlesb3@jiathis.com
401,Debra,Stapford,dstapfordb4@yahoo.co.jp,F,dstapfordb4@yahoo.co.jp
402,Aldridge,Covotti,acovottib5@answers.com,M,acovottib5@answers.com
403,Stella,Pheby,sphebyb6@gov.uk,F,sphebyb6@gov.uk
404,Cordelie,Glacken,cglackenb7@hexun.com,F,cglackenb7@hexun.com
405,Fraser,Lis,flisb8@time.com,M,flisb8@time.com
406,Delores,Ixer,dixerb9@aboutads.info,F,dixerb9@aboutads.info
407,Shea,Theze,sthezeba@amazon.co.uk,F,sthezeba@amazon.co.uk
408,Natty,Iamittii,niamittiibb@admin.ch,F,niamittiibb@admin.ch
409,Rivkah,MacMakin,rmacmakinbc@bravesites.com,F,rmacmakinbc@bravesites.com
410,Early,Biglin,ebiglinbd@independent.co.uk,M,ebiglinbd@independent.co.uk
411,Perle,Geistbeck,pgeistbeckbe@fotki.com,F,pgeistbeckbe@fotki.com
412,Rickie,Gorler,rgorlerbf@yellowbook.com,M,rgorlerbf@yellowbook.com
413,Hettie,Youll,hyoullbg@ask.com,F,hyoullbg@ask.com
414,Yelena,Croux,ycrouxbh@is.gd,F,ycrouxbh@is.gd
415,Gregory,Berg,gbergbi@icq.com,M,gbergbi@icq.com
416,Herculie,Habershaw,hhabershawbj@meetup.com,M,hhabershawbj@meetup.com
417,Skippie,Marshal,smarshalbk@ow.ly,M,smarshalbk@ow.ly
418,Kareem,Dur,kdurbl@dyndns.org,M,kdurbl@dyndns.org
419,Davidde,Reddlesden,dreddlesdenbm@surveymonkey.com,M,dreddlesdenbm@surveymonkey.com
420,Dani,McTeer,dmcteerbn@163.com,M,dmcteerbn@163.com
421,Xerxes,Keyworth,xkeyworthbo@ning.com,M,xkeyworthbo@ning.com
422,Matelda,Izakson,mizaksonbp@wired.com,F,mizaksonbp@wired.com
423,Stan,Bittleson,sbittlesonbq@ucsd.edu,M,sbittlesonbq@ucsd.edu
424,Guenevere,Mosby,gmosbybr@gov.uk,F,gmosbybr@gov.uk
425,Donica,Glasner,dglasnerbs@hostgator.com,F,dglasnerbs@hostgator.com
426,Dante,Monnelly,dmonnellybt@t-online.de,M,dmonnellybt@t-online.de
427,Aharon,Guarin,aguarinbu@lycos.com,M,aguarinbu@lycos.com
428,Jessa,Older,jolderbv@craigslist.org,F,jolderbv@craigslist.org
429,Heddie,Rignall,hrignallbw@illinois.edu,F,hrignallbw@illinois.edu
430,Anastasia,Banford,abanfordbx@mtv.com,F,abanfordbx@mtv.com
431,Kittie,Beebis,kbeebisby@e-recht24.de,F,kbeebisby@e-recht24.de
432,Tabitha,Billany,tbillanybz@pbs.org,F,tbillanybz@pbs.org
433,Reube,McNalley,rmcnalleyc0@sourceforge.net,M,rmcnalleyc0@sourceforge.net
434,Caren,Roakes,croakesc1@altervista.org,F,croakesc1@altervista.org
435,Carmencita,Umbert,cumbertc2@apple.com,F,cumbertc2@apple.com
436,Corney,Bruhn,cbruhnc3@vimeo.com,M,cbruhnc3@vimeo.com
437,Amby,Fettiplace,afettiplacec4@tamu.edu,M,afettiplacec4@tamu.edu
438,Kitti,Thombleson,kthomblesonc5@bbc.co.uk,F,kthomblesonc5@bbc.co.uk
439,Vergil,Vasyatkin,vvasyatkinc6@flavors.me,M,vvasyatkinc6@flavors.me
440,Kim,Sessions,ksessionsc7@pbs.org,F,ksessionsc7@pbs.org
441,Wash,Pavek,wpavekc8@mail.ru,M,wpavekc8@mail.ru
442,Luke,Mangeney,lmangeneyc9@slate.com,M,lmangeneyc9@slate.com
443,Nikolaos,Farres,nfarresca@creativecommons.org,M,nfarresca@creativecommons.org
444,Lory,Lathey,llatheycb@creativecommons.org,F,llatheycb@creativecommons.org
445,Smith,Domnick,sdomnickcc@army.mil,M,sdomnickcc@army.mil
446,Glen,Mattholie,gmattholiecd@jimdo.com,M,gmattholiecd@jimdo.com
447,Lee,Ace,lacece@chicagotribune.com,M,lacece@chicagotribune.com
448,Holmes,Santi,hsanticf@sogou.com,M,hsanticf@sogou.com
449,Garrek,Brahmer,gbrahmercg@sakura.ne.jp,M,gbrahmercg@sakura.ne.jp
450,Niko,Lippi,nlippich@vinaora.com,M,nlippich@vinaora.com
451,Palmer,Crosdill,pcrosdillci@live.com,M,pcrosdillci@live.com
452,Anthea,Colby,acolbycj@dagondesign.com,F,acolbycj@dagondesign.com
453,Travus,Everett,teverettck@japanpost.jp,M,teverettck@japanpost.jp
454,Adelind,Odde,aoddecl@indiatimes.com,F,aoddecl@indiatimes.com
455,Hercule,Chesworth,hchesworthcm@stumbleupon.com,M,hchesworthcm@stumbleupon.com
456,Jerrold,Stithe,jstithecn@histats.com,M,jstithecn@histats.com
457,Nessy,Fullstone,nfullstoneco@reverbnation.com,F,nfullstoneco@reverbnation.com
458,Berny,Leaming,bleamingcp@ameblo.jp,F,bleamingcp@ameblo.jp
459,Trescha,Flode,tflodecq@tiny.cc,F,tflodecq@tiny.cc
460,Maryanna,Iskowitz,miskowitzcr@wunderground.com,F,miskowitzcr@wunderground.com
461,Kaila,Cogdon,kcogdoncs@mit.edu,F,kcogdoncs@mit.edu
462,Jerome,Broomfield,jbroomfieldct@newyorker.com,M,jbroomfieldct@newyorker.com
463,Gwendolin,Champerlen,gchamperlencu@blog.com,F,gchamperlencu@blog.com
464,Chris,Lennarde,clennardecv@pcworld.com,M,clennardecv@pcworld.com
465,Alfie,Rainbird,arainbirdcw@jiathis.com,M,arainbirdcw@jiathis.com
466,Pierson,Pedreschi,ppedreschicx@naver.com,M,ppedreschicx@naver.com
467,Burke,Bartalini,bbartalinicy@flickr.com,M,bbartalinicy@flickr.com
468,Chrissie,Schwerin,cschwerincz@mysql.com,F,cschwerincz@mysql.com
469,Shay,Sheer,ssheerd0@exblog.jp,M,ssheerd0@exblog.jp
470,Orv,Buffham,obuffhamd1@jigsy.com,M,obuffhamd1@jigsy.com
471,Pattie,Weaben,pweabend2@mlb.com,M,pweabend2@mlb.com
472,Helaina,Brandenberg,hbrandenbergd3@marketwatch.com,F,hbrandenbergd3@marketwatch.com
473,Esme,Hyslop,ehyslopd4@imageshack.us,F,ehyslopd4@imageshack.us
474,Jonathan,Kilban,jkilband5@usda.gov,M,jkilband5@usda.gov
475,Denver,Fay,dfayd6@devhub.com,M,dfayd6@devhub.com
476,Latisha,Stapleton,lstapletond7@ask.com,F,lstapletond7@ask.com
477,Tessi,Allright,tallrightd8@imdb.com,F,tallrightd8@imdb.com
478,Merrile,Helks,mhelksd9@spiegel.de,F,mhelksd9@spiegel.de
479,Parke,Gudyer,pgudyerda@tripadvisor.com,M,pgudyerda@tripadvisor.com
480,Babita,Beneteau,bbeneteaudb@omniture.com,F,bbeneteaudb@omniture.com
481,Harlen,Bamlet,hbamletdc@salon.com,M,hbamletdc@salon.com
482,Eugene,Carsey,ecarseydd@reference.com,M,ecarseydd@reference.com
483,Mitch,Gwillym,mgwillymde@sun.com,M,mgwillymde@sun.com
484,Chalmers,Kleanthous,ckleanthousdf@economist.com,M,ckleanthousdf@economist.com
485,Shoshana,Ithell,sithelldg@state.gov,F,sithelldg@state.gov
486,Alison,Castellone,acastellonedh@goo.gl,F,acastellonedh@goo.gl
487,Ezri,Maskew,emaskewdi@shinystat.com,M,emaskewdi@shinystat.com
488,Alexi,Eighteen,aeighteendj@odnoklassniki.ru,F,aeighteendj@odnoklassniki.ru
489,Darn,Farnhill,dfarnhilldk@posterous.com,M,dfarnhilldk@posterous.com
490,Lionel,Saenz,lsaenzdl@nhs.uk,M,lsaenzdl@nhs.uk
491,Stefa,Hirjak,shirjakdm@themeforest.net,F,shirjakdm@themeforest.net
492,Pasquale,Loney,ploneydn@pinterest.com,M,ploneydn@pinterest.com
493,Libby,Ochiltree,lochiltreedo@usgs.gov,F,lochiltreedo@usgs.gov
494,Artemas,Dorsey,adorseydp@g.co,M,adorseydp@g.co
495,Alyda,Dougherty,adoughertydq@google.com.au,F,adoughertydq@google.com.au
496,Irving,Benazet,ibenazetdr@toplist.cz,M,ibenazetdr@toplist.cz
497,Barris,Deinhard,bdeinhardds@gravatar.com,M,bdeinhardds@gravatar.com
498,Gerry,Sidebotham,gsidebothamdt@about.me,F,gsidebothamdt@about.me
499,Sutton,Springer,sspringerdu@blogs.com,M,sspringerdu@blogs.com
500,Suzette,Autry,sautrydv@pinterest.com,F,sautrydv@pinterest.com
501,Richart,Glenn,rglenndw@sogou.com,M,rglenndw@sogou.com
502,Billye,Ody,bodydx@lycos.com,F,bodydx@lycos.com
503,Lester,Mole,lmoledy@nymag.com,M,lmoledy@nymag.com
504,Hynda,Leroy,hleroydz@whitehouse.gov,F,hleroydz@whitehouse.gov
505,Federica,Coe,fcoee0@comcast.net,F,fcoee0@comcast.net
506,Nicolea,Gillino,ngillinoe1@pinterest.com,F,ngillinoe1@pinterest.com
507,Theodoric,MacPhail,tmacphaile2@ftc.gov,M,tmacphaile2@ftc.gov
508,Star,Wigmore,swigmoree3@vkontakte.ru,F,swigmoree3@vkontakte.ru
509,Reinaldos,Gellion,rgellione4@lulu.com,M,rgellione4@lulu.com
510,Travus,Ginity,tginitye5@google.nl,M,tginitye5@google.nl
511,Alden,Hailey,ahaileye6@lycos.com,M,ahaileye6@lycos.com
512,Athena,Pimbley,apimbleye7@multiply.com,F,apimbleye7@multiply.com
513,Maxie,Glassborow,mglassborowe8@newsvine.com,F,mglassborowe8@newsvine.com
514,Sibyl,Carabet,scarabete9@hexun.com,M,scarabete9@hexun.com
515,Brian,Maskall,bmaskallea@omniture.com,M,bmaskallea@omniture.com
516,Casandra,Crowson,ccrowsoneb@tiny.cc,F,ccrowsoneb@tiny.cc
517,Aldon,Beelby,abeelbyec@google.com.au,M,abeelbyec@google.com.au
518,Orbadiah,Shear,osheared@ucoz.com,M,osheared@ucoz.com
519,Tate,Anscott,tanscottee@plala.or.jp,F,tanscottee@plala.or.jp
520,Corissa,Wimbush,cwimbushef@technorati.com,F,cwimbushef@technorati.com
521,Goran,McGifford,gmcgiffordeg@rediff.com,M,gmcgiffordeg@rediff.com
522,Vic,Prime,vprimeeh@g.co,M,vprimeeh@g.co
523,Ed,Yokel,eyokelei@instagram.com,M,eyokelei@instagram.com
524,Renelle,Lyman,rlymanej@admin.ch,F,rlymanej@admin.ch
525,Ema,Sidery,esideryek@buzzfeed.com,F,esideryek@buzzfeed.com
526,Raven,Barrim,rbarrimel@123-reg.co.uk,F,rbarrimel@123-reg.co.uk
527,Albrecht,Norsister,anorsisterem@ucoz.com,M,anorsisterem@ucoz.com
528,Clemence,Feathers,cfeathersen@about.me,F,cfeathersen@about.me
529,Margery,Abrahmer,mabrahmereo@addthis.com,F,mabrahmereo@addthis.com
530,Nari,Foulgham,nfoulghamep@behance.net,F,nfoulghamep@behance.net
531,Zedekiah,Mazey,zmazeyeq@un.org,M,zmazeyeq@un.org
532,Nikaniki,MacTrustram,nmactrustramer@webnode.com,F,nmactrustramer@webnode.com
533,Selma,Lammert,slammertes@google.com.hk,F,slammertes@google.com.hk
534,Kendra,Duckels,kduckelset@shinystat.com,F,kduckelset@shinystat.com
535,Candra,Lenthall,clenthalleu@wp.com,F,clenthalleu@wp.com
536,Bessie,Stellin,bstellinev@miibeian.gov.cn,F,bstellinev@miibeian.gov.cn
537,Normie,Burnhard,nburnhardew@nbcnews.com,M,nburnhardew@nbcnews.com
538,Michel,McChesney,mmcchesneyex@yahoo.co.jp,F,mmcchesneyex@yahoo.co.jp
539,Bryn,Gilfoyle,bgilfoyleey@gravatar.com,F,bgilfoyleey@gravatar.com
540,Angus,Braitling,abraitlingez@soup.io,M,abraitlingez@soup.io
541,Sheelagh,Mixer,smixerf0@icq.com,F,smixerf0@icq.com
542,Brigit,Jope,bjopef1@constantcontact.com,F,bjopef1@constantcontact.com
543,Editha,Ledley,eledleyf2@mashable.com,F,eledleyf2@mashable.com
544,Kaine,Barden,kbardenf3@desdev.cn,M,kbardenf3@desdev.cn
545,Marcelle,Newby,mnewbyf4@mtv.com,F,mnewbyf4@mtv.com
546,Ester,Balaizot,ebalaizotf5@360.cn,F,ebalaizotf5@360.cn
547,Cinnamon,Pickerell,cpickerellf6@latimes.com,F,cpickerellf6@latimes.com
548,Ede,Tuminini,etumininif7@ox.ac.uk,F,etumininif7@ox.ac.uk
549,Sibbie,Iorio,sioriof8@slashdot.org,F,sioriof8@slashdot.org
550,Ezekiel,Doust,edoustf9@comcast.net,M,edoustf9@comcast.net
551,Quinton,Eggleson,qegglesonfa@smugmug.com,M,qegglesonfa@smugmug.com
552,Ida,McDavid,imcdavidfb@foxnews.com,F,imcdavidfb@foxnews.com
553,Shelden,Tomes,stomesfc@mozilla.org,M,stomesfc@mozilla.org
554,Roth,Goodbody,rgoodbodyfd@nasa.gov,M,rgoodbodyfd@nasa.gov
555,Kaile,Godding,kgoddingfe@foxnews.com,F,kgoddingfe@foxnews.com
556,Joe,Von Der Empten,jvonderemptenff@engadget.com,M,jvonderemptenff@engadget.com
557,Janel,Hoopper,jhoopperfg@fastcompany.com,F,jhoopperfg@fastcompany.com
558,Torie,Cory,tcoryfh@123-reg.co.uk,F,tcoryfh@123-reg.co.uk
559,Salvador,Bazoche,sbazochefi@hc360.com,M,sbazochefi@hc360.com
560,Martica,Luchetti,mluchettifj@hc360.com,F,mluchettifj@hc360.com
561,Anallise,Lavallie,alavalliefk@slashdot.org,F,alavalliefk@slashdot.org
562,Katrina,Fontenot,kfontenotfl@icio.us,F,kfontenotfl@icio.us
563,Willdon,Pullen,wpullenfm@mac.com,M,wpullenfm@mac.com
564,Valentine,Ruprecht,vruprechtfn@japanpost.jp,M,vruprechtfn@japanpost.jp
565,Elmo,Slyvester,eslyvesterfo@accuweather.com,M,eslyvesterfo@accuweather.com
566,Dirk,Reis,dreisfp@privacy.gov.au,M,dreisfp@privacy.gov.au
567,Starr,Dalgarnowch,sdalgarnowchfq@cmu.edu,F,sdalgarnowchfq@cmu.edu
568,Bari,Book,bbookfr@chron.com,F,bbookfr@chron.com
569,Aloise,Artois,aartoisfs@utexas.edu,F,aartoisfs@utexas.edu
570,Atalanta,Von Helmholtz,avonhelmholtzft@nytimes.com,F,avonhelmholtzft@nytimes.com
571,Bessie,Rickarsey,brickarseyfu@tripadvisor.com,F,brickarseyfu@tripadvisor.com
572,Abbe,Clarkin,aclarkinfv@apple.com,M,aclarkinfv@apple.com
573,Vernor,Monget,vmongetfw@goodreads.com,M,vmongetfw@goodreads.com
574,Grantley,Hepher,ghepherfx@craigslist.org,M,ghepherfx@craigslist.org
575,Daffie,Clewlow,dclewlowfy@salon.com,F,dclewlowfy@salon.com
576,Vaughan,Verna,vvernafz@jugem.jp,M,vvernafz@jugem.jp
577,Julietta,Jennaroy,jjennaroyg0@google.ru,F,jjennaroyg0@google.ru
578,Alissa,Rosenau,arosenaug1@linkedin.com,F,arosenaug1@linkedin.com
579,Briano,Tison,btisong2@constantcontact.com,M,btisong2@constantcontact.com
580,Natalee,Potteril,npotterilg3@macromedia.com,F,npotterilg3@macromedia.com
581,Leila,Bon,lbong4@va.gov,F,lbong4@va.gov
582,Jasmina,Salvador,jsalvadorg5@chicagotribune.com,F,jsalvadorg5@chicagotribune.com
583,Lexis,Parvin,lparving6@google.pl,F,lparving6@google.pl
584,Fara,Kyston,fkystong7@phoca.cz,F,fkystong7@phoca.cz
585,Fabio,Buckam,fbuckamg8@ibm.com,M,fbuckamg8@ibm.com
586,Boothe,Hamshaw,bhamshawg9@scientificamerican.com,M,bhamshawg9@scientificamerican.com
587,Pierce,Mathou,pmathouga@cnbc.com,M,pmathouga@cnbc.com
588,Ainslee,de Glanville,adeglanvillegb@dell.com,F,adeglanvillegb@dell.com
589,Matthaeus,Horley,mhorleygc@fema.gov,M,mhorleygc@fema.gov
590,Glori,Spybey,gspybeygd@oakley.com,F,gspybeygd@oakley.com
591,Adrianna,Tomenson,atomensonge@usatoday.com,F,atomensonge@usatoday.com
592,Agna,Barme,abarmegf@ted.com,F,abarmegf@ted.com
593,Sheena,Marty,smartygg@rediff.com,F,smartygg@rediff.com
594,Aime,Schops,aschopsgh@answers.com,F,aschopsgh@answers.com
595,Hestia,Yates,hyatesgi@google.fr,F,hyatesgi@google.fr
596,Sarge,Olech,solechgj@theatlantic.com,M,solechgj@theatlantic.com
597,Indira,Fiennes,ifiennesgk@blinklist.com,F,ifiennesgk@blinklist.com
598,Bev,Tombling,btomblinggl@ehow.com,F,btomblinggl@ehow.com
599,Daren,Galle,dgallegm@weebly.com,M,dgallegm@weebly.com
600,Fancie,Van der Brug,fvanderbruggn@godaddy.com,F,fvanderbruggn@godaddy.com
601,Alie,Nansom,anansomgo@nsw.gov.au,F,anansomgo@nsw.gov.au
602,Val,Jann,vjanngp@bloomberg.com,M,vjanngp@bloomberg.com
603,Wilhelmina,Starling,wstarlinggq@miitbeian.gov.cn,F,wstarlinggq@miitbeian.gov.cn
604,Rhianon,Farquhar,rfarquhargr@google.com,F,rfarquhargr@google.com
605,Dee,Whenham,dwhenhamgs@ifeng.com,F,dwhenhamgs@ifeng.com
606,Lyndsey,Bellow,lbellowgt@blogtalkradio.com,F,lbellowgt@blogtalkradio.com
607,Zea,Housegoe,zhousegoegu@deliciousdays.com,F,zhousegoegu@deliciousdays.com
608,Karlis,Ioselevich,kioselevichgv@java.com,M,kioselevichgv@java.com
609,Lynnea,Warn,lwarngw@g.co,F,lwarngw@g.co
610,Lance,McCombe,lmccombegx@google.com,M,lmccombegx@google.com
611,Di,Meckiff,dmeckiffgy@nba.com,F,dmeckiffgy@nba.com
612,Jacklyn,Baal,jbaalgz@is.gd,F,jbaalgz@is.gd
613,Robinson,Lawler,rlawlerh0@freewebs.com,M,rlawlerh0@freewebs.com
614,Aile,Guillford,aguillfordh1@springer.com,F,aguillfordh1@springer.com
615,Cassey,Silburn,csilburnh2@xing.com,F,csilburnh2@xing.com
616,Bar,Chelnam,bchelnamh3@sphinn.com,M,bchelnamh3@sphinn.com
617,Reggis,Stolberger,rstolbergerh4@ucoz.ru,M,rstolbergerh4@ucoz.ru
618,Myrwyn,Greenmon,mgreenmonh5@epa.gov,M,mgreenmonh5@epa.gov
619,Far,Harrinson,fharrinsonh6@smugmug.com,M,fharrinsonh6@smugmug.com
620,Virge,Lalonde,vlalondeh7@angelfire.com,M,vlalondeh7@angelfire.com
621,Rodger,O'Bradain,robradainh8@etsy.com,M,robradainh8@etsy.com
622,Derby,O'Glessane,doglessaneh9@house.gov,M,doglessaneh9@house.gov
623,Suzanne,Wanless,swanlessha@globo.com,F,swanlessha@globo.com
624,Maxine,McCourt,mmccourthb@yelp.com,F,mmccourthb@yelp.com
625,Gabriellia,Labuschagne,glabuschagnehc@livejournal.com,F,glabuschagnehc@livejournal.com
626,Dawna,O'Shiel,doshielhd@ucsd.edu,F,doshielhd@ucsd.edu
627,Gilbertine,Rachuig,grachuighe@51.la,F,grachuighe@51.la
628,Sherman,Spradbrow,sspradbrowhf@cpanel.net,M,sspradbrowhf@cpanel.net
629,Annalee,Dirr,adirrhg@tiny.cc,F,adirrhg@tiny.cc
630,Saidee,Minshall,sminshallhh@virginia.edu,F,sminshallhh@virginia.edu
631,Adena,Pickring,apickringhi@google.com,F,apickringhi@google.com
632,Patty,Jean,pjeanhj@abc.net.au,M,pjeanhj@abc.net.au
633,Idell,Vidgeon,ividgeonhk@usa.gov,F,ividgeonhk@usa.gov
634,Cherianne,Petrushanko,cpetrushankohl@ebay.com,F,cpetrushankohl@ebay.com
635,Jacki,Barbery,jbarberyhm@elegantthemes.com,F,jbarberyhm@elegantthemes.com
636,Thibaut,Mottinelli,tmottinellihn@amazon.de,M,tmottinellihn@amazon.de
637,Marrilee,Thirst,mthirstho@ustream.tv,F,mthirstho@ustream.tv
638,Jed,Tome,jtomehp@stanford.edu,M,jtomehp@stanford.edu
639,Allyn,Gutman,agutmanhq@ucsd.edu,M,agutmanhq@ucsd.edu
640,Chen,Daniely,cdanielyhr@rakuten.co.jp,M,cdanielyhr@rakuten.co.jp
641,Bruce,Maskelyne,bmaskelynehs@bizjournals.com,M,bmaskelynehs@bizjournals.com
642,Frans,Stores,fstoresht@dot.gov,M,fstoresht@dot.gov
643,Ervin,Giller,egillerhu@europa.eu,M,egillerhu@europa.eu
644,Currey,Jamson,cjamsonhv@youku.com,M,cjamsonhv@youku.com
645,Dacie,Underdown,dunderdownhw@usnews.com,F,dunderdownhw@usnews.com
646,Elva,Shergill,eshergillhx@samsung.com,F,eshergillhx@samsung.com
647,Kelsey,Fishly,kfishlyhy@dell.com,F,kfishlyhy@dell.com
648,Cyrillus,Union,cunionhz@desdev.cn,M,cunionhz@desdev.cn
649,Ruthie,McTeer,rmcteeri0@uol.com.br,F,rmcteeri0@uol.com.br
650,Everett,Lendrem,elendremi1@weebly.com,M,elendremi1@weebly.com
651,Tamas,Boram,tborami2@webeden.co.uk,M,tborami2@webeden.co.uk
652,Allene,Urien,aurieni3@dion.ne.jp,F,aurieni3@dion.ne.jp
653,Adler,Aguirrezabala,aaguirrezabalai4@ifeng.com,M,aaguirrezabalai4@ifeng.com
654,Lissa,Pietzker,lpietzkeri5@edublogs.org,F,lpietzkeri5@edublogs.org
655,Mikel,Bavester,mbavesteri6@sphinn.com,M,mbavesteri6@sphinn.com
656,Thom,Seak,tseaki7@timesonline.co.uk,M,tseaki7@timesonline.co.uk
657,Laurianne,Ainscow,lainscowi8@usatoday.com,F,lainscowi8@usatoday.com
658,Arnaldo,Dace,adacei9@npr.org,M,adacei9@npr.org
659,June,Uwins,juwinsia@163.com,F,juwinsia@163.com
660,Joelynn,Hubbard,jhubbardib@typepad.com,F,jhubbardib@typepad.com
661,Ruthanne,Ikin,rikinic@skype.com,F,rikinic@skype.com
662,Nolan,Jehaes,njehaesid@sciencedaily.com,M,njehaesid@sciencedaily.com
663,Tabatha,Caven,tcavenie@princeton.edu,F,tcavenie@princeton.edu
664,Darnell,Simes,dsimesif@tinyurl.com,M,dsimesif@tinyurl.com
665,Otha,Nabbs,onabbsig@bbc.co.uk,F,onabbsig@bbc.co.uk
666,Halette,Livock,hlivockih@github.com,F,hlivockih@github.com
667,Evy,Corragan,ecorraganii@blogger.com,F,ecorraganii@blogger.com
668,Tatiania,Gaytor,tgaytorij@exblog.jp,F,tgaytorij@exblog.jp
669,Waiter,Boatwright,wboatwrightik@rediff.com,M,wboatwrightik@rediff.com
670,Preston,Cherrett,pcherrettil@wikimedia.org,M,pcherrettil@wikimedia.org
671,Dominica,Pleaden,dpleadenim@ihg.com,F,dpleadenim@ihg.com
672,Olin,Cregan,ocreganin@furl.net,M,ocreganin@furl.net
673,Garold,De Paoli,gdepaoliio@opensource.org,M,gdepaoliio@opensource.org
674,Nicky,Elloway,nellowayip@nih.gov,M,nellowayip@nih.gov
675,Isaiah,Shimony,ishimonyiq@hhs.gov,M,ishimonyiq@hhs.gov
676,Rayna,Huby,rhubyir@cnet.com,F,rhubyir@cnet.com
677,Caldwell,Bagot,cbagotis@google.co.jp,M,cbagotis@google.co.jp
678,Kingsley,Jerrans,kjerransit@simplemachines.org,M,kjerransit@simplemachines.org
679,Ronda,Tomicki,rtomickiiu@msn.com,F,rtomickiiu@msn.com
680,Umberto,Bankhurst,ubankhurstiv@prnewswire.com,M,ubankhurstiv@prnewswire.com
681,Waly,Ransley,wransleyiw@drupal.org,F,wransleyiw@drupal.org
682,Dorisa,Gradly,dgradlyix@furl.net,F,dgradlyix@furl.net
683,Ambur,Squibbes,asquibbesiy@wisc.edu,F,asquibbesiy@wisc.edu
684,Hadlee,Passey,hpasseyiz@123-reg.co.uk,M,hpasseyiz@123-reg.co.uk
685,Ashley,Teggin,ategginj0@google.es,M,ategginj0@google.es
686,Ximenez,Hobson,xhobsonj1@arstechnica.com,M,xhobsonj1@arstechnica.com
687,Gertrude,Wilber,gwilberj2@cdc.gov,F,gwilberj2@cdc.gov
688,Kennie,Romeo,kromeoj3@behance.net,M,kromeoj3@behance.net
689,Cherey,Phin,cphinj4@issuu.com,F,cphinj4@issuu.com
690,Chandler,Burgill,cburgillj5@merriam-webster.com,M,cburgillj5@merriam-webster.com
691,Ezechiel,Awde,eawdej6@bloomberg.com,M,eawdej6@bloomberg.com
692,Cecilla,Gozney,cgozneyj7@over-blog.com,F,cgozneyj7@over-blog.com
693,Juliann,Andrzejewski,jandrzejewskij8@mediafire.com,F,jandrzejewskij8@mediafire.com
694,Herve,Jinkin,hjinkinj9@exblog.jp,M,hjinkinj9@exblog.jp
695,Lamar,Swadon,lswadonja@sitemeter.com,M,lswadonja@sitemeter.com
696,Allis,Peres,aperesjb@networkadvertising.org,F,aperesjb@networkadvertising.org
697,Jodie,Quinnelly,jquinnellyjc@mozilla.org,F,jquinnellyjc@mozilla.org
698,Marti,Bebbington,mbebbingtonjd@chicagotribune.com,F,mbebbingtonjd@chicagotribune.com
699,Krystal,Zanni,kzannije@paginegialle.it,F,kzannije@paginegialle.it
700,Tomlin,Aizikov,taizikovjf@theguardian.com,M,taizikovjf@theguardian.com
701,Brade,Pelos,bpelosjg@gizmodo.com,M,bpelosjg@gizmodo.com
702,Laura,Prisk,lpriskjh@examiner.com,F,lpriskjh@examiner.com
703,Maisie,Pierrepoint,mpierrepointji@bandcamp.com,F,mpierrepointji@bandcamp.com
704,Reamonn,Larner,rlarnerjj@alibaba.com,M,rlarnerjj@alibaba.com
705,Isa,Schubert,ischubertjk@google.co.jp,M,ischubertjk@google.co.jp
706,Nessy,Bachelar,nbachelarjl@biblegateway.com,F,nbachelarjl@biblegateway.com
707,Killie,Kirlin,kkirlinjm@indiatimes.com,M,kkirlinjm@indiatimes.com
708,Nalani,Janeczek,njaneczekjn@hostgator.com,F,njaneczekjn@hostgator.com
709,Julieta,Langhorne,jlanghornejo@shareasale.com,F,jlanghornejo@shareasale.com
710,Biron,Sarchwell,bsarchwelljp@whitehouse.gov,M,bsarchwelljp@whitehouse.gov
711,Sandra,McGrady,smcgradyjq@angelfire.com,F,smcgradyjq@angelfire.com
712,Leonerd,Sisneros,lsisnerosjr@tiny.cc,M,lsisnerosjr@tiny.cc
713,Herculie,Canto,hcantojs@ucoz.ru,M,hcantojs@ucoz.ru
714,Hillier,Keilloh,hkeillohjt@devhub.com,M,hkeillohjt@devhub.com
715,Earlie,Lockier,elockierju@japanpost.jp,M,elockierju@japanpost.jp
716,Matthias,Haswell,mhaswelljv@ezinearticles.com,M,mhaswelljv@ezinearticles.com
717,Adler,Rosengart,arosengartjw@hibu.com,M,arosengartjw@hibu.com
718,Devina,Sievewright,dsievewrightjx@mail.ru,F,dsievewrightjx@mail.ru
719,Isidore,Wathan,iwathanjy@soup.io,M,iwathanjy@soup.io
720,Janis,Weafer,jweaferjz@tamu.edu,F,jweaferjz@tamu.edu
721,Erick,Spirit,espiritk0@1und1.de,M,espiritk0@1und1.de
722,Jessy,Domb,jdombk1@yellowpages.com,F,jdombk1@yellowpages.com
723,Zelda,Shipcott,zshipcottk2@ox.ac.uk,F,zshipcottk2@ox.ac.uk
724,Orran,Nudds,onuddsk3@ucsd.edu,M,onuddsk3@ucsd.edu
725,Allister,Polino,apolinok4@histats.com,M,apolinok4@histats.com
726,Marnia,Goublier,mgoublierk5@pbs.org,F,mgoublierk5@pbs.org
727,Rosy,Hawkey,rhawkeyk6@economist.com,F,rhawkeyk6@economist.com
728,Dillie,Whitlock,dwhitlockk7@nature.com,M,dwhitlockk7@nature.com
729,Hank,Walkowski,hwalkowskik8@accuweather.com,M,hwalkowskik8@accuweather.com
730,Aeriela,Donohoe,adonohoek9@cnn.com,F,adonohoek9@cnn.com
731,Essa,Heare,eheareka@elpais.com,F,eheareka@elpais.com
732,Gabbie,Jirus,gjiruskb@princeton.edu,M,gjiruskb@princeton.edu
733,Luella,Kleinholz,lkleinholzkc@shinystat.com,F,lkleinholzkc@shinystat.com
734,Riccardo,Cadden,rcaddenkd@pen.io,M,rcaddenkd@pen.io
735,Ede,Ranger,erangerke@about.me,F,erangerke@about.me
736,Cherey,Sercombe,csercombekf@msn.com,F,csercombekf@msn.com
737,Killian,Lambertz,klambertzkg@goodreads.com,M,klambertzkg@goodreads.com
738,Harriot,Vasilov,hvasilovkh@japanpost.jp,F,hvasilovkh@japanpost.jp
739,Lynsey,McRobert,lmcrobertki@soundcloud.com,F,lmcrobertki@soundcloud.com
740,Derby,Witul,dwitulkj@webnode.com,M,dwitulkj@webnode.com
741,Fin,McNeice,fmcneicekk@clickbank.net,M,fmcneicekk@clickbank.net
742,Katherina,Gudahy,kgudahykl@princeton.edu,F,kgudahykl@princeton.edu
743,Mehetabel,Kenningham,mkenninghamkm@flavors.me,F,mkenninghamkm@flavors.me
744,Ker,Eagleston,keaglestonkn@princeton.edu,M,keaglestonkn@princeton.edu
745,Hanson,Buffy,hbuffyko@npr.org,M,hbuffyko@npr.org
746,Boyce,Younghusband,byounghusbandkp@nytimes.com,M,byounghusbandkp@nytimes.com
747,Martyn,Danes,mdaneskq@biblegateway.com,M,mdaneskq@biblegateway.com
748,Hector,Demcak,hdemcakkr@about.me,M,hdemcakkr@about.me
749,Jennette,Audenis,jaudenisks@51.la,F,jaudenisks@51.la
750,Loren,Baddeley,lbaddeleykt@typepad.com,F,lbaddeleykt@typepad.com
751,Olivier,Alentyev,oalentyevku@smh.com.au,M,oalentyevku@smh.com.au
752,Jehu,Hafner,jhafnerkv@canalblog.com,M,jhafnerkv@canalblog.com
753,Bobinette,Shaddock,bshaddockkw@fema.gov,F,bshaddockkw@fema.gov
754,Caspar,Tritten,ctrittenkx@mit.edu,M,ctrittenkx@mit.edu
755,Geraldine,Bamsey,gbamseyky@google.pl,F,gbamseyky@google.pl
756,Cazzie,Lowsely,clowselykz@tripod.com,M,clowselykz@tripod.com
757,Tedd,Peschke,tpeschkel0@time.com,M,tpeschkel0@time.com
758,Essa,Hembrow,ehembrowl1@vkontakte.ru,F,ehembrowl1@vkontakte.ru
759,Bogey,Hubbuck,bhubbuckl2@fema.gov,M,bhubbuckl2@fema.gov
760,Jethro,Ruggieri,jruggieril3@wisc.edu,M,jruggieril3@wisc.edu
761,Josee,Dawton,jdawtonl4@tinypic.com,F,jdawtonl4@tinypic.com
762,Dunc,January 1st,djanuarystl5@xing.com,M,djanuarystl5@xing.com
763,Ado,Bradtke,abradtkel6@slashdot.org,M,abradtkel6@slashdot.org
764,Randy,Rumke,rrumkel7@webs.com,F,rrumkel7@webs.com
765,Haily,Soreau,hsoreaul8@webmd.com,M,hsoreaul8@webmd.com
766,Storm,Brear,sbrearl9@nba.com,F,sbrearl9@nba.com
767,Marcie,Kix,mkixla@usgs.gov,F,mkixla@usgs.gov
768,Corrine,Chantillon,cchantillonlb@sakura.ne.jp,F,cchantillonlb@sakura.ne.jp
769,Fifi,Burchett,fburchettlc@techcrunch.com,F,fburchettlc@techcrunch.com
770,Kendall,Haulkham,khaulkhamld@businessweek.com,M,khaulkhamld@businessweek.com
771,Welch,Papen,wpapenle@soup.io,M,wpapenle@soup.io
772,Marci,Ottiwill,mottiwilllf@barnesandnoble.com,F,mottiwilllf@barnesandnoble.com
773,Lannie,Beyne,lbeynelg@flavors.me,M,lbeynelg@flavors.me
774,Lester,Pottiphar,lpottipharlh@house.gov,M,lpottipharlh@house.gov
775,Estelle,Couche,ecoucheli@wix.com,F,ecoucheli@wix.com
776,Megen,Hazard,mhazardlj@vimeo.com,F,mhazardlj@vimeo.com
777,Germain,Filby,gfilbylk@free.fr,M,gfilbylk@free.fr
778,Avictor,Kaplin,akaplinll@yellowbook.com,M,akaplinll@yellowbook.com
779,Ethelind,Naptine,enaptinelm@bigcartel.com,F,enaptinelm@bigcartel.com
780,Tony,Elijahu,telijahuln@de.vu,M,telijahuln@de.vu
781,Tally,Leveret,tleveretlo@spiegel.de,M,tleveretlo@spiegel.de
782,Wandie,Suthworth,wsuthworthlp@thetimes.co.uk,F,wsuthworthlp@thetimes.co.uk
783,Lucienne,Brothwell,lbrothwelllq@devhub.com,F,lbrothwelllq@devhub.com
784,Meridith,Andreone,mandreonelr@webeden.co.uk,F,mandreonelr@webeden.co.uk
785,Nickolai,Cromarty,ncromartyls@seattletimes.com,M,ncromartyls@seattletimes.com
786,Tulley,Larrie,tlarrielt@theguardian.com,M,tlarrielt@theguardian.com
787,Clareta,Turbill,cturbilllu@sciencedirect.com,F,cturbilllu@sciencedirect.com
788,Cherilynn,Jeavons,cjeavonslv@weebly.com,F,cjeavonslv@weebly.com
789,Xylia,Muzzini,xmuzzinilw@columbia.edu,F,xmuzzinilw@columbia.edu
790,Cher,Hulatt,chulattlx@alibaba.com,F,chulattlx@alibaba.com
791,Lisabeth,Mattussevich,lmattussevichly@altervista.org,F,lmattussevichly@altervista.org
792,Brynn,MacMaykin,bmacmaykinlz@vistaprint.com,F,bmacmaykinlz@vistaprint.com
793,Austen,Wybrow,awybrowm0@hp.com,M,awybrowm0@hp.com
794,Rebe,Arnott,rarnottm1@flavors.me,F,rarnottm1@flavors.me
795,Derek,Elcoate,delcoatem2@google.com.br,M,delcoatem2@google.com.br
796,Devan,Akroyd,dakroydm3@ucla.edu,F,dakroydm3@ucla.edu
797,Alberik,Garnsey,agarnseym4@facebook.com,M,agarnseym4@facebook.com
798,Curry,Kale,ckalem5@gravatar.com,M,ckalem5@gravatar.com
799,Irma,Coburn,icoburnm6@ca.gov,F,icoburnm6@ca.gov
800,Kirbee,Josephsen,kjosephsenm7@github.com,F,kjosephsenm7@github.com
801,Devon,Tichelaar,dtichelaarm8@china.com.cn,F,dtichelaarm8@china.com.cn
802,Walker,Klimczak,wklimczakm9@chron.com,M,wklimczakm9@chron.com
803,Brittney,Tucknott,btucknottma@chicagotribune.com,F,btucknottma@chicagotribune.com
804,Ilsa,Paolino,ipaolinomb@bing.com,F,ipaolinomb@bing.com
805,Romy,Southwick,rsouthwickmc@ifeng.com,F,rsouthwickmc@ifeng.com
806,Fredrika,Vaadeland,fvaadelandmd@ovh.net,F,fvaadelandmd@ovh.net
807,Guenevere,Copnar,gcopnarme@de.vu,F,gcopnarme@de.vu
808,Emanuel,Sorey,esoreymf@goodreads.com,M,esoreymf@goodreads.com
809,Calla,Antoszewski,cantoszewskimg@symantec.com,F,cantoszewskimg@symantec.com
810,Cristi,Exeter,cexetermh@istockphoto.com,F,cexetermh@istockphoto.com
811,Irving,Downs,idownsmi@networkadvertising.org,M,idownsmi@networkadvertising.org
812,Gaultiero,Zuann,gzuannmj@gravatar.com,M,gzuannmj@gravatar.com
813,Kasper,Shone,kshonemk@ucoz.com,M,kshonemk@ucoz.com
814,Marissa,Schubart,mschubartml@seesaa.net,F,mschubartml@seesaa.net
815,Artemas,Jerrold,ajerroldmm@bravesites.com,M,ajerroldmm@bravesites.com
816,Elisabetta,Scougall,escougallmn@examiner.com,F,escougallmn@examiner.com
817,Isis,Cawston,icawstonmo@bigcartel.com,F,icawstonmo@bigcartel.com
818,Arnold,Gartin,agartinmp@twitter.com,M,agartinmp@twitter.com
819,Wat,Cowlishaw,wcowlishawmq@samsung.com,M,wcowlishawmq@samsung.com
820,Cari,Vane,cvanemr@blinklist.com,F,cvanemr@blinklist.com
821,Agneta,Duligall,aduligallms@howstuffworks.com,F,aduligallms@howstuffworks.com
822,Dulcinea,Wollard,dwollardmt@storify.com,F,dwollardmt@storify.com
823,Humphrey,Dikes,hdikesmu@epa.gov,M,hdikesmu@epa.gov
824,Kalle,Alflatt,kalflattmv@ustream.tv,M,kalflattmv@ustream.tv
825,Booth,Youtead,byouteadmw@mozilla.com,M,byouteadmw@mozilla.com
826,Bryanty,Grelak,bgrelakmx@de.vu,M,bgrelakmx@de.vu
827,Gisele,Smitherman,gsmithermanmy@illinois.edu,F,gsmithermanmy@illinois.edu
828,Pepito,Coppens,pcoppensmz@independent.co.uk,M,pcoppensmz@independent.co.uk
829,Russ,Briar,rbriarn0@ehow.com,M,rbriarn0@ehow.com
830,Toinette,Morrell,tmorrelln1@tinyurl.com,F,tmorrelln1@tinyurl.com
831,Lilli,Meins,lmeinsn2@stumbleupon.com,F,lmeinsn2@stumbleupon.com
832,Amery,Le Grove,alegroven3@mashable.com,M,alegroven3@mashable.com
833,Frederich,Goulborn,fgoulbornn4@japanpost.jp,M,fgoulbornn4@japanpost.jp
834,Linn,Schulze,lschulzen5@linkedin.com,F,lschulzen5@linkedin.com
835,Kori,O' Cloney,kocloneyn6@prnewswire.com,F,kocloneyn6@prnewswire.com
836,Emmanuel,Argont,eargontn7@sciencedirect.com,M,eargontn7@sciencedirect.com
837,Dav,Orman,dormann8@ebay.co.uk,M,dormann8@ebay.co.uk
838,Rance,Borleace,rborleacen9@tmall.com,M,rborleacen9@tmall.com
839,Lorry,Eyers,leyersna@opera.com,M,leyersna@opera.com
840,Rosemary,Petriello,rpetriellonb@blog.com,F,rpetriellonb@blog.com
841,Enrique,Clinton,eclintonnc@soup.io,M,eclintonnc@soup.io
842,Culley,McInally,cmcinallynd@opera.com,M,cmcinallynd@opera.com
843,Raffaello,Sheed,rsheedne@hibu.com,M,rsheedne@hibu.com
844,Federico,Budd,fbuddnf@ucsd.edu,M,fbuddnf@ucsd.edu
845,Jenni,Nelthorpe,jnelthorpeng@mysql.com,F,jnelthorpeng@mysql.com
846,Conchita,Jaspar,cjasparnh@scientificamerican.com,F,cjasparnh@scientificamerican.com
847,Darby,Haily,dhailyni@wikipedia.org,M,dhailyni@wikipedia.org
848,Brian,Hesser,bhessernj@techcrunch.com,M,bhessernj@techcrunch.com
849,Zebulen,Quincey,zquinceynk@prweb.com,M,zquinceynk@prweb.com
850,Reinald,Bulley,rbulleynl@washingtonpost.com,M,rbulleynl@washingtonpost.com
851,Eberhard,Vasilechko,evasilechkonm@cnet.com,M,evasilechkonm@cnet.com
852,Lou,Osgorby,losgorbynn@zdnet.com,M,losgorbynn@zdnet.com
853,Augy,Choupin,achoupinno@dropbox.com,M,achoupinno@dropbox.com
854,Massimo,Battram,mbattramnp@reverbnation.com,M,mbattramnp@reverbnation.com
855,Gertrud,MacTague,gmactaguenq@sourceforge.net,F,gmactaguenq@sourceforge.net
856,Shayne,Feehily,sfeehilynr@edublogs.org,M,sfeehilynr@edublogs.org
857,Niven,Bessett,nbessettns@yale.edu,M,nbessettns@yale.edu
858,Langston,Berndtsson,lberndtssonnt@dmoz.org,M,lberndtssonnt@dmoz.org
859,Onfre,Iacovone,oiacovonenu@last.fm,M,oiacovonenu@last.fm
860,Herve,Lowten,hlowtennv@sina.com.cn,M,hlowtennv@sina.com.cn
861,Dru,Sepey,dsepeynw@europa.eu,M,dsepeynw@europa.eu
862,Anjela,Gundry,agundrynx@people.com.cn,F,agundrynx@people.com.cn
863,Karel,Nutbeem,knutbeemny@geocities.jp,M,knutbeemny@geocities.jp
864,Milty,Chipchase,mchipchasenz@delicious.com,M,mchipchasenz@delicious.com
865,Meggie,Dibble,mdibbleo0@sitemeter.com,F,mdibbleo0@sitemeter.com
866,Ariela,Avrahamoff,aavrahamoffo1@tinyurl.com,F,aavrahamoffo1@tinyurl.com
867,Gilly,Montier,gmontiero2@mapy.cz,F,gmontiero2@mapy.cz
868,Ethelin,Denyagin,edenyagino3@ifeng.com,F,edenyagino3@ifeng.com
869,Leann,Warwicker,lwarwickero4@abc.net.au,F,lwarwickero4@abc.net.au
870,Lethia,Jonson,ljonsono5@whitehouse.gov,F,ljonsono5@whitehouse.gov
871,Vinnie,Humberstone,vhumberstoneo6@pagesperso-orange.fr,M,vhumberstoneo6@pagesperso-orange.fr
872,Meir,Esmonde,mesmondeo7@bloglines.com,M,mesmondeo7@bloglines.com
873,Kamila,Gunda,kgundao8@bbb.org,F,kgundao8@bbb.org
874,Lancelot,Hardaker,lhardakero9@phoca.cz,M,lhardakero9@phoca.cz
875,Luciano,Bourdis,lbourdisoa@goo.ne.jp,M,lbourdisoa@goo.ne.jp
876,Ignaz,Reiners,ireinersob@chronoengine.com,M,ireinersob@chronoengine.com
877,Augie,Bartoszewski,abartoszewskioc@engadget.com,M,abartoszewskioc@engadget.com
878,Maddie,Gudgeon,mgudgeonod@list-manage.com,M,mgudgeonod@list-manage.com
879,Pasquale,Simakov,psimakovoe@prweb.com,M,psimakovoe@prweb.com
880,Etti,Torricina,etorricinaof@fotki.com,F,etorricinaof@fotki.com
881,Moina,Halsall,mhalsallog@123-reg.co.uk,F,mhalsallog@123-reg.co.uk
882,Ariela,Blaby,ablabyoh@admin.ch,F,ablabyoh@admin.ch
883,Hailee,Reboulet,hrebouletoi@wunderground.com,F,hrebouletoi@wunderground.com
884,Prentice,Gravells,pgravellsoj@paginegialle.it,M,pgravellsoj@paginegialle.it
885,Scotti,Dymick,sdymickok@mit.edu,M,sdymickok@mit.edu
886,Cris,Nicholes,cnicholesol@sakura.ne.jp,F,cnicholesol@sakura.ne.jp
887,Mar,Ashling,mashlingom@yandex.ru,M,mashlingom@yandex.ru
888,Brandy,Fernier,bfernieron@miibeian.gov.cn,F,bfernieron@miibeian.gov.cn
889,Ayn,Schulze,aschulzeoo@wp.com,F,aschulzeoo@wp.com
890,Robinette,Rain,rrainop@prlog.org,F,rrainop@prlog.org
891,Reine,Athey,ratheyoq@nps.gov,F,ratheyoq@nps.gov
892,Stacy,Morgen,smorgenor@shop-pro.jp,F,smorgenor@shop-pro.jp
893,Maegan,Syseland,msyselandos@google.co.uk,F,msyselandos@google.co.uk
894,Renard,O'Corren,rocorrenot@hibu.com,M,rocorrenot@hibu.com
895,Alyss,Ollet,aolletou@wiley.com,F,aolletou@wiley.com
896,Spike,Pitney,spitneyov@stumbleupon.com,M,spitneyov@stumbleupon.com
897,Doloritas,Fritschel,dfritschelow@nydailynews.com,F,dfritschelow@nydailynews.com
898,Donn,Gladwin,dgladwinox@parallels.com,M,dgladwinox@parallels.com
899,Nollie,Trobridge,ntrobridgeoy@spiegel.de,M,ntrobridgeoy@spiegel.de
900,Kirsti,Ruffell,kruffelloz@scribd.com,F,kruffelloz@scribd.com
901,Brooke,Cuxson,bcuxsonp0@vimeo.com,F,bcuxsonp0@vimeo.com
902,Llewellyn,McAirt,lmcairtp1@dedecms.com,M,lmcairtp1@dedecms.com
903,Guntar,Deare,gdearep2@drupal.org,M,gdearep2@drupal.org
904,Carson,Coppo,ccoppop3@icio.us,M,ccoppop3@icio.us
905,Laurice,Sturman,lsturmanp4@prnewswire.com,F,lsturmanp4@prnewswire.com
906,Gannie,Benwell,gbenwellp5@hibu.com,M,gbenwellp5@hibu.com
907,Dorthea,Jiran,djiranp6@nps.gov,F,djiranp6@nps.gov
908,Nicoline,Polsin,npolsinp7@taobao.com,F,npolsinp7@taobao.com
909,Hayley,Hempshall,hhempshallp8@dedecms.com,F,hhempshallp8@dedecms.com
910,Gifford,Lawlie,glawliep9@soundcloud.com,M,glawliep9@soundcloud.com
911,Brien,Milward,bmilwardpa@marketwatch.com,M,bmilwardpa@marketwatch.com
912,Aluino,Foulstone,afoulstonepb@npr.org,M,afoulstonepb@npr.org
913,Bunni,Shelford,bshelfordpc@newyorker.com,F,bshelfordpc@newyorker.com
914,Bartholomew,Velte,bveltepd@surveymonkey.com,M,bveltepd@surveymonkey.com
915,Morganica,McMennum,mmcmennumpe@sciencedirect.com,F,mmcmennumpe@sciencedirect.com
916,Nolie,Keunemann,nkeunemannpf@netscape.com,F,nkeunemannpf@netscape.com
917,Jill,Sparry,jsparrypg@arstechnica.com,F,jsparrypg@arstechnica.com
918,Terrell,Gerardot,tgerardotph@chron.com,M,tgerardotph@chron.com
919,Dorine,Kynd,dkyndpi@google.pl,F,dkyndpi@google.pl
920,Dasya,Bunstone,dbunstonepj@google.fr,F,dbunstonepj@google.fr
921,Cristabel,Cowburn,ccowburnpk@indiegogo.com,F,ccowburnpk@indiegogo.com
922,Cad,Jollie,cjolliepl@gravatar.com,M,cjolliepl@gravatar.com
923,Felicdad,Dammarell,fdammarellpm@livejournal.com,F,fdammarellpm@livejournal.com
924,Laurence,Pendrey,lpendreypn@wunderground.com,M,lpendreypn@wunderground.com
925,Elke,Bulbeck,ebulbeckpo@mozilla.org,F,ebulbeckpo@mozilla.org
926,Westleigh,Pettendrich,wpettendrichpp@kickstarter.com,M,wpettendrichpp@kickstarter.com
927,Calvin,Grishechkin,cgrishechkinpq@samsung.com,M,cgrishechkinpq@samsung.com
928,Rebekah,Burchett,rburchettpr@ibm.com,F,rburchettpr@ibm.com
929,Kristina,MacCrachen,kmaccrachenps@flickr.com,F,kmaccrachenps@flickr.com
930,Yettie,Mathes,ymathespt@mapquest.com,F,ymathespt@mapquest.com
931,Kalvin,Scotti,kscottipu@netscape.com,M,kscottipu@netscape.com
932,Riane,McCrillis,rmccrillispv@weather.com,F,rmccrillispv@weather.com
933,Camala,Barthropp,cbarthropppw@hugedomains.com,F,cbarthropppw@hugedomains.com
934,Johnathon,Wandrack,jwandrackpx@house.gov,M,jwandrackpx@house.gov
935,Salem,Penkethman,spenkethmanpy@ezinearticles.com,M,spenkethmanpy@ezinearticles.com
936,Mattias,Rennles,mrennlespz@github.com,M,mrennlespz@github.com
937,Kathy,Bercevelo,kberceveloq0@xrea.com,F,kberceveloq0@xrea.com
938,Avigdor,Dedmam,adedmamq1@last.fm,M,adedmamq1@last.fm
939,Ulric,MacGinney,umacginneyq2@1688.com,M,umacginneyq2@1688.com
940,Hollyanne,Ebbing,hebbingq3@printfriendly.com,F,hebbingq3@printfriendly.com
941,Miguela,Kisting,mkistingq4@ebay.com,F,mkistingq4@ebay.com
942,Bondy,Orred,borredq5@geocities.com,M,borredq5@geocities.com
943,Constantina,McKeran,cmckeranq6@kickstarter.com,F,cmckeranq6@kickstarter.com
944,Pavla,Egar,pegarq7@cisco.com,F,pegarq7@cisco.com
945,Cynthea,Timby,ctimbyq8@earthlink.net,F,ctimbyq8@earthlink.net
946,Ewan,Crunden,ecrundenq9@forbes.com,M,ecrundenq9@forbes.com
947,Meara,Baroche,mbarocheqa@howstuffworks.com,F,mbarocheqa@howstuffworks.com
948,Averil,Ponsford,aponsfordqb@sfgate.com,F,aponsfordqb@sfgate.com
949,Elfreda,Threader,ethreaderqc@army.mil,F,ethreaderqc@army.mil
950,Gertruda,Jahnel,gjahnelqd@theguardian.com,F,gjahnelqd@theguardian.com
951,Wendell,Porson,wporsonqe@blogspot.com,M,wporsonqe@blogspot.com
952,Keslie,Puddephatt,kpuddephattqf@slideshare.net,F,kpuddephattqf@slideshare.net
953,Garvy,Dwane,gdwaneqg@sbwire.com,M,gdwaneqg@sbwire.com
954,Rip,Bottrill,rbottrillqh@shinystat.com,M,rbottrillqh@shinystat.com
955,Tarrah,Regan,treganqi@vimeo.com,F,treganqi@vimeo.com
956,Mercy,Machans,mmachansqj@soup.io,F,mmachansqj@soup.io
957,Matthieu,Mechi,mmechiqk@thetimes.co.uk,M,mmechiqk@thetimes.co.uk
958,Buckie,Kabos,bkabosql@latimes.com,M,bkabosql@latimes.com
959,Harlene,Schooling,hschoolingqm@weibo.com,F,hschoolingqm@weibo.com
960,Trefor,Pashan,tpashanqn@diigo.com,M,tpashanqn@diigo.com
961,Konrad,Landeg,klandegqo@issuu.com,M,klandegqo@issuu.com
962,Ora,Merwede,omerwedeqp@cmu.edu,F,omerwedeqp@cmu.edu
963,Arvin,Sambles,asamblesqq@example.com,M,asamblesqq@example.com
964,Denny,Slatford,dslatfordqr@elegantthemes.com,F,dslatfordqr@elegantthemes.com
965,Leigha,Dix,ldixqs@ed.gov,F,ldixqs@ed.gov
966,Renado,Merwood,rmerwoodqt@blinklist.com,M,rmerwoodqt@blinklist.com
967,Nicki,Witchell,nwitchellqu@princeton.edu,F,nwitchellqu@princeton.edu
968,Stanleigh,McReedy,smcreedyqv@furl.net,M,smcreedyqv@furl.net
969,Morly,Oldale,moldaleqw@homestead.com,M,moldaleqw@homestead.com
970,Christalle,O'Hoey,cohoeyqx@yandex.ru,F,cohoeyqx@yandex.ru
971,Yevette,Bernardotte,ybernardotteqy@instagram.com,F,ybernardotteqy@instagram.com
972,Sabine,Allen,sallenqz@cornell.edu,F,sallenqz@cornell.edu
973,Kariotta,Langfitt,klangfittr0@uiuc.edu,F,klangfittr0@uiuc.edu
974,Missie,Wookey,mwookeyr1@home.pl,F,mwookeyr1@home.pl
975,Hillary,Itzcovich,hitzcovichr2@ovh.net,M,hitzcovichr2@ovh.net
976,Dolf,Turnbull,dturnbullr3@hostgator.com,M,dturnbullr3@hostgator.com
977,Gracie,Wevell,gwevellr4@jimdo.com,F,gwevellr4@jimdo.com
978,Vaughn,Childs,vchildsr5@youku.com,M,vchildsr5@youku.com
979,Wain,Hugin,whuginr6@dedecms.com,M,whuginr6@dedecms.com
980,Carlene,Longhorne,clonghorner7@time.com,F,clonghorner7@time.com
981,Dallas,Callacher,dcallacherr8@hao123.com,M,dcallacherr8@hao123.com
982,Arlette,Durdle,adurdler9@nature.com,F,adurdler9@nature.com
983,Ingamar,Jarrette,ijarrettera@biblegateway.com,M,ijarrettera@biblegateway.com
984,Nicko,Garter,ngarterrb@addthis.com,M,ngarterrb@addthis.com
985,Trever,Dorie,tdorierc@tripod.com,M,tdorierc@tripod.com
986,Katherina,Klulik,kklulikrd@bluehost.com,F,kklulikrd@bluehost.com
987,Adoree,Langsbury,alangsburyre@webs.com,F,alangsburyre@webs.com
988,Vivi,Varga,vvargarf@un.org,F,vvargarf@un.org
989,Amalita,O'Sculley,aosculleyrg@odnoklassniki.ru,F,aosculleyrg@odnoklassniki.ru
990,Morey,Jouannin,mjouanninrh@timesonline.co.uk,M,mjouanninrh@timesonline.co.uk
991,Putnam,Elbourn,pelbournri@baidu.com,M,pelbournri@baidu.com
992,Hagan,Jeannequin,hjeannequinrj@jimdo.com,M,hjeannequinrj@jimdo.com
993,Forrester,Pawlett,fpawlettrk@youku.com,M,fpawlettrk@youku.com
994,Lora,Sproul,lsproulrl@ning.com,F,lsproulrl@ning.com
995,Gayle,Child,gchildrm@hud.gov,M,gchildrm@hud.gov
996,Margery,De Coursey,mdecourseyrn@walmart.com,F,mdecourseyrn@walmart.com
997,Aldus,Gorden,agordenro@g.co,M,agordenro@g.co
998,Howie,Lucas,hlucasrp@dropbox.com,M,hlucasrp@dropbox.com
999,Orazio,Rosling,oroslingrq@redcross.org,M,oroslingrq@redcross.org
1000,Sherm,MacCallester,smaccallesterrr@hp.com,M,smaccallesterrr@hp.com
