id,first_name,last_name,email,gender,Movie_Genres,Movie_Title
1,Cosme,Goor,cgoor0@xrea.com,Agender,Documentary,In the Mirror of Maya Deren (Im Spiegel der Maya Deren)
2,Kerry,Fellos,kfellos1@hc360.com,Non-binary,Comedy|Drama,Day of the Wacko (Dzien swira)
3,Evy,Boden,eboden2@bravesites.com,Agender,Comedy|Drama,White Men Can't Jump
4,Davis,Trubshawe,dtrubshawe3@sbwire.com,Non-binary,Action|Horror,Gabriel
5,Lissi,Fairburne,lfairburne4@prnewswire.com,Bigender,Adventure,"Maidens' Conspiracy, The (Tirante el Blanco)"
6,Wang,Olenichev,wolenichev5@uiuc.edu,Polygender,Comedy,Opportunity Knocks
7,Pietra,Yakovliv,pyakovliv6@creativecommons.org,Polygender,Mystery|Romance|Sci-Fi|Thriller,Vanilla Sky
8,Bryan,Doul,bdoul7@imageshack.us,Genderfluid,Drama,A Second Chance
9,Caterina,Arents,carents8@weebly.com,Genderqueer,Comedy|Drama|Fantasy|Mystery|Sci-Fi|Thriller,Slipstream
10,Clarke,Hicken,chicken9@google.de,Polygender,Drama,Spanish Fly
11,Hurlee,Probate,hprobatea@exblog.jp,Male,Action|Comedy|Romance,"Bounty Hunter, The"
12,Elsinore,Claussen,eclaussenb@irs.gov,Agender,Comedy|Drama,Perfumed Nightmare
13,Allie,Athow,aathowc@dagondesign.com,Non-binary,Drama|Romance,I Want You
14,Irene,Houldey,ihouldeyd@cbc.ca,Male,Crime|Drama|Thriller,Elevator to the Gallows (a.k.a. Frantic) (Ascenseur pour l'échafaud)
15,Frederico,Uccello,fuccelloe@bloomberg.com,Female,Comedy|Drama,Reefer Madness (a.k.a. Tell Your Children)
16,Cinnamon,Reina,creinaf@sphinn.com,Genderfluid,Comedy,Eddie
17,Lilith,Yoxen,lyoxeng@symantec.com,Polygender,Action|Drama,Strapped
18,Fanni,Lefley,flefleyh@discovery.com,Bigender,Drama,Burning Secret
19,Theodosia,De Carteret,tdecartereti@fda.gov,Bigender,Drama,Crazy as Hell
20,Earlie,Alfuso,ealfusoj@jiathis.com,Non-binary,Comedy|Drama,Lifeguard
21,Meris,Leibold,mleiboldk@prweb.com,Male,Action|Crime|Drama|Thriller,A Most Violent Year
22,Barr,Petasch,bpetaschl@mapquest.com,Agender,Drama|Horror|Thriller,Misery
23,Maiga,Menendes,mmenendesm@sbwire.com,Genderqueer,Comedy|Drama|Romance,Holiday
24,Emlynne,Nevins,enevinsn@prnewswire.com,Female,Drama,Alice
25,Jessey,Cleator,jcleatoro@princeton.edu,Polygender,Adventure|Comedy|Musical,"Three Musketeers, The"
26,Glendon,Sandom,gsandomp@cmu.edu,Agender,Animation|Children,The Little Polar Bear: Lars and the Little Tiger
27,Caron,Carmont,ccarmontq@webmd.com,Genderqueer,Drama|Horror|Thriller,Godspeed
28,Kerrill,Thompkins,kthompkinsr@delicious.com,Female,Comedy|Drama,Highball
29,Pren,Halegarth,phalegarths@icq.com,Male,Drama|Sci-Fi,V
30,Eugenia,Demcak,edemcakt@bloomberg.com,Agender,Adventure|Children|Drama,"Adventures of the Wilderness Family, The"
31,Frasier,Hattersley,fhattersleyu@xing.com,Agender,Comedy|Drama,"Clink of Ice, The (a.k.a.: Sound of Ice Cubes, The) (Le bruit des glaçons)"
32,Bernadene,Maltby,bmaltbyv@hud.gov,Bigender,Drama|Thriller,Where the Truth Lies
33,Delphinia,Trainer,dtrainerw@sakura.ne.jp,Female,Drama|Thriller,Killing Auntie (Zabicie ciotki)
34,Tamas,Borgnol,tborgnolx@google.pl,Genderqueer,Comedy,Populaire
35,Kynthia,Morsey,kmorseyy@networksolutions.com,Female,Crime|Thriller,Sudden Impact
36,Tuckie,Basso,tbassoz@biblegateway.com,Male,Documentary,"Mr. Death: The Rise and Fall of Fred A. Leuchter, Jr."
37,Jaclyn,Todman,jtodman10@sakura.ne.jp,Agender,Comedy,Baby Geniuses
38,Arie,Origan,aorigan11@mapy.cz,Genderqueer,Comedy|Romance,Platinum Blonde
39,Cassaundra,Mariet,cmariet12@topsy.com,Polygender,Comedy|Horror|Mystery|Thriller,Scream 2
40,Patsy,Suero,psuero13@dagondesign.com,Genderqueer,Action|Drama|Sci-Fi|IMAX,Elysium
41,Modesty,Leverett,mleverett14@gnu.org,Bigender,Drama|Horror,Possessed
42,Anton,Bentame,abentame15@shutterfly.com,Male,Drama|War,Full Metal Jacket
43,Jehanna,South,jsouth16@51.la,Female,Documentary,Best Worst Movie
44,Ennis,Casse,ecasse17@gov.uk,Genderqueer,Comedy|Drama|Romance,Secretary
45,Ermin,Gilbride,egilbride18@foxnews.com,Genderqueer,Action|Crime|Drama|Thriller,Hard-Boiled (Lat sau san taam)
46,Imogene,Calrow,icalrow19@rediff.com,Polygender,Comedy|Sci-Fi,"Day the Fish Came Out, The"
47,Celestine,Meltetal,cmeltetal1a@list-manage.com,Polygender,Thriller,Trans-Europ-Express
48,Durward,Hammerson,dhammerson1b@hhs.gov,Non-binary,Drama,Imagine I'm Beautiful
49,Cornelle,Sockell,csockell1c@ft.com,Polygender,Action|Crime,"Italian Job, The"
50,Meaghan,Chilvers,mchilvers1d@storify.com,Genderqueer,Drama|Horror,Kongo
51,Fergus,Ilyas,filyas1e@home.pl,Female,Drama|Romance,Love! Valour! Compassion!
52,Sloane,Pudsall,spudsall1f@wisc.edu,Agender,Drama|Mystery|Sci-Fi|Thriller,"X-Files: I Want to Believe, The"
53,Grazia,Clack,gclack1g@wired.com,Female,Action|Drama,Carman: The Champion
54,Coletta,Quade,cquade1h@telegraph.co.uk,Male,Action|Adventure|Drama|Romance|War,"Story of Dr. Wassell, The"
55,Barbara-anne,Brugman,bbrugman1i@answers.com,Female,Comedy|Crime,Malibu's Most Wanted
56,Perkin,Hazeldean,phazeldean1j@soundcloud.com,Bigender,Comedy|Romance,Mannequin
57,Dalton,Feldbaum,dfeldbaum1k@economist.com,Genderfluid,Drama,"Small Town, The (a.k.a. The Town) (Kasaba)"
58,Simonette,Muffitt,smuffitt1l@xinhuanet.com,Polygender,Drama,Day and Night (Le jour et la nuit)
59,Wanids,Thornbarrow,wthornbarrow1m@cdc.gov,Genderfluid,Comedy|Musical,So Long Letty
60,Dotti,Rosoni,drosoni1n@topsy.com,Polygender,Documentary,"Statues Also Die (Statues meurent aussi, Les)"
61,Odie,Haberfield,ohaberfield1o@simplemachines.org,Polygender,Drama,"Dance Party, USA"
62,Dwight,Oakwell,doakwell1p@nydailynews.com,Agender,Documentary,Salinger
63,Juline,Smaridge,jsmaridge1q@weibo.com,Bigender,Drama|Musical,Rent: Filmed Live on Broadway
64,Hadleigh,Temblett,htemblett1r@engadget.com,Female,Comedy|Drama|War,"Last Circus, The (Balada triste de trompeta) (Sad Trumpet Ballad, A)"
65,Eleonora,Poundsford,epoundsford1s@pbs.org,Genderfluid,Drama,"Story Written with Water, A (Mizu de kakareta monogatari)"
66,Ramon,Philp,rphilp1t@independent.co.uk,Bigender,Comedy,"Promoter, The (Card, The)"
67,Stanley,Simunek,ssimunek1u@nifty.com,Non-binary,Horror,Love Ghost (Shibito no koiwazura)
68,Alyse,Loughrey,aloughrey1v@storify.com,Polygender,Drama|Sci-Fi,Forbidden Planet
69,Ivar,Lowther,ilowther1w@dion.ne.jp,Genderqueer,Drama|Romance,Birthday Girl
70,Sioux,D'Emanuele,sdemanuele1x@hao123.com,Genderqueer,Comedy,Wrestling Queens
71,Tore,Faithorn,tfaithorn1y@twitpic.com,Female,Adventure|Animation|Comedy,Scared Shrekless
72,Linnie,Minty,lminty1z@dagondesign.com,Genderqueer,Drama|Horror,"Driller Killer, The"
73,Hilda,Buttwell,hbuttwell20@youtube.com,Polygender,Comedy|Romance,Joy of Sex
74,Guenna,Braunthal,gbraunthal21@nydailynews.com,Polygender,Drama|Romance,Look Both Ways
75,Leonanie,Vertey,lvertey22@dion.ne.jp,Agender,Comedy|Crime|Romance,Heartbreakers
76,Yvor,Eyam,yeyam23@examiner.com,Male,Drama,Jam
77,Lonny,Stitwell,lstitwell24@sogou.com,Polygender,Drama,"Forgiveness of Blood, The (Falja e gjakut)"
78,Keven,Carpe,kcarpe25@spiegel.de,Female,Comedy,"Music Box, The"
79,Wandie,Jojic,wjojic26@technorati.com,Polygender,Action|Crime|Thriller,Angel of Death
80,Shannon,Belham,sbelham27@imdb.com,Genderfluid,Comedy|Crime,Police Academy 5: Assignment: Miami Beach
81,Shawn,Marchington,smarchington28@bravesites.com,Genderqueer,Crime|Drama|Thriller,"Better Tomorrow II, A (Ying hung boon sik II)"
82,Anny,Hebson,ahebson29@yahoo.com,Non-binary,Horror|Thriller,"Call of Cthulhu, The"
83,Ludvig,Thorneley,lthorneley2a@washingtonpost.com,Agender,(no genres listed),Meilleur espoir féminin
84,Jonathan,Cerro,jcerro2b@soundcloud.com,Agender,Drama,Under the Stars (Bajo las estrellas)
85,Courtnay,Temby,ctemby2c@parallels.com,Male,Documentary|War,Images of the World and the Inscription of War (Bilder der Welt und Inschrift des Krieges)
86,Filippa,Tembridge,ftembridge2d@bing.com,Female,Horror|Mystery|Thriller,Hangman's Curse
87,Barth,Warman,bwarman2e@timesonline.co.uk,Genderfluid,Action|Adventure|Children|Comedy|Fantasy,George and the Dragon
88,Somerset,Stalley,sstalley2f@live.com,Non-binary,Crime|Drama,"Child I Never Was, The (Leben lang kurze Hosen Tragen, Ein)"
89,Selma,Perico,sperico2g@nature.com,Non-binary,Comedy|Drama,Unconditional Love
90,Shelagh,Lilloe,slilloe2h@stumbleupon.com,Male,Drama,Man of Her Dreams (a.k.a. The Fiancé)
91,Jarib,Rahill,jrahill2i@soup.io,Female,Comedy|Drama|Fantasy|Romance,Angel-A
92,Weston,Wabey,wwabey2j@stumbleupon.com,Polygender,Animation|Comedy|Fantasy,A Chairy Tale
93,Carola,Borit,cborit2k@businessinsider.com,Polygender,Children|Comedy,"Christmas Story, A"
94,Gerrard,Hullin,ghullin2l@google.pl,Female,Drama,"Cement Garden, The"
95,Nero,De Roberto,nderoberto2m@privacy.gov.au,Genderqueer,Horror|Sci-Fi|Thriller,Wyvern
96,Adelaide,Biddy,abiddy2n@hostgator.com,Female,Action|Drama|Fantasy,We Are from the Future (My iz budushchego)
97,Bessy,enzley,benzley2o@mapquest.com,Male,Action|Comedy|Crime,Stark Raving Mad
98,Edi,Rhodef,erhodef2p@blog.com,Polygender,Musical|Romance,Going Hollywood
99,Wyatt,Thornton-Dewhirst,wthorntondewhirst2q@vkontakte.ru,Agender,Drama,Versailles
100,Lyndell,Kissell,lkissell2r@blog.com,Bigender,Comedy|Fantasy,Fat Albert
101,Tucky,Rotherham,trotherham2s@google.pl,Bigender,Comedy|Drama,Lymelife
102,Roda,Maidlow,rmaidlow2t@berkeley.edu,Male,Comedy|Romance,"World's Greatest Athlete, The"
103,Evangeline,Harget,eharget2u@dell.com,Genderfluid,Crime|Drama|Musical|Romance,Jailhouse Rock
104,Valentine,McCandie,vmccandie2v@bluehost.com,Female,Action|Comedy|Thriller,Pretty Cool
105,Dorri,Pinilla,dpinilla2w@youku.com,Female,Comedy|Romance,Western
106,Lorianne,Obbard,lobbard2x@vistaprint.com,Non-binary,(no genres listed),Je m'appelle Elisabeth
107,Early,Yonge,eyonge2y@soundcloud.com,Bigender,Fantasy|Mystery|Thriller,"Night Listener, The"
108,Joseph,Tackes,jtackes2z@aboutads.info,Non-binary,Crime|Drama|Mystery|Romance|Thriller,In the Cut
109,Cahra,Mudge,cmudge30@instagram.com,Agender,Documentary,Justin Bieber's Believe
110,Damien,Weatherhogg,dweatherhogg31@pcworld.com,Female,Comedy,"Villain, The (Le Vilain)"
111,Isidoro,Roby,iroby32@naver.com,Polygender,Comedy,"Alarmist, The (a.k.a. Life During Wartime)"
112,Nadya,Demeter,ndemeter33@qq.com,Female,Action|Horror|Sci-Fi|Thriller,"Godzilla 1985: The Legend Is Reborn (Gojira) (Godzilla) (Return of Godzilla, The)"
113,Adelbert,Redon,aredon34@sogou.com,Genderfluid,Drama|Fantasy|Romance,"Wings of Desire (Himmel über Berlin, Der)"
114,Quill,Jeroch,qjeroch35@tumblr.com,Non-binary,Drama,Battle Hymn
115,Katlin,Croneen,kcroneen36@jimdo.com,Polygender,Comedy|Drama,"Parade, The (Parada)"
116,Sileas,Camsey,scamsey37@zimbio.com,Genderfluid,Comedy|Crime|Drama|Fantasy,Time of the Gypsies (Dom za vesanje)
117,Josephina,Paulig,jpaulig38@walmart.com,Polygender,Comedy|Musical,Follow That Dream
118,Dody,Hollyman,dhollyman39@vistaprint.com,Bigender,Drama,Drunks
119,Jonis,Deabill,jdeabill3a@narod.ru,Genderfluid,Drama|Mystery,About Elly (Darbareye Elly)
120,Wanids,Worsfield,wworsfield3b@accuweather.com,Male,Comedy,"Delicate Delinquent, The"
121,Devan,Blackey,dblackey3c@yale.edu,Female,Action|Comedy,Showtime
122,Jack,Tackle,jtackle3d@ocn.ne.jp,Genderfluid,Drama|Musical|Romance,Pure Country
123,Robinson,Ochterlony,rochterlony3e@bloglines.com,Polygender,Action|Crime,New York Cop (Nyû Yôku no koppu)
124,Caterina,Maryman,cmaryman3f@scientificamerican.com,Genderqueer,Drama|War,120
125,Hertha,Blaszczak,hblaszczak3g@istockphoto.com,Non-binary,Drama,RKO 281
126,Meagan,Fromont,mfromont3h@typepad.com,Male,Comedy|Romance,Better Than Sex
127,Jolene,Tocque,jtocque3i@unc.edu,Male,Drama,"X, Y and Zee (Zee and Co.)"
128,Clark,Haughan,chaughan3j@usgs.gov,Genderfluid,Drama|Western,Bury My Heart at Wounded Knee
129,Doroteya,Goodoune,dgoodoune3k@google.com,Bigender,Crime|Mystery,Ten Little Indians
130,Teirtza,Hackforth,thackforth3l@desdev.cn,Bigender,Drama,Japanese Girls at the Harbor (Minato no nihon musume)
131,Reggis,Rose,rrose3m@nhs.uk,Agender,Horror|Sci-Fi|Thriller|War,"Objective, The"
132,Katey,de Vaen,kdevaen3n@live.com,Female,Action|Comedy|Drama|Romance,I Hate But Love (Nikui an-chikushô)
133,Naoma,Casina,ncasina3o@ox.ac.uk,Male,Action|Adventure|Comedy,"Flim-Flam Man, The"
134,Allyn,Maguire,amaguire3p@google.nl,Genderqueer,Drama|Thriller,Absent (Ausente)
135,Andeee,Alfonsetti,aalfonsetti3q@economist.com,Female,Comedy,Hillbillys in a Haunted House
136,Bryna,Allenby,ballenby3r@cafepress.com,Polygender,Comedy|Musical,Bran Nue Dae
137,Manfred,Barcke,mbarcke3s@surveymonkey.com,Genderqueer,Comedy,"Solid Gold Cadillac, The"
138,Averil,McClosh,amcclosh3t@sfgate.com,Genderfluid,Drama|Romance,Love & Savagery
139,Kania,Woodwind,kwoodwind3u@wisc.edu,Polygender,Adventure|Documentary,Symphony of the Soil
140,Jonis,Lannin,jlannin3v@businessweek.com,Female,Drama,Drunks
141,Lolly,Arbuckel,larbuckel3w@blog.com,Agender,Action|Drama,Mixed Blood
142,Gregorio,Frankom,gfrankom3x@princeton.edu,Bigender,Drama|War,Operation Pacific
143,Ophelie,Knight,oknight3y@kickstarter.com,Polygender,Adventure|Comedy|Sci-Fi,"Hitch Hikers Guide to the Galaxy, The"
144,Ingmar,Haggett,ihaggett3z@amazon.com,Agender,Drama|Romance,Hearts Divided
145,Dag,Brickham,dbrickham40@uiuc.edu,Female,Action|Comedy|Crime|Thriller,Nowhere to Hide (Injeong sajeong bol geot eobtda)
146,Kevan,Petican,kpetican41@indiegogo.com,Non-binary,Action|Adventure|Sci-Fi|IMAX,Transformers: Revenge of the Fallen
147,Ward,Brixey,wbrixey42@indiegogo.com,Polygender,Drama,Late Bloomers
148,Juline,Pavlata,jpavlata43@spiegel.de,Bigender,Action|Adventure|Animation|Children|Comedy|Fantasy,Atlantis: Milo's Return 
149,Hoebart,Shakelady,hshakelady44@usnews.com,Non-binary,Children|Comedy|Drama,Ernest Goes to School
150,Emmery,Laycock,elaycock45@blogger.com,Bigender,Comedy|Drama,Encore
151,Sandor,Abelov,sabelov46@nymag.com,Genderqueer,Horror|Mystery,"Howling, The"
152,Patton,Ruprecht,pruprecht47@techcrunch.com,Agender,Crime|Drama|Thriller,Taxi Driver
153,Christopher,Speerman,cspeerman48@issuu.com,Agender,Action|Sci-Fi|Thriller,Total Recall
154,Thayne,Greson,tgreson49@zdnet.com,Non-binary,Comedy|Romance,"Awful Truth, The"
155,Carmelle,Marc,cmarc4a@over-blog.com,Non-binary,Comedy,Comfort and Joy
156,Jasmine,Haffard,jhaffard4b@shutterfly.com,Agender,Comedy|Drama|Fantasy|Romance,"Fisher King, The"
157,Christian,Shillington,cshillington4c@foxnews.com,Non-binary,Comedy|Drama,24 7: Twenty Four Seven
158,Kyle,Pydcock,kpydcock4d@smh.com.au,Non-binary,Horror,Ju-on: White Ghost
159,Dolli,Torpie,dtorpie4e@posterous.com,Non-binary,Crime|Drama|Thriller,Homicide
160,Osborne,Proger,oproger4f@elegantthemes.com,Polygender,Crime|Drama|Mystery,Red Riding: 1983
161,Patin,Job,pjob4g@oakley.com,Polygender,Action|Animation|Sci-Fi|War,Starship Troopers: Invasion
162,Noelle,Shoosmith,nshoosmith4h@shinystat.com,Genderfluid,Documentary,American Hardcore
163,Hastie,Coulthard,hcoulthard4i@comcast.net,Agender,Documentary,Head Games
164,Reggie,Casoni,rcasoni4j@slate.com,Non-binary,Comedy,Nature Calls
165,Nolie,McClintock,nmcclintock4k@g.co,Genderfluid,Drama,Bloody Sunday
166,Devin,Muge,dmuge4l@blog.com,Agender,(no genres listed),Ecstasy in Entropy
167,Patrizius,Skokoe,pskokoe4m@tiny.cc,Genderqueer,Drama,"Région centrale, La"
168,Myrwyn,Hull,mhull4n@google.cn,Agender,Action|Adventure|Comedy|Horror,Dead Snow (Død snø)
169,Carlota,Etienne,cetienne4o@unicef.org,Genderqueer,Comedy|Crime,Teddy Bear (Mis)
170,Trumaine,Eleshenar,teleshenar4p@imgur.com,Polygender,Action|Crime|Thriller,Angel of Death
171,Michal,Barta,mbarta4q@umich.edu,Non-binary,Comedy|Drama|Romance,City Lights
172,Sib,Tomei,stomei4r@blinklist.com,Non-binary,Comedy,God’s Wedding (As Bodas de Deus)
173,Randal,Murrell,rmurrell4s@hugedomains.com,Non-binary,Horror,Drive-In Horrorshow
174,Sumner,Press,spress4t@com.com,Male,Drama|Thriller,Park Row
175,Gussi,Janowicz,gjanowicz4u@narod.ru,Genderfluid,Comedy,Wanderlust
176,Verina,Liversedge,vliversedge4v@amazon.co.uk,Female,Comedy|Crime|Drama|Romance,Focus
177,Brinn,Rylands,brylands4w@europa.eu,Genderfluid,Drama,Jubilee
178,Floria,Nestle,fnestle4x@t-online.de,Genderqueer,Drama,"Trespasser, The"
179,Nickolaus,Jorat,njorat4y@gnu.org,Bigender,Action|Drama,"Tale of Zatoichi Continues, The (Zoku Zatôichi monogatari) (Zatôichi 2)"
180,Veradis,Grouse,vgrouse4z@imageshack.us,Female,Action|Crime|Thriller,"Net, The"
181,Grover,Bunten,gbunten50@google.ru,Bigender,Comedy|War,Stripes
182,Dennie,Cosely,dcosely51@ycombinator.com,Female,Documentary,"Brief History of Time, A"
183,Florenza,Puttrell,fputtrell52@artisteer.com,Non-binary,Drama,Diary of a Chambermaid
184,Marleah,Mundow,mmundow53@dropbox.com,Bigender,Children|Drama,Black Beauty
185,Dylan,Comerford,dcomerford54@liveinternet.ru,Male,Drama,"Cobweb, The"
186,Nikkie,Urien,nurien55@histats.com,Non-binary,Drama|Romance,Miss Farkku-Suomi
187,Emmy,Corran,ecorran56@irs.gov,Agender,Action|Comedy|Crime,Code Name: The Cleaner
188,Averil,Golledge,agolledge57@opensource.org,Non-binary,Drama,"Matter of Dignity, A (To teleftaio psema)"
189,Lurlene,Burnup,lburnup58@skyrock.com,Female,Comedy|Drama,"Guy and a Gal, A (En kille och en tjej)"
190,Eva,Philipart,ephilipart59@biblegateway.com,Genderfluid,Documentary,"Carter, The"
191,Marwin,Newvell,mnewvell5a@360.cn,Polygender,Comedy|Drama,We Need a Vacation (Fais-moi des vacances)
192,Anjela,Mansfield,amansfield5b@army.mil,Polygender,Comedy,Irma la Douce
193,Haskel,Nicely,hnicely5c@tripod.com,Genderqueer,Comedy|Drama,Swept Away (Travolti da un insolito destino nell'azzurro mare d'Agosto)
194,Sandi,Guinan,sguinan5d@bravesites.com,Agender,Comedy|Drama,All Together
195,Brew,Yousef,byousef5e@cpanel.net,Polygender,Drama|Sci-Fi,Silent Running
196,Gun,Jedrys,gjedrys5f@archive.org,Male,Comedy|Fantasy|Romance,Over My Dead Body
197,Deonne,Mephan,dmephan5g@hud.gov,Agender,Action|Drama,Men of Means
198,Kerby,Pleasaunce,kpleasaunce5h@exblog.jp,Polygender,Comedy|Crime,King's Ransom
199,Adriane,Filyakov,afilyakov5i@stumbleupon.com,Polygender,Adventure|Animation|Children|Fantasy,"Cat Returns, The (Neko no ongaeshi)"
200,Lanie,Macken,lmacken5j@goo.ne.jp,Female,Drama,Jude the Obscure
201,Rakel,Rushmare,rrushmare5k@skype.com,Polygender,Drama|Romance,"His Secret Life (a.k.a. Ignorant Fairies, The) (Fate ignoranti, Le)"
202,Marti,Keig,mkeig5l@google.de,Bigender,Horror,Uncle Sam
203,Brit,MacDearmaid,bmacdearmaid5m@artisteer.com,Polygender,Drama,Mahler
204,Whitaker,Futter,wfutter5n@wikispaces.com,Genderqueer,Drama|Romance,Normal Adolescent Behavior
205,Carol-jean,Winters,cwinters5o@google.com.au,Genderfluid,Action|Crime|Thriller,Time and Tide (Seunlau Ngaklau)
206,Katya,Pittet,kpittet5p@cam.ac.uk,Genderqueer,Drama,"Music Room, The (Jalsaghar)"
207,Drud,Ligerton,dligerton5q@slideshare.net,Genderqueer,Horror|Mystery|Thriller,Strip Nude for Your Killer (Nude per l'assassino)
208,Alexandra,Ganiford,aganiford5r@hugedomains.com,Non-binary,Comedy|Drama,Cookie's Fortune
209,Meryl,Kettoe,mkettoe5s@4shared.com,Male,Adventure|Comedy|Crime|Drama|Fantasy|Mystery|Sci-Fi|Thriller,Motorama
210,Bastien,Mickan,bmickan5t@timesonline.co.uk,Female,Drama,Paradise: Love
211,Fredek,Jindrak,fjindrak5u@arstechnica.com,Polygender,Comedy,"Year One, The (L'an 01)"
212,Peadar,Di Claudio,pdiclaudio5v@cbsnews.com,Male,(no genres listed),Crazy Beautiful You
213,Pancho,Allsup,pallsup5w@hao123.com,Genderqueer,Comedy|Western,Hearts of the West
214,Rosita,Anshell,ranshell5x@gravatar.com,Genderqueer,Drama,"Firm, The"
215,Wylma,Everill,weverill5y@google.com.hk,Male,Action|Crime,The Raid: Redemption
216,Eric,Moscon,emoscon5z@va.gov,Agender,Comedy|Drama,Jack the Bear
217,Lynett,Purkins,lpurkins60@gov.uk,Non-binary,Documentary|War,Wartorn: 1861-2010
218,Daniele,Shawley,dshawley61@discuz.net,Polygender,Horror,13 Ghosts
219,Ileane,Castro,icastro62@marriott.com,Non-binary,Documentary|IMAX,To the Arctic
220,Edward,Lawlee,elawlee63@sbwire.com,Female,Comedy|Drama,Period of Adjustment
221,Isadora,Irons,iirons64@un.org,Genderfluid,Animation|Comedy|Drama|Romance,"Oversimplification of Her Beauty, An"
222,Geri,Dunican,gdunican65@booking.com,Male,Comedy|Romance,"Prince and the Showgirl, The"
223,Phedra,Lytton,plytton66@hc360.com,Male,Drama|Thriller,"Confessor, The (a.k.a. The Good Shepherd)"
224,Whitney,Merrgan,wmerrgan67@amazon.de,Bigender,Drama|Mystery,In the Electric Mist
225,Pincus,Heynen,pheynen68@bizjournals.com,Male,Adventure|Drama|Thriller,"Deceivers, The"
226,Armando,Sanja,asanja69@dmoz.org,Polygender,Comedy,Living with the Fosters
227,Berty,Bizley,bbizley6a@histats.com,Genderfluid,Children,Spooky House
228,Verge,Maroney,vmaroney6b@digg.com,Genderqueer,Comedy|Musical|Romance,"Pajama Game, The"
229,Florencia,Poor,fpoor6c@toplist.cz,Male,Action|Adventure|Drama|Thriller|Western,"Outlaw Josey Wales, The"
230,Magdalen,Messingham,mmessingham6d@comsenz.com,Female,Horror|Thriller,Doppelganger
231,Robbi,Godly,rgodly6e@mit.edu,Bigender,Drama|War,Immortal Sergeant
232,Lind,Ogelbe,logelbe6f@elegantthemes.com,Male,Comedy|Horror,Stitches
233,Allianora,Klageman,aklageman6g@oakley.com,Genderqueer,Comedy,Jönssonligan får guldfeber
234,Mallissa,Marjanski,mmarjanski6h@jalbum.net,Genderfluid,Drama|Romance,Radio Inside
235,Shurlock,Cummine,scummine6i@ucsd.edu,Bigender,Comedy,Welcome to the South (Benvenuti al Sud)
236,Emmit,Clapperton,eclapperton6j@mit.edu,Agender,Drama,Doing Time on Maple Drive
237,Jake,Paddington,jpaddington6k@imdb.com,Agender,Drama,"American Affair, An"
238,Salli,Steels,ssteels6l@vkontakte.ru,Female,Drama|Mystery,"Spider's Stratagem, The (Strategia del ragno)"
239,Charla,Vondra,cvondra6m@flickr.com,Genderqueer,Adventure|Comedy|Musical|Romance|Sci-Fi,Love Story 2050
240,Bunni,Sage,bsage6n@chronoengine.com,Female,Horror|Mystery|Thriller,Friday the 13th
241,Mannie,Di Giorgio,mdigiorgio6o@sakura.ne.jp,Non-binary,Crime|Drama|Film-Noir|Thriller,"Single Shot, A"
242,Yardley,Webster,ywebster6p@discovery.com,Female,Drama|War,Fort Bliss
243,Robena,Balm,rbalm6q@princeton.edu,Genderfluid,Comedy,Den enskilde medborgaren
244,Stinky,Choldcroft,scholdcroft6r@theatlantic.com,Female,Action|Comedy|Musical|Romance,Pardes
245,Hinda,Quenell,hquenell6s@ca.gov,Male,Drama|Horror,Late Phases
246,Glory,Dineges,gdineges6t@hc360.com,Genderqueer,Drama|Horror|Thriller,"Thompsons, The"
247,Genvieve,Loges,gloges6u@theatlantic.com,Genderfluid,(no genres listed),The Night That Panicked America
248,Benjy,Zolini,bzolini6v@joomla.org,Bigender,Children|Comedy|Drama|Musical,Emmet Otter's Jug-Band Christmas
249,Joana,Oldroyd,joldroyd6w@phoca.cz,Polygender,Comedy,Fun is Beautiful
250,Gladi,Warby,gwarby6x@tinyurl.com,Polygender,Drama|Fantasy|Mystery,Innocence
251,Tyson,Morot,tmorot6y@utexas.edu,Agender,Comedy|Drama,Red Doors
252,Britte,Anthony,banthony6z@hao123.com,Male,Documentary,1
253,Ingeborg,Graysmark,igraysmark70@istockphoto.com,Female,Comedy|Romance,People Will Talk
254,Smith,Waddams,swaddams71@taobao.com,Male,Crime|Horror|Mystery|Thriller,Jack's Back 
255,Taffy,Buckenham,tbuckenham72@globo.com,Female,Drama,Akeelah and the Bee
256,Hayyim,Climson,hclimson73@dion.ne.jp,Bigender,Documentary,Jimmy Carter Man from Plains
257,Pooh,Sanchis,psanchis74@elpais.com,Agender,Horror,Bereavement
258,Joanne,Bugdall,jbugdall75@youtu.be,Polygender,Drama,Washington Square
259,Cale,Cartmail,ccartmail76@latimes.com,Genderfluid,Drama|Film-Noir,Stranger on the Third Floor
260,Valenka,Seccombe,vseccombe77@patch.com,Agender,Comedy,Armless
261,Nedi,Ravenscraft,nravenscraft78@hibu.com,Genderfluid,Children,Crazy for Christmas
262,Opalina,Witcomb,owitcomb79@xrea.com,Bigender,Action|Adventure|Drama|Romance,Eight Below
263,Damita,Saffrin,dsaffrin7a@dyndns.org,Genderqueer,Comedy|Drama|Romance,Je préfère qu'on reste amis
264,Ennis,Eager,eeager7b@jalbum.net,Genderfluid,Drama,Suburbia
265,Gunner,Killiam,gkilliam7c@topsy.com,Genderqueer,Drama|Romance,Renoir
266,Nadean,Pietzke,npietzke7d@google.es,Genderqueer,Comedy,Life Is a Long Quiet River (La vie est un long fleuve tranquille)
267,Eric,Hussy,ehussy7e@cocolog-nifty.com,Female,Children|Comedy,Air Bud: Golden Receiver
268,Carole,Castelin,ccastelin7f@springer.com,Polygender,Horror|Western,Near Dark
269,Maybelle,Morter,mmorter7g@google.fr,Genderfluid,Drama|Romance,Late Autumn (Man-choo)
270,Yoko,Busson,ybusson7h@surveymonkey.com,Polygender,Documentary,Imagine: John Lennon
271,Arlina,Raffin,araffin7i@nytimes.com,Polygender,Action|Adventure|IMAX,"Flying Swords of Dragon Gate, The (Long men fei jia)"
272,Heath,Murphy,hmurphy7j@nytimes.com,Non-binary,Comedy,Boat Trip
273,Miller,Fice,mfice7k@google.fr,Female,Drama|Mystery|Thriller,Hidden (a.k.a. Cache) (Caché)
274,Austen,Haggath,ahaggath7l@cbsnews.com,Polygender,Drama,Love & Pop
275,Beilul,Fraanchyonok,bfraanchyonok7m@yellowpages.com,Non-binary,Thriller,"Stranger Within, The"
276,Tressa,Volant,tvolant7n@mashable.com,Genderqueer,Drama,"Summer Place, A"
277,Maisey,Bolingbroke,mbolingbroke7o@yellowbook.com,Polygender,Drama,Ashes of Time (Dung che sai duk)
278,Laney,Kloser,lkloser7p@elpais.com,Genderqueer,Comedy|Horror,Shriek If You Know What I Did Last Friday the Thirteenth
279,Rhianna,Nerval,rnerval7q@xrea.com,Male,Crime|Drama|Mystery|Thriller,Hustle
280,Lora,Worboy,lworboy7r@howstuffworks.com,Bigender,Drama|Romance,"Painted Veil, The"
281,Giuseppe,Woollard,gwoollard7s@blog.com,Genderqueer,Drama,Fresh Horses
282,Lotta,Napton,lnapton7t@yelp.com,Agender,Adventure|Animation|Comedy|Fantasy|Romance|Sci-Fi,Mind Game
283,Cassius,Coomer,ccoomer7u@histats.com,Agender,Comedy,Doctor Detroit
284,Ugo,Closs,ucloss7v@nbcnews.com,Polygender,Comedy,Jay Mohr: Funny for a Girl
285,Sharleen,Kyngdon,skyngdon7w@mozilla.com,Male,Drama,"Child Is Waiting, A"
286,Karim,Slaght,kslaght7x@noaa.gov,Male,Musical|Romance,From Justin to Kelly
287,Odie,Reddyhoff,oreddyhoff7y@tmall.com,Agender,Comedy,Attack of the 50ft Cheerleader
288,Sheppard,Harrild,sharrild7z@statcounter.com,Agender,Children|Drama,How to Eat Fried Worms
289,Leonhard,Robertson,lrobertson80@youtube.com,Genderqueer,Comedy|Crime|Romance,Gigli
290,Kim,Everley,keverley81@state.tx.us,Male,Action|Drama,"Slams, The"
291,Yvor,Goodban,ygoodban82@time.com,Genderqueer,Comedy|Fantasy|Horror|Thriller,"Brothers Grimm, The"
292,Carlynne,Fiddler,cfiddler83@spiegel.de,Genderfluid,Horror,Countess Dracula
293,Bette-ann,Argont,bargont84@wired.com,Polygender,Drama|Mystery|Sci-Fi|Thriller,"Prestige, The"
294,Albrecht,Shirley,ashirley85@paginegialle.it,Non-binary,Drama|Romance,Lady Chatterley
295,Deva,Kahn,dkahn86@amazon.co.uk,Female,Adventure|Thriller,Joy Ride
296,Georgette,Alpes,galpes87@admin.ch,Male,Drama|Horror,The Big Shave
297,Troy,Pereira,tpereira88@prnewswire.com,Genderfluid,Adventure|Animation|Children|Comedy|IMAX,Madagascar 3: Europe's Most Wanted
298,Matthieu,Giamo,mgiamo89@biblegateway.com,Agender,Comedy|Romance,Paris-Manhattan
299,Costa,Kenwin,ckenwin8a@addtoany.com,Bigender,Drama|Romance|War,Under the North Star (Täällä Pohjantähden alla)
300,Fidela,Ludwikiewicz,fludwikiewicz8b@about.me,Non-binary,Action|Sci-Fi|Thriller,Solo
301,Chlo,Rappport,crappport8c@psu.edu,Polygender,Comedy,American Virgin
302,Georgine,Fashion,gfashion8d@dailymotion.com,Male,Horror|Thriller,"Stepfather, The"
303,Michaela,Huniwall,mhuniwall8e@icio.us,Genderqueer,Drama,Pay It Forward
304,Vita,Dear,vdear8f@google.com.au,Polygender,(no genres listed),Musikanten
305,Hyatt,Thomlinson,hthomlinson8g@alexa.com,Female,Drama|Thriller,Fail Safe
306,Hale,Harmant,hharmant8h@cornell.edu,Female,Horror,"Woman, The"
307,Jillayne,Gianelli,jgianelli8i@mail.ru,Non-binary,Comedy|Drama,Rio Sex Comedy
308,Audy,Stoppe,astoppe8j@blogspot.com,Polygender,Animation|Horror,Rabbit
309,Maudie,Wixey,mwixey8k@patch.com,Agender,Drama,Promised Land
310,Zechariah,Vanni,zvanni8l@amazon.com,Bigender,Drama|Romance,Time (Shi gan)
311,Tynan,Scogin,tscogin8m@dot.gov,Male,Action|Adventure|Sci-Fi|Thriller,Escape from New York
312,Jessie,Gurnay,jgurnay8n@macromedia.com,Bigender,Drama|Romance,Beware of Pity
313,Lola,Cavan,lcavan8o@imdb.com,Non-binary,Romance,Never Met Picasso
314,Mary,Sellner,msellner8p@virginia.edu,Agender,Action|Adventure|Sci-Fi|Thriller|IMAX,"Matrix Revolutions, The"
315,Edythe,Manicom,emanicom8q@barnesandnoble.com,Non-binary,Crime|Drama|Thriller,Odds Against Tomorrow
316,Colline,Gommey,cgommey8r@usda.gov,Female,Drama,Kitchen Party
317,Harris,Nayer,hnayer8s@i2i.jp,Genderqueer,Horror|Mystery|Thriller,"Abandoned, The"
318,Ezri,Ibel,eibel8t@newsvine.com,Male,Drama|War,King & Country
319,Minne,Lyvon,mlyvon8u@spiegel.de,Polygender,Comedy|Drama,"Lesson in Love, A (En lektion i kärlek)"
320,Randee,Kinchington,rkinchington8v@unblog.fr,Non-binary,Comedy,La Belle Verte
321,Rosaline,Hannis,rhannis8w@quantcast.com,Genderqueer,Comedy,Notorious C.H.O.
322,Rosamond,Fitzsimons,rfitzsimons8x@cbslocal.com,Bigender,Drama|War,Roots
323,Rosamond,Wallentin,rwallentin8y@google.es,Genderfluid,Crime|Drama,Dillinger Is Dead (Dillinger è morto)
324,Shirley,Febvre,sfebvre8z@pagesperso-orange.fr,Polygender,Action|Crime|Fantasy,Dark Portals: The Chronicles of Vidocq  (Vidocq)
325,Alison,Pigny,apigny90@ask.com,Bigender,Crime|Drama|Thriller,Obsessed
326,Benyamin,Scatchar,bscatchar91@freewebs.com,Genderqueer,Drama,Julia
327,Hort,Kaine,hkaine92@joomla.org,Bigender,Action|Crime|Drama|Thriller,"Fast & Furious (Fast and the Furious 4, The)"
328,Issiah,Levene,ilevene93@hatena.ne.jp,Agender,Comedy|Horror,ZMD: Zombies of Mass Destruction
329,Abbott,Vahey,avahey94@whitehouse.gov,Non-binary,Documentary,"Greatest Movie Ever Sold, The (POM Wonderful Presents: The Greatest Movie Ever Sold)"
330,Derrek,Gueste,dgueste95@cyberchimps.com,Male,Sci-Fi|Thriller,Futureworld
331,Karoly,MacAscaidh,kmacascaidh96@dmoz.org,Male,Drama|Romance,Eden
332,Lynnet,Denslow,ldenslow97@myspace.com,Male,Action|Crime|Thriller,xXx
333,Mikol,Pevsner,mpevsner98@examiner.com,Bigender,Drama|Romance|Thriller,Take My Eyes (Te doy mis ojos)
334,Sue,Sharvill,ssharvill99@wiley.com,Genderfluid,Action|Mystery|Thriller,"Naked Face, The"
335,Kristos,De Witt,kdewitt9a@engadget.com,Non-binary,Action|Comedy|Horror|Thriller,Butcher Boys (Bone Boys)
336,Candice,Oliver-Paull,coliverpaull9b@yahoo.com,Non-binary,Action|Horror,Outpost: Black Sun
337,Randolf,Garrit,rgarrit9c@hhs.gov,Bigender,Crime,"Rise and Fall of Legs Diamond, The"
338,Mathian,Scibsey,mscibsey9d@free.fr,Bigender,Horror,Wild Beasts (Wild beasts - Belve feroci)
339,Merissa,Yurkin,myurkin9e@discovery.com,Non-binary,Drama|Western,Geronimo: An American Legend
340,Layney,Mariner,lmariner9f@wordpress.com,Polygender,Documentary,Lake of Fire
341,Pauletta,Capnerhurst,pcapnerhurst9g@nationalgeographic.com,Bigender,Drama|Fantasy|Horror,"White Reindeer, The (Valkoinen peura)"
342,Hammad,Forsard,hforsard9h@businesswire.com,Genderqueer,Comedy|Crime|Thriller,Two Hands
343,Meg,Edens,medens9i@typepad.com,Agender,Western,Bells of Capistrano
344,Roxane,Squirrel,rsquirrel9j@i2i.jp,Non-binary,Drama|War,Generation War
345,Archaimbaud,Libbe,alibbe9k@people.com.cn,Bigender,Drama,Brothers of the Head
346,Larisa,Le Brun,llebrun9l@ted.com,Genderfluid,Action|Drama|Thriller,"Cutter, The"
347,Virgina,Batrim,vbatrim9m@shutterfly.com,Male,Action|Crime|Thriller,"Shepherd: Border Patrol, The"
348,Zita,Hurles,zhurles9n@ibm.com,Bigender,Drama,I Melt with You
349,Cathe,Garrity,cgarrity9o@skype.com,Male,Action|Crime|Drama,The Divine Move
350,Loutitia,Abelson,labelson9p@dropbox.com,Genderqueer,Comedy|Crime,Two Kilers (Kilerów 2-óch)
351,Orel,Finkle,ofinkle9q@wp.com,Genderqueer,Horror,"Gate, The"
352,Ellie,Baldocci,ebaldocci9r@comcast.net,Polygender,Crime|Horror|Thriller,Scar
353,Rhiamon,Peete,rpeete9s@qq.com,Female,Comedy,"I Are You, You Am Me (Tenkosei)"
354,Way,Cufflin,wcufflin9t@nps.gov,Female,Drama|Romance,Flamingo Road
355,Lily,Tanton,ltanton9u@friendfeed.com,Agender,Drama,Live-In Maid (Cama adentro)
356,Tyrus,Marshall,tmarshall9v@mac.com,Bigender,Comedy|Drama,Meantime
357,Kathrine,Dadson,kdadson9w@rediff.com,Polygender,Drama,Worlds Apart (To verdener)
358,Roderich,Addionisio,raddionisio9x@netscape.com,Genderqueer,Romance,Raise Your Voice
359,Irvine,Dimmer,idimmer9y@pcworld.com,Genderqueer,Comedy|Drama|Musical|Romance,"Best Little Whorehouse in Texas, The"
360,Menard,Willishire,mwillishire9z@twitpic.com,Genderqueer,Action|Adventure,Hellfighters
361,Antoni,Vampouille,avampouillea0@ovh.net,Female,Drama|Fantasy|Horror|Mystery,Face to Face (Ansikte mot ansikte)
362,Shurwood,Cund,scunda1@phoca.cz,Male,Drama|Romance,Stanley & Iris
363,Prissie,Agdahl,pagdahla2@wix.com,Genderfluid,Comedy|Drama,Wonder Boys
364,Pat,Samsworth,psamswortha3@godaddy.com,Genderfluid,Documentary,Marjoe
365,Eugenia,Silberschatz,esilberschatza4@zdnet.com,Bigender,Action|War,Iron Eagle
366,Cherice,Camous,ccamousa5@youtube.com,Male,Action|Adventure|Animation|Fantasy|Sci-Fi,Dragon Ball Z: Dead Zone (Doragon bôru Z 1: Ora no Gohan wo kaese)
367,Valentino,Livingston,vlivingstona6@unblog.fr,Agender,Action|Crime|Drama,"Untouchables, The"
368,Axel,Pembridge,apembridgea7@friendfeed.com,Non-binary,Documentary,Blood in the Mobile
369,Devonna,Hatrey,dhatreya8@godaddy.com,Bigender,Action|Horror|Sci-Fi|Thriller,Snakehead Terror
370,Barclay,Waddie,bwaddiea9@mediafire.com,Polygender,Musical|Western,Heldorado
371,Melina,Jarret,mjarretaa@yellowpages.com,Polygender,Comedy|Drama,Where Do We Go Now?
372,Darcie,Chellam,dchellamab@ask.com,Bigender,Drama,"Silver Stallion (Silver Brumpy, The)"
373,Elana,Handlin,ehandlinac@webeden.co.uk,Female,Action|Crime|Drama|IMAX,"Dark Knight, The"
374,Mano,Sacco,msaccoad@cpanel.net,Female,Children|Comedy,I Saw Mommy Kissing Santa Claus
375,Abbye,Maffioni,amaffioniae@house.gov,Polygender,Drama,Wildflowers
376,Wade,Eberle,weberleaf@skyrock.com,Non-binary,Comedy,Drained (O cheiro do Ralo)
377,Sella,Quaif,squaifag@github.com,Genderqueer,Action|Crime|Drama|Thriller,Face/Off
378,Sal,Petty,spettyah@privacy.gov.au,Non-binary,Comedy|Horror|Sci-Fi,Critters 4
379,Sissie,De Freyne,sdefreyneai@uol.com.br,Genderfluid,Adventure|Drama|Romance,"Pearl, The (La perla)"
380,Laurette,McCarrell,lmccarrellaj@pen.io,Bigender,Children|Comedy,Daddy Day Care
381,Julita,Fane,jfaneak@clickbank.net,Bigender,Drama,The Last Diamond
382,Kile,Harrie,kharrieal@pcworld.com,Agender,Comedy,Wet Hot American Summer
383,Rossy,Jevons,rjevonsam@yellowbook.com,Agender,Drama,Three Colors: Red (Trois couleurs: Rouge)
384,Dode,Cosely,dcoselyan@canalblog.com,Male,Comedy,Tasting Menu
385,Aubree,Riseborough,ariseboroughao@ask.com,Genderfluid,Comedy,Topaze
386,Celie,Goodhall,cgoodhallap@unblog.fr,Genderfluid,Drama,"Holy Girl, The (Niña santa, La)"
387,Anthea,Smallpeice,asmallpeiceaq@flickr.com,Bigender,Documentary,"Jonathan Rosenbaum, Present"
388,Marlane,Colvine,mcolvinear@a8.net,Bigender,Horror|Thriller,Bruiser
389,Cornie,Blasl,cblaslas@mozilla.org,Male,Drama|Romance,"Cruel Romance, A (Zhestokij Romans)"
390,Staford,Swinfen,sswinfenat@twitter.com,Non-binary,Comedy,"Dish, The"
391,Jolene,Clericoates,jclericoatesau@skype.com,Non-binary,Animation|Comedy,Hoodwinked Too! Hood vs. Evil
392,Carmelina,Pimblett,cpimblettav@cloudflare.com,Genderfluid,Comedy,Dating Games People Play
393,Leese,Peppin,lpeppinaw@imageshack.us,Agender,Action|Drama|Fantasy|Sci-Fi,Casshern
394,Meriel,Isitt,misittax@elpais.com,Genderqueer,Comedy|Drama,Merlusse
395,Lorelle,Attril,lattrilay@shinystat.com,Female,Comedy|Drama,"Young in Heart, The"
396,Forest,Muirhead,fmuirheadaz@drupal.org,Genderfluid,Action|Drama|Thriller,Zero Dark Thirty
397,Irvine,Benedikt,ibenediktb0@instagram.com,Non-binary,Drama,Gods and Monsters
398,Angele,Sutherel,asutherelb1@merriam-webster.com,Non-binary,Comedy|Drama,O'Horten
399,Shawn,Jacquest,sjacquestb2@wikipedia.org,Non-binary,Crime|Drama|Thriller,Citizen X
400,Mauricio,Koppen,mkoppenb3@studiopress.com,Female,Crime|Drama|Mystery,Changeling
401,Sigismundo,O'Brogan,sobroganb4@google.ca,Male,Romance|Western,Riders of Destiny
402,Idaline,Gleeson,igleesonb5@theatlantic.com,Male,Comedy,The Two Policemen
403,Doll,Alston,dalstonb6@reverbnation.com,Genderqueer,Drama,Before I Self Destruct
404,Finley,Shieldon,fshieldonb7@hubpages.com,Female,Crime|Drama|Thriller,Sea of Love
405,Amby,Klagge,aklaggeb8@slashdot.org,Polygender,Drama|Film-Noir|Thriller,"Bribe, The"
406,Nial,Sissons,nsissonsb9@list-manage.com,Male,Children|Drama,Skylark
407,Hillary,Rushman,hrushmanba@psu.edu,Genderfluid,Drama,Newlyweds
408,Valerie,Francescotti,vfrancescottibb@360.cn,Female,Drama,Not Reconciled (Nicht versöhnt oder Es hilft nur Gewalt wo Gewalt herrscht)
409,Brendan,Saenz,bsaenzbc@alexa.com,Polygender,Comedy|Musical|Romance,Jupiter's Darling
410,Foster,Petera,fpeterabd@un.org,Male,Comedy|Horror,Gremlins 2: The New Batch
411,Saloma,Heaslip,sheaslipbe@si.edu,Bigender,Animation|Drama,She and Her Cat (Kanojo to kanojo no neko)
412,Alleyn,Stodhart,astodhartbf@over-blog.com,Male,Animation,Expelled from Paradise
413,Shaina,Perren,sperrenbg@comcast.net,Bigender,Action|Comedy|Crime|Thriller,Police Story 2 (Ging chaat goo si juk jaap)
414,Brigitte,Kubik,bkubikbh@amazon.de,Female,Drama|Sci-Fi|Thriller,10.5: Apocalypse
415,Wat,Housbie,whousbiebi@craigslist.org,Bigender,Drama,O
416,Gabriel,Maile,gmailebj@com.com,Male,Crime|Drama,Roberto Succo
417,Coriss,Spraging,cspragingbk@dailymotion.com,Female,Action|Comedy|Drama|Romance|War,Lazybones
418,Corabel,Filson,cfilsonbl@ibm.com,Non-binary,Drama,Ice Bound
419,Trace,Attack,tattackbm@goo.gl,Female,Action|Animation|Fantasy,Dante's Inferno: An Animated Epic
420,Lyndell,Ivanaev,livanaevbn@parallels.com,Male,Action|Adventure|Crime|Thriller,Welcome to the Punch
421,Travus,Demanche,tdemanchebo@plala.or.jp,Non-binary,Comedy|Drama,Harishchandrachi Factory
422,Linette,Treamayne,ltreamaynebp@paypal.com,Genderqueer,Comedy,"Captain's Paradise, The"
423,Bobbi,Fallen,bfallenbq@nifty.com,Female,Drama|Horror|Mystery|Thriller,"Wicker Man, The"
424,Puff,Favelle,pfavellebr@cdbaby.com,Agender,Crime|Drama|Thriller,Across the Bridge
425,Nissa,Stronack,nstronackbs@163.com,Female,Drama,Sweetie
426,Nanete,Boddam,nboddambt@eepurl.com,Female,Comedy,Stella: Live in Boston
427,Dyane,Pettus,dpettusbu@alibaba.com,Genderfluid,Drama|War,"Last Command, The"
428,Jenni,Davidy,jdavidybv@washingtonpost.com,Non-binary,Action,Shadow Man
429,Harvey,Harnes,hharnesbw@uol.com.br,Genderqueer,Drama|Romance,Dirty Filthy Love
430,Ado,Scanterbury,ascanterburybx@google.com.hk,Female,Comedy,Pete Smalls Is Dead
431,Lennard,Buessen,lbuessenby@reuters.com,Female,Comedy,Jesus Henry Christ
432,Cully,Domingues,cdominguesbz@weather.com,Agender,Horror,"Dead, The"
433,Graeme,Siemandl,gsiemandlc0@istockphoto.com,Male,Crime|Drama|Fantasy|Mystery|Thriller,"Invisible, The"
434,Nerti,McGilvray,nmcgilvrayc1@businesswire.com,Male,Action|Sci-Fi,Superman II
435,Garry,McKimmie,gmckimmiec2@uiuc.edu,Female,Action|Adventure|Sci-Fi|Thriller,Spawn
436,Harriott,Mattholie,hmattholiec3@amazon.co.jp,Polygender,Comedy|Crime|Drama,"Larceny, Inc."
437,Jarrett,Warwick,jwarwickc4@merriam-webster.com,Non-binary,Documentary,Fuel
438,Vonni,De Hailes,vdehailesc5@cbsnews.com,Bigender,Horror|Sci-Fi|Thriller,Komodo
439,Jerrie,Sigars,jsigarsc6@ifeng.com,Non-binary,Documentary,A Spell to Ward Off the Darkness
440,Catlaina,Choules,cchoulesc7@eepurl.com,Polygender,Comedy,Class Act
441,Sayers,Turrill,sturrillc8@slideshare.net,Male,Comedy|Horror,Black Sheep
442,Adi,Denziloe,adenziloec9@acquirethisname.com,Agender,Drama,Samoure
443,Stan,Mell,smellca@desdev.cn,Agender,(no genres listed),La Belle équipe
444,Arri,Minichi,aminichicb@japanpost.jp,Non-binary,Drama,"Children's Hour, The"
445,Judy,Brader,jbradercc@livejournal.com,Male,Action|War,American Sniper
446,Averil,Yakushkin,ayakushkincd@illinois.edu,Polygender,Action|Adventure|Drama,The Crowded Sky
447,Erina,Moore,emoorece@webnode.com,Agender,Drama|Horror|Mystery|Thriller,Ghost Son
448,Katrine,Yakutin,kyakutincf@weibo.com,Genderfluid,Horror|Sci-Fi,Bride of the Monster
449,Valene,Kenna,vkennacg@webs.com,Genderqueer,Comedy|Romance,Life or Something Like It
450,Minny,Baddeley,mbaddeleych@ocn.ne.jp,Genderfluid,Action|Children|Fantasy|Musical,The Nutcracker in 3D
451,Raimondo,Turley,rturleyci@mapquest.com,Genderqueer,Sci-Fi,"Day the Earth Caught Fire, The"
452,Carmine,Greenhough,cgreenhoughcj@histats.com,Genderfluid,Comedy,Kiki
453,Ofelia,Colquhoun,ocolquhounck@mail.ru,Polygender,Action|Comedy,"Chaperone, The"
454,Eugenia,Cotterill,ecotterillcl@hp.com,Male,Comedy|Drama,(Untitled)
455,Zsazsa,Sonley,zsonleycm@clickbank.net,Bigender,Drama,Home
456,Thornie,Carson,tcarsoncn@nasa.gov,Genderqueer,Action|Adventure|Animation|Drama|Fantasy,Escaflowne: The Movie (Escaflowne)
457,Cynthie,Ashburner,cashburnerco@storify.com,Male,Comedy|Horror,Stan Helsing
458,Aurelea,Ben-Aharon,abenaharoncp@alibaba.com,Agender,Horror,Friday the 13th Part IV: The Final Chapter
459,Ashbey,Pethrick,apethrickcq@cornell.edu,Polygender,Documentary,Wheel of Time
460,Netty,Bygrove,nbygrovecr@free.fr,Genderfluid,Romance,The Kiss
461,Skell,Andreu,sandreucs@deviantart.com,Male,Horror|Mystery|Sci-Fi|Thriller,Invasion of the Body Snatchers
462,Anya,Degue,adeguect@latimes.com,Polygender,Documentary,Marwencol
463,Valera,O' Liddy,voliddycu@jimdo.com,Male,Documentary,No Impact Man: The Documentary
464,Katherine,Foulstone,kfoulstonecv@auda.org.au,Genderqueer,Crime|Drama|Romance,First Name: Carmen (Prénom Carmen)
465,Reider,Mottley,rmottleycw@about.me,Male,Comedy|Crime|Romance,"Cure for Love, A (Lekarstwo na milosc)"
466,Janene,Krollmann,jkrollmanncx@accuweather.com,Male,Drama,Landscape with a Woman (Zena s krajolikom)
467,Selma,Porteous,sporteouscy@oakley.com,Female,Drama|Horror|Mystery|Thriller,"Wicker Man, The"
468,Linnell,Southernwood,lsouthernwoodcz@youku.com,Genderfluid,Horror,Epitaph
469,Emily,MacGilmartin,emacgilmartind0@netvibes.com,Genderfluid,Action|Drama,Empire State
470,Margaretta,Rawson,mrawsond1@earthlink.net,Female,Drama,One Night Stand
471,Ofelia,Gors,ogorsd2@prlog.org,Female,(no genres listed),We Cause Scenes
472,Amil,Breche,abreched3@huffingtonpost.com,Genderfluid,Action,Caged Heat
473,Sidney,Spellworth,sspellworthd4@nsw.gov.au,Genderqueer,Action|Comedy,Rush Hour 2
474,Katinka,Doherty,kdohertyd5@unicef.org,Genderqueer,Action|Adventure|Comedy|Crime|Thriller,"Diamond Arm, The (Brilliantovaya ruka)"
475,Nanon,Malarkey,nmalarkeyd6@yolasite.com,Male,Drama,"Forbidden Christ, The (Cristo proibito, Il)"
476,Elsi,Essberger,eessbergerd7@behance.net,Male,Action|Adventure|Children|Comedy,Agent Cody Banks 2: Destination London
477,Cesar,Foresight,cforesightd8@issuu.com,Agender,Comedy|Musical,Bran Nue Dae
478,Hobard,Rolfs,hrolfsd9@wikispaces.com,Non-binary,Drama,Sparrows
479,Arne,Brenton,abrentonda@godaddy.com,Genderfluid,Documentary|Musical,Stop Making Sense
480,Chlo,Franzonetti,cfranzonettidb@list-manage.com,Bigender,Comedy|Drama|Romance|Thriller,Waxworks (Das Wachsfigurenkabinett)
481,Clemmy,Grigoriscu,cgrigoriscudc@harvard.edu,Male,Adventure|Drama,Samson and Delilah
482,Skylar,Cutriss,scutrissdd@cbsnews.com,Female,Comedy,Cool Runnings
483,Si,Vannucci,svannuccide@i2i.jp,Agender,Comedy,Clockwise
484,Borden,Jaycock,bjaycockdf@goodreads.com,Male,Action|Horror|Mystery|Thriller,Cold Prey (Fritt Vilt)
485,Eilis,Legan,elegandg@intel.com,Agender,Horror,Halloween
486,Simonette,Zorzin,szorzindh@prweb.com,Bigender,Adventure|Drama,"Inn of the Sixth Happiness, The"
487,Adrea,Huxton,ahuxtondi@usda.gov,Polygender,Documentary,Too Tough to Die: A Tribute to Johnny Ramone
488,Barn,Philipet,bphilipetdj@nymag.com,Male,Drama,"Life and Nothing But (Vie et rien d'autre, La)"
489,Thomasine,Mawhinney,tmawhinneydk@economist.com,Genderfluid,Drama|War,Europa Europa (Hitlerjunge Salomon)
490,Waneta,Grinishin,wgrinishindl@apple.com,Female,Action|Adventure|War,Coronado
491,Carri,Wornum,cwornumdm@shinystat.com,Non-binary,Drama,Chasing Mavericks
492,Peg,Mathonnet,pmathonnetdn@discovery.com,Genderqueer,Drama|Sci-Fi,Radio Free Albemuth
493,Gayler,Laird,glairddo@pagesperso-orange.fr,Genderfluid,Drama,Kai Po Che!
494,Darya,Lusgdin,dlusgdindp@mit.edu,Male,Comedy|Drama,Kotch
495,Dorisa,McGrorty,dmcgrortydq@cnn.com,Non-binary,Drama|Thriller,Walk on Water
496,Terrye,Goldsberry,tgoldsberrydr@wordpress.com,Non-binary,Action|Adventure|Crime|Horror|Thriller,Death Proof
497,Susan,Jolley,sjolleyds@google.cn,Genderfluid,Horror|Sci-Fi,"Ape, The"
498,Robinetta,Robotham,rrobothamdt@bandcamp.com,Female,Drama,"World's Fastest Indian, The"
499,Carola,Chattaway,cchattawaydu@webs.com,Genderqueer,Documentary,Bettie Page Reveals All
500,Nathalia,Hastwell,nhastwelldv@rediff.com,Genderqueer,Adventure|Drama,Stanley and Livingstone
501,Karlens,Stayt,kstaytdw@dot.gov,Genderfluid,Children|Comedy,St. Trinian's
502,Fabian,Gooding,fgoodingdx@angelfire.com,Male,Documentary,Recipes for Disaster
503,Herold,Checcuzzi,hcheccuzzidy@dropbox.com,Male,Drama,Emmanuelle 2
504,Noami,Baldassi,nbaldassidz@sphinn.com,Genderfluid,Comedy|Crime|Drama,Find Me Guilty
505,Ariana,Van der Daal,avanderdaale0@unblog.fr,Agender,Comedy|Drama,Berlin Calling
506,Elise,Batstone,ebatstonee1@stanford.edu,Female,Animation|Fantasy,Prince of the Sun: The Great Adventure of Horus (Taiyou no ouji Horusu no daibouken)
507,Joy,Tetther,jtetthere2@businessinsider.com,Bigender,Comedy,Tom Segura: Completely Normal
508,Jobina,Riby,jribye3@mayoclinic.com,Bigender,Comedy,St. Vincent
509,Hieronymus,Hamil,hhamile4@hc360.com,Female,Drama,Hell's Kitchen
510,Sharline,McNicol,smcnicole5@fastcompany.com,Non-binary,Comedy|Drama|Romance,Sex and Breakfast
511,Jess,Armstrong,jarmstronge6@usda.gov,Genderqueer,Comedy|Romance,Christmas in July
512,Jeremiah,Moorerud,jmoorerude7@youtube.com,Genderfluid,Comedy|Horror,I Sell the Dead
513,Kyle,Adolthine,kadolthinee8@disqus.com,Genderfluid,Adventure|Children|War,Johnny Tremain
514,Goldie,De Vaux,gdevauxe9@netlog.com,Genderqueer,Action|Crime|Mystery|Thriller,Sherlock Holmes
515,Dodi,Scowcraft,dscowcraftea@cbslocal.com,Polygender,Adventure|Children|Drama,Black Beauty
516,Iver,Pocock,ipocockeb@rambler.ru,Genderqueer,Comedy|Drama,World's Greatest Dad
517,Florella,Quartermain,fquartermainec@istockphoto.com,Agender,Documentary,Heidi Fleiss: Hollywood Madam
518,Stanly,Rennolds,srennoldsed@topsy.com,Genderfluid,Action|Comedy|Crime|Drama,Knockin' on Heaven's Door
519,Spenser,Markham,smarkhamee@scribd.com,Female,Horror,"Freddy's Dead: The Final Nightmare (Nightmare on Elm Street Part 6: Freddy's Dead, A)"
520,Sonny,Le Gassick,slegassickef@issuu.com,Male,Romance,One Night of Love
521,Albina,Van Dale,avandaleeg@imdb.com,Polygender,Drama,Pretty Baby
522,Petey,Blackley,pblackleyeh@pagesperso-orange.fr,Polygender,Comedy,What We Did on Our Holiday
523,Cherry,McEwen,cmcewenei@merriam-webster.com,Genderfluid,Drama,Anna Christie
524,Joete,Izkovicz,jizkoviczej@theglobeandmail.com,Polygender,Action|Adventure|Comedy|Crime|Thriller,"Diamond Arm, The (Brilliantovaya ruka)"
525,Gwendolin,Cuttle,gcuttleek@elpais.com,Female,Comedy|Drama|Romance,"Cutting Edge, The"
526,Richie,Brumble,rbrumbleel@ycombinator.com,Male,Documentary,Cowboy del Amor
527,Missy,Sorrell,msorrellem@sun.com,Male,Drama,Dead Ahead: The Exxon Valdez Disaster
528,Josiah,Bage,jbageen@mapquest.com,Genderqueer,Action|Drama|Thriller,"Cutter, The"
529,Tanhya,Curnnok,tcurnnokeo@nifty.com,Polygender,Drama,"Color of Pomegranates, The (Sayat Nova)"
530,Rodney,Millwall,rmillwallep@technorati.com,Polygender,Comedy,"Seducing Doctor Lewis (Grande séduction, La)"
531,Indira,Spreag,ispreageq@google.ru,Non-binary,Adventure|Fantasy,Aladdin
532,Olympe,McClaurie,omcclaurieer@umn.edu,Genderqueer,Action|Adventure|Fantasy,Highlander: The Search for Vengeance
533,Avictor,Southerill,asoutherilles@omniture.com,Non-binary,Thriller,Peacock
534,Der,Perrygo,dperrygoet@is.gd,Genderfluid,Drama|Thriller,Confidential Agent
535,Hubie,Bownas,hbownaseu@pagesperso-orange.fr,Bigender,Drama,Victory
536,Giselle,Kissick,gkissickev@squidoo.com,Female,Action|Crime|Drama|Thriller,"Killer, The (Die xue shuang xiong)"
537,Shelia,Pawelski,spawelskiew@godaddy.com,Bigender,Documentary,Misconception
538,Parker,Channing,pchanningex@dell.com,Agender,Action|Adventure|Mystery|Sci-Fi,Congo
539,Kalie,Ridgedell,kridgedelley@miibeian.gov.cn,Agender,Drama,Last Exit to Brooklyn
540,Helena,Keningley,hkeningleyez@prweb.com,Male,Crime|Drama|Mystery,Mr. Moto's Gamble
541,Darsie,Gidney,dgidneyf0@comcast.net,Agender,Drama,"End of Love, The"
542,Chad,Loveitt,cloveittf1@chron.com,Agender,Comedy|Fantasy|Romance,Penelope
543,Evania,Gianolo,egianolof2@biglobe.ne.jp,Polygender,Action|Animation|Sci-Fi,Halo Legends
544,Enriqueta,Rossbrooke,erossbrookef3@last.fm,Genderfluid,Drama,Marie Krøyer
545,Loren,Keeves,lkeevesf4@de.vu,Genderqueer,Adventure|Horror|Mystery,Equinox
546,Babb,Pierce,bpiercef5@epa.gov,Genderqueer,Drama|Thriller,"Dinner, The (Diner, Het)"
547,Florie,Thomelin,fthomelinf6@nps.gov,Genderfluid,Action|Crime|Thriller,Thursday
548,Harman,Barrass,hbarrassf7@merriam-webster.com,Male,Drama,Providence
549,Amity,Chessil,achessilf8@yahoo.co.jp,Genderfluid,Documentary,Unmistaken Child
550,Alicea,Cardoe,acardoef9@yelp.com,Non-binary,Horror,"Alligator People, The"
551,Sauveur,Smewin,ssmewinfa@moonfruit.com,Male,Horror|Thriller,Halloween: Resurrection (Halloween 8)
552,Claiborne,Baal,cbaalfb@artisteer.com,Bigender,Action|Thriller,Daylight (Daglicht)
553,Rodie,Huntall,rhuntallfc@pinterest.com,Female,Drama,Japanese Girls at the Harbor (Minato no nihon musume)
554,Jerrie,Farlambe,jfarlambefd@cbsnews.com,Genderfluid,Adventure|Drama|Romance,"Iron Mask, The"
555,Anissa,Gillet,agilletfe@angelfire.com,Polygender,Action|Mystery|Thriller,52 Pick-Up
556,Lotty,Plan,lplanff@constantcontact.com,Agender,Comedy|Romance|Thriller,My Favorite Blonde
557,Barrie,Jerschke,bjerschkefg@sciencedaily.com,Genderfluid,Documentary|Drama,Pirates of Silicon Valley
558,Siusan,Kubica,skubicafh@smugmug.com,Female,Comedy,"Bo Burnham: Words, Words, Words"
559,Philipa,Alabastar,palabastarfi@indiegogo.com,Genderfluid,Musical,Meet Me at the Fair
560,Fin,Pawlowicz,fpawlowiczfj@so-net.ne.jp,Genderqueer,Documentary,The Dust Bowl
561,Frederico,Humphrys,fhumphrysfk@ask.com,Genderqueer,Action|Adventure|Comedy,"Dukes of Hazzard, The"
562,Sherlocke,O'Leagham,soleaghamfl@gizmodo.com,Male,(no genres listed),Ice Poison
563,Eve,Jannaway,ejannawayfm@apple.com,Polygender,Documentary,Side by Side
564,Nelly,Gianettini,ngianettinifn@vinaora.com,Male,Action|Crime|Drama,Prime Cut
565,Winne,Lowey,wloweyfo@archive.org,Female,Drama|Mystery|Romance,Lulu on the Bridge
566,Mischa,Zoane,mzoanefp@t.co,Female,Documentary,Kenji Mizoguchi: The Life of a Film Director (Aru eiga-kantoku no shogai)
567,Cyrillus,Blinco,cblincofq@cnbc.com,Agender,Comedy|Crime|Drama|Romance,Reclaim Your Brain (Free Rainer)
568,Reube,Meriel,rmerielfr@blinklist.com,Genderfluid,Action|Documentary|Drama|Romance|War,Ghosts of Cité Soleil
569,Trescha,McGlaughn,tmcglaughnfs@yelp.com,Male,Action|Western,Invitation to a Gunfighter
570,Yehudi,Hatt,yhattft@oakley.com,Bigender,Drama,Mary of Scotland
571,Daniele,Mallord,dmallordfu@jimdo.com,Female,Drama|War,Mr. Pip
572,Benjamin,Andreas,bandreasfv@blogspot.com,Male,Children,Pippi on the Run (På rymmen med Pippi Långstrump)
573,Culley,Praill,cpraillfw@parallels.com,Non-binary,Drama|Thriller,Night Moves
574,Hyman,Bawdon,hbawdonfx@gnu.org,Polygender,Drama,King of the Children (Hai zi wang)
575,Corine,Whinney,cwhinneyfy@dropbox.com,Male,Drama|War,My Boy Jack
576,Giusto,Futcher,gfutcherfz@dropbox.com,Bigender,Comedy|Fantasy|Thriller,Bad Biology
577,Ardyth,Bern,aberng0@xinhuanet.com,Polygender,Comedy,Ricky Gervais: Out of England - The Stand-Up Special
578,Bianca,Stronack,bstronackg1@businessinsider.com,Male,Comedy|Drama,Adventureland
579,Kylen,Jerratsch,kjerratschg2@narod.ru,Agender,Drama,Eternity and a Day (Mia aoniotita kai mia mera)
580,Carri,Von Gladbach,cvongladbachg3@rambler.ru,Non-binary,Drama|Thriller,Disturbia
581,Gaspar,Infante,ginfanteg4@simplemachines.org,Non-binary,Crime|Drama|Thriller,New York
582,Radcliffe,Hawkey,rhawkeyg5@flavors.me,Genderfluid,Comedy|Crime|Drama,Something Wild
583,Jobi,Habbon,jhabbong6@mozilla.org,Bigender,Comedy,Tomorrow We Move (Demain on déménage)
584,Michaelina,Damper,mdamperg7@desdev.cn,Genderqueer,Comedy|Crime|Drama|Fantasy,Time of the Gypsies (Dom za vesanje)
585,Christiane,Callery,ccalleryg8@naver.com,Male,Action|Fantasy|Horror,Santo vs. las lobas
586,Alvera,Mulhall,amulhallg9@cafepress.com,Polygender,Comedy|Romance|Sci-Fi,"Invisible Woman, The"
587,Ida,Cranney,icranneyga@storify.com,Bigender,Drama|Horror|Thriller,Phantom of the Woods
588,Temp,Rains,trainsgb@army.mil,Male,Drama|Horror|Thriller,Backcountry
589,Cassondra,Gouldstraw,cgouldstrawgc@live.com,Female,Comedy,Made in America
590,Tabor,Sleit,tsleitgd@163.com,Genderfluid,Documentary|Horror,A Night at the Movies: The Horrors of Stephen King
591,Derrek,Farnworth,dfarnworthge@youtu.be,Female,Crime,True Believer
592,Valina,Lanphere,vlanpheregf@nsw.gov.au,Polygender,Horror|Sci-Fi|Thriller,28 Weeks Later
593,Vinson,Carnie,vcarniegg@multiply.com,Agender,Animation|Children,Garfield's Halloween Adventure
594,Madlen,aManger,mamangergh@blogtalkradio.com,Genderfluid,Drama,"Cool, Dry Place, A"
595,Heda,Fittall,hfittallgi@spotify.com,Genderfluid,Documentary,Podwórka
596,Lyell,O'Brogan,lobrogangj@nih.gov,Agender,Drama|Film-Noir,Drunken Angel (Yoidore tenshi)
597,Joete,Cumine,jcuminegk@discuz.net,Polygender,Animation|Children|Musical,Make Mine Music
598,Lutero,Beakes,lbeakesgl@cnn.com,Bigender,Comedy|Crime|Drama|Thriller,Nobel Son
599,Abraham,Starrs,astarrsgm@ted.com,Non-binary,Horror|Sci-Fi|Thriller,Puppet Master 5: The Final Chapter
600,Myra,Bednell,mbednellgn@deviantart.com,Agender,Drama|Horror,Bedlam
601,Victoir,Muselli,vmuselligo@aol.com,Agender,Action|Animation|Crime|Drama|Film-Noir|Mystery|Sci-Fi|Thriller,Patlabor: The Movie (Kidô keisatsu patorebâ: The Movie)
602,Delbert,Mewett,dmewettgp@rediff.com,Female,Documentary,Liv & Ingmar
603,Johann,Bothen,jbothengq@aol.com,Polygender,(no genres listed),The Gardener
604,Rutger,Micka,rmickagr@nasa.gov,Male,Adventure|Comedy,Wild Hogs
605,Porter,Crosfield,pcrosfieldgs@about.com,Bigender,Crime|Drama,Across the Line: The Exodus of Charlie Wright
606,Greta,Gozard,ggozardgt@reddit.com,Male,Documentary,I am Von Höfler (Variation on Werther - Private Hungary 15)
607,Errick,Menichini,emenichinigu@npr.org,Polygender,Comedy|Musical|Romance,Neptune's Daughter
608,Osborne,MacGillivray,omacgillivraygv@umn.edu,Genderqueer,Comedy|Fantasy|Romance,"Bell, Book and Candle"
609,Waring,York,wyorkgw@cpanel.net,Genderfluid,Adventure|Animation|Children|Comedy|Fantasy|Romance,Gnomeo & Juliet
610,Vevay,Allden,valldengx@odnoklassniki.ru,Non-binary,Drama,Lap Dance
611,Libby,Grgic,lgrgicgy@sina.com.cn,Female,Children|Comedy|Fantasy,Elf
612,Benedicto,Martignoni,bmartignonigz@jiathis.com,Bigender,Drama|Romance,Marie Antoinette
613,Lilly,Linstead,llinsteadh0@nytimes.com,Bigender,Drama,Happy End
614,Sherman,Dykins,sdykinsh1@nytimes.com,Male,Comedy|Drama,Coupe de Ville
615,Joyann,Heake,jheakeh2@artisteer.com,Agender,Mystery|Sci-Fi,"Andromeda Strain, The"
616,Demott,Boyington,dboyingtonh3@ca.gov,Non-binary,Documentary,Mile... Mile & a Half
617,Neil,Regelous,nregeloush4@webs.com,Female,Adventure|Animation,Frozen Fever
618,Gearalt,Dri,gdrih5@redcross.org,Non-binary,Documentary,Milius
619,Kahaleel,Messitt,kmessitth6@sciencedirect.com,Genderfluid,Horror|Thriller,Naked Fear
620,Brandon,Jaxon,bjaxonh7@who.int,Agender,Drama,Almost Famous
621,Bellina,Dumphreys,bdumphreysh8@furl.net,Polygender,Drama,"Free Soul, A"
622,Dode,Peacey,dpeaceyh9@wikimedia.org,Polygender,Comedy|Drama,In Custody
623,Elga,Kun,ekunha@domainmarket.com,Polygender,Fantasy|Horror,Livid (Livide)
624,Marylynne,Mugg,mmugghb@addthis.com,Male,Crime|Drama|Mystery,"Offence, The"
625,Sybil,Rabjohns,srabjohnshc@digg.com,Genderfluid,Comedy|Drama,Every Day
626,Concettina,Wheowall,cwheowallhd@desdev.cn,Genderfluid,Adventure|Comedy,Dinosaurus!
627,Maynard,Luckhurst,mluckhursthe@mtv.com,Male,Action|Crime|Drama,In the Line of Duty: The F.B.I. Murders
628,Maisie,Slott,mslotthf@php.net,Agender,Crime|Drama|Thriller,Firewall
629,Stanleigh,Braemer,sbraemerhg@hhs.gov,Male,Comedy,My Best Friend's Wife
630,Susie,Skarin,sskarinhh@bloglines.com,Agender,Horror|Sci-Fi,Genocide (Konchû daisensô)
631,Tomlin,Attoc,tattochi@sourceforge.net,Bigender,Action|Comedy|Documentary|Drama,Superheroes
632,Linzy,Lochran,llochranhj@china.com.cn,Bigender,Adventure|Drama,Captain from Castile
633,Tommie,Mewha,tmewhahk@marriott.com,Agender,Drama,Violence at Noon (Hakuchu no torima)
634,Twila,Gubbins,tgubbinshl@elegantthemes.com,Non-binary,Drama|Sci-Fi,"Goodbye, 20th Century"
635,Sarah,Farry,sfarryhm@time.com,Non-binary,Comedy|Musical,"Million, Le (Million, The)"
636,Ira,Rawet,irawethn@linkedin.com,Bigender,Drama|Romance,Raintree County
637,Goddard,Lammerich,glammerichho@smugmug.com,Female,Comedy,Return Of The Ghostbusters
638,Izaak,Jodrellec,ijodrellechp@e-recht24.de,Agender,Drama,"Woman's Face, A (En kvinnas ansikte) "
639,Fredrick,Coakley,fcoakleyhq@dion.ne.jp,Polygender,Crime|Film-Noir,"Killers, The"
640,Davis,Vedenyakin,dvedenyakinhr@dell.com,Bigender,Comedy|Thriller,Salvation Boulevard
641,Jonathon,Corthes,jcortheshs@hud.gov,Polygender,Drama|Romance|Sci-Fi,"Time Traveler's Wife, The"
642,Guillema,Tapply,gtapplyht@google.cn,Non-binary,Drama|Mystery|Thriller,"Lady Vanishes, The"
643,Markus,Childrens,mchildrenshu@bing.com,Bigender,Crime|Thriller|Western,Cut-Throats Nine (Condenados a vivir)
644,Roby,Bicheno,rbichenohv@economist.com,Bigender,Sci-Fi,World Without End
645,Dee dee,Crate,dcratehw@deviantart.com,Bigender,Drama,Murmur of the Heart (Le souffle au coeur)
646,Lambert,Robison,lrobisonhx@indiegogo.com,Male,Animation|Children|Comedy|Fantasy,Garfield's Fun Fest
647,Damaris,Klimontovich,dklimontovichhy@statcounter.com,Non-binary,Drama,Price of Glory
648,Kalie,Roubay,kroubayhz@spiegel.de,Bigender,War,71: Into The Fire (Pohwasogeuro)
649,Jessi,Keller,jkelleri0@wiley.com,Non-binary,Mystery,Mike's Murder
650,Seana,Gatecliffe,sgatecliffei1@aol.com,Non-binary,Drama|Western,Time to Die (Tiempo de morir)
651,Tamara,Ropking,tropkingi2@state.gov,Bigender,Action|Drama,Titanic
652,Laure,Crayden,lcraydeni3@google.it,Genderqueer,Sci-Fi,Killers from Space
653,Wilma,Hyam,whyami4@alibaba.com,Non-binary,Drama,Butterfield 8
654,Abba,Audus,aaudusi5@devhub.com,Genderqueer,Adventure|Children|Fantasy,Return to Oz
655,Candice,Hawgood,chawgoodi6@drupal.org,Non-binary,Comedy,Ricky Gervais Live 2: Politics
656,Bab,Penwell,bpenwelli7@addtoany.com,Bigender,Comedy|Western,Goin' South
657,Fitzgerald,Mongeot,fmongeoti8@weibo.com,Genderqueer,Crime,We Still Kill the Old Way
658,Selig,Chazette,schazettei9@alexa.com,Genderqueer,Action|Adventure|Comedy|Romance|Thriller,True Lies
659,Guy,Rowbottam,growbottamia@washington.edu,Non-binary,Action|Crime|Drama,Fire with Fire
660,Harcourt,Twinning,htwinningib@aboutads.info,Female,Adventure|Animation|Children,101 Dalmatians (One Hundred and One Dalmatians)
661,Dolley,Bowton,dbowtonic@wired.com,Genderfluid,Drama|Romance|Western,Texas
662,Eleen,Vase,evaseid@acquirethisname.com,Male,Comedy,Haunted Honeymoon
663,Vina,Rainer,vrainerie@youtu.be,Polygender,Documentary,"Harvest/La Cosecha, The"
664,Klement,Blasius,kblasiusif@theatlantic.com,Genderqueer,Crime|Mystery,"Monkey's Mask, The"
665,Pepe,Alp,palpig@delicious.com,Non-binary,Documentary|Romance,Film ist a Girl & a Gun
666,Gabriele,Swynfen,gswynfenih@tuttocitta.it,Bigender,Action|Comedy|Crime|Thriller,Red 2
667,Randell,Manders,rmandersii@house.gov,Genderqueer,Comedy|Crime|Romance,"Prizefighter and the Lady, The"
668,Morganne,Ziebart,mziebartij@theguardian.com,Non-binary,Action|Adventure|Thriller,Firestorm
669,Franky,Kinnoch,fkinnochik@ibm.com,Non-binary,Drama|Western,"Night in Old Mexico, A"
670,Berke,Prise,bpriseil@alexa.com,Agender,Documentary,You're Gonna Miss Me
671,Fidelia,Inker,finkerim@springer.com,Agender,Comedy|Drama|Romance,Cesar & Rosalie (César et Rosalie)
672,Tammi,Ransbury,transburyin@skype.com,Genderfluid,Action|Animation|Sci-Fi,Gen 13 (a.k.a. Gen13: The Animated Movie)
673,Nomi,Crumbleholme,ncrumbleholmeio@merriam-webster.com,Bigender,Drama,"Hard, Fast and Beautiful"
674,Vassily,Truce,vtruceip@china.com.cn,Genderqueer,Horror,"Barrens, The"
675,Jae,Sussams,jsussamsiq@hud.gov,Agender,Drama|Romance,One Way Passage
676,Berenice,Prandoni,bprandoniir@omniture.com,Bigender,Horror|Mystery|Thriller,Omen IV: The Awakening
677,Loni,Crafts,lcraftsis@yandex.ru,Polygender,Drama,Shoeshine (Sciuscià)
678,Conant,Goaley,cgoaleyit@photobucket.com,Male,Drama|Romance,Fireproof
679,Allyson,O'Crotty,aocrottyiu@delicious.com,Female,Drama,Twilight of a Woman's Soul (Sumerki zhenskoi dushi)
680,Shell,Delieu,sdelieuiv@jugem.jp,Genderqueer,Adventure|Horror|Romance|Sci-Fi,Island of Lost Souls
681,Quillan,Christophersen,qchristopherseniw@mlb.com,Agender,Crime|Drama|Film-Noir,Illegal
682,Madelin,Pickersgill,mpickersgillix@cam.ac.uk,Genderqueer,Comedy|Romance,Romance in Manhattan
683,Frederick,Chawkley,fchawkleyiy@dmoz.org,Male,Horror,Bloodlust: Subspecies III
684,Scarface,Sayburn,ssayburniz@taobao.com,Genderfluid,Comedy|Musical,"Very Potter Musical, A"
685,Egan,De Meyer,edemeyerj0@linkedin.com,Genderfluid,Action|Comedy,Kill Buljo: The Movie
686,Katerine,Whitaker,kwhitakerj1@wp.com,Agender,Horror|Sci-Fi|Thriller,Dark Skies
687,Nola,Staines,nstainesj2@google.ru,Female,Children|Comedy|Drama|Musical,Annie
688,Janella,Wainer,jwainerj3@soundcloud.com,Male,Comedy,Diary of a Wimpy Kid: Rodrick Rules
689,Tiphanie,Dripps,tdrippsj4@chronoengine.com,Genderqueer,Documentary,Palme
690,Tania,Howroyd,thowroydj5@squarespace.com,Genderqueer,Action|Comedy|Drama,The Spiritual Boxer
691,Kiley,Petrolli,kpetrollij6@sciencedaily.com,Genderfluid,Comedy,On a marché sur Bangkok
692,Michaella,Menghi,mmenghij7@merriam-webster.com,Polygender,Comedy|Drama,Crazy in Alabama
693,Maje,Clemenson,mclemensonj8@simplemachines.org,Male,Drama,My Life So Far
694,Meridel,Goldston,mgoldstonj9@comsenz.com,Genderfluid,Comedy|Romance,Carnival in Flanders (La kermesse héroïque)
695,Kevon,Batram,kbatramja@gravatar.com,Agender,Comedy,Destiny Turns on the Radio
696,Hewett,Marmion,hmarmionjb@hugedomains.com,Agender,Drama|Romance,Just Anybody (Le premier venu)
697,Sumner,Hulett,shulettjc@harvard.edu,Female,Drama|Fantasy|Romance,It's a Wonderful Life
698,Letisha,Dignum,ldignumjd@ftc.gov,Polygender,Action|Adventure|Comedy|Crime,I Spy
699,Saxe,Stanmore,sstanmoreje@nasa.gov,Genderfluid,Action|Adventure|Drama|War,Night Ambush (Ill Met by Moonlight)
700,Freddy,Lazonby,flazonbyjf@theglobeandmail.com,Genderfluid,Horror,Are You Scared?
701,Ewart,Southernwood,esouthernwoodjg@virginia.edu,Genderqueer,Sci-Fi,"Yor, the Hunter from the Future"
702,Nadya,Climo,nclimojh@lulu.com,Agender,Adventure|Drama|Romance,Paraíso Travel
703,Margie,Vasilik,mvasilikji@guardian.co.uk,Male,Drama,Hurlyburly
704,Alva,Devo,adevojj@yale.edu,Bigender,Drama,"Event, The"
705,Annecorinne,Pruce,aprucejk@pen.io,Non-binary,Action|Drama|Romance|War,An Empress and the Warriors
706,Farlie,Mulvey,fmulveyjl@hugedomains.com,Male,Crime|Drama,G Men
707,Selma,Goodge,sgoodgejm@arizona.edu,Non-binary,Comedy|Drama,Boys on the Side
708,Chad,Dunstone,cdunstonejn@mozilla.org,Female,Action|Comedy|Crime,One for the Money
709,Hillard,Wolverson,hwolversonjo@paypal.com,Polygender,(no genres listed),Double Or Nothing
710,Leoine,Yo,lyojp@scribd.com,Female,Action|Comedy,Charlie's Angels
711,Alic,Vuitte,avuittejq@blogs.com,Non-binary,Documentary,Henry Kissinger: Secrets of a Superpower (Henry Kissinger - Geheimnisse einer Supermacht)
712,Loralee,Wollaston,lwollastonjr@addtoany.com,Agender,Crime|Drama,High School Confidential!
713,Kati,Flement,kflementjs@dell.com,Non-binary,Drama,Mascara
714,Robert,Brampton,rbramptonjt@jalbum.net,Non-binary,(no genres listed),Li'l Quinquin
715,Letti,Woodham,lwoodhamju@yellowpages.com,Male,Drama|Film-Noir,Clash by Night
716,Annadiane,Le Cornu,alecornujv@soup.io,Genderqueer,Drama,Temple Grandin
717,Constantino,Loble,cloblejw@businesswire.com,Polygender,Crime|Drama|Horror|Thriller,Corridors of Blood
718,Rube,Leppo,rleppojx@acquirethisname.com,Bigender,Drama|Thriller,"Russia House, The"
719,Gerek,Canning,gcanningjy@berkeley.edu,Genderfluid,Comedy|Romance,Take Me Home
720,Hartley,Bizzey,hbizzeyjz@timesonline.co.uk,Genderfluid,Drama|Romance,Love's Enduring Promise
721,Shantee,Varnes,svarnesk0@clickbank.net,Agender,Comedy,High Spirits
722,Ingra,Aleksahkin,ialeksahkink1@sciencedirect.com,Female,Drama|Film-Noir|Thriller,Thieves' Highway
723,Mamie,Begent,mbegentk2@indiatimes.com,Genderqueer,Documentary,Burn
724,Eula,Agney,eagneyk3@de.vu,Genderfluid,Mystery,The Time Being
725,Hobard,Bastow,hbastowk4@oaic.gov.au,Male,Drama,Rasputin
726,Cammi,Garwood,cgarwoodk5@uol.com.br,Polygender,Drama,"Miracle Worker, The"
727,Pete,Kapelhoff,pkapelhoffk6@youku.com,Agender,Thriller,Eye of the Needle
728,Dorette,Chittleburgh,dchittleburghk7@bbc.co.uk,Female,Drama|War,"Woman In Berlin, A (Anonyma - Eine Frau in Berlin)"
729,Monte,Jardein,mjardeink8@icq.com,Genderfluid,Comedy|Romance,Rabbit Without Ears (Keinohrhasen)
730,Rubia,Kinsman,rkinsmank9@drupal.org,Genderfluid,Action|Crime|Thriller,"Replacement Killers, The"
731,Hartwell,Thirlwall,hthirlwallka@fda.gov,Polygender,Adventure|Children|Comedy,Herbie Goes Bananas
732,Keelby,Stranks,kstrankskb@miitbeian.gov.cn,Genderqueer,Romance|Thriller,Half Light
733,Lindon,Gittose,lgittosekc@nymag.com,Genderfluid,Adventure|Drama,The Living Idol
734,April,Honsch,ahonschkd@examiner.com,Non-binary,Comedy|Drama|Romance,As You Like It
735,Sarina,Herley,sherleyke@usatoday.com,Bigender,Adventure|Fantasy,Vassilisa the Beautiful (Vasilisa prekrasnaya)
736,Emyle,Pluvier,epluvierkf@latimes.com,Female,Drama,Roadracers
737,Zolly,Wingatt,zwingattkg@noaa.gov,Agender,Drama,Mammoth (Mammut)
738,Normie,Keates,nkeateskh@jugem.jp,Non-binary,Action|Adventure|Drama|War,Attila (Attila the Hun)
739,Cullen,Jordison,cjordisonki@cam.ac.uk,Female,Drama|Romance,"Bridal Party in Hardanger, The (Brudeferden i Hardanger)"
740,Alissa,Paolozzi,apaolozzikj@jugem.jp,Female,Horror,Spiral
741,Dari,Chopping,dchoppingkk@epa.gov,Bigender,Comedy|Drama,Birdman
742,Pammy,Girardey,pgirardeykl@fotki.com,Polygender,Horror,Bloodsucking Freaks
743,Cordie,Van't Hoff,cvanthoffkm@arizona.edu,Polygender,Western,"First Texan, The"
744,Lazar,Polendine,lpolendinekn@mapquest.com,Genderqueer,Crime|Thriller,Murder by Numbers
745,Cher,Gorke,cgorkeko@posterous.com,Genderfluid,Comedy|Drama|Fantasy,Bye Bye Monkey (Ciao maschio)
746,Gwenore,Maffioni,gmaffionikp@wikispaces.com,Polygender,Drama|Romance,My Name is Khan
747,Erich,Mourant,emourantkq@google.fr,Agender,Drama|Romance,Penny Serenade
748,Dario,McCall,dmccallkr@dot.gov,Bigender,Drama,"Blot, The"
749,Zorina,Selman,zselmanks@loc.gov,Agender,Drama,Friendly Persuasion
750,Ibbie,Leglise,ileglisekt@amazon.co.uk,Agender,Sci-Fi,Babylon 5: The Lost Tales - Voices in the Dark
751,Terrye,Fehner,tfehnerku@marketwatch.com,Polygender,Comedy|Romance,"Ex, The"
752,Renell,Strand,rstrandkv@moonfruit.com,Female,Drama|Romance,"Mozart's Sister (Nannerl, la soeur de Mozart)"
753,Dreddy,Rollinson,drollinsonkw@mapy.cz,Male,Adventure|Animation|Comedy|Fantasy|IMAX,Puss in Boots
754,Martin,Blazewicz,mblazewiczkx@yahoo.co.jp,Female,Comedy,Bill Maher... But I'm Not Wrong
755,Ham,Spilsted,hspilstedky@shinystat.com,Female,Action|Adventure|Western,Seven Ways from Sundown
756,Devi,Lyngsted,dlyngstedkz@icio.us,Bigender,Drama,"Young One, The"
757,Malory,Scotchford,mscotchfordl0@tumblr.com,Agender,Adventure|Comedy|Horror|Romance,Dr. Phibes Rises Again
758,Dareen,Cayette,dcayettel1@umn.edu,Non-binary,Documentary,Kink
759,Helli,Lethley,hlethleyl2@wikimedia.org,Non-binary,Comedy|Drama|Sci-Fi,"It's Me, It's Me (Ore Ore)"
760,Eugen,Grimmer,egrimmerl3@sbwire.com,Agender,Action|Crime|Drama,Boca
761,Kearney,Fintoph,kfintophl4@economist.com,Bigender,Crime|Drama|Film-Noir,Allotment Wives
762,Lyell,Okroy,lokroyl5@wikispaces.com,Polygender,Drama|War,"Burmese Harp, The (Biruma no tategoto)"
763,Dickie,Paulson,dpaulsonl6@sogou.com,Agender,Horror|Thriller,House of Wax
764,Daffi,Gyorgy,dgyorgyl7@networkadvertising.org,Female,Crime|Drama|Film-Noir|Romance,The Face Behind the Mask
765,Agata,Oby,aobyl8@istockphoto.com,Male,Adventure|Comedy,Around the World in 80 Days
766,Elmer,Smallshaw,esmallshawl9@posterous.com,Genderfluid,Sci-Fi,Robinson Crusoe on Mars
767,Cristin,Burchell,cburchellla@princeton.edu,Female,Crime|Film-Noir|Thriller,Pale Flower (Kawaita hana)
768,Dallas,Karlqvist,dkarlqvistlb@shutterfly.com,Non-binary,Action|Adventure|Crime|Drama,Walking Tall Part II
769,Shanon,Scampion,sscampionlc@php.net,Genderqueer,Comedy|Drama,"Bohemian Life, The (La vie de bohème)"
770,Stephanus,Huckell,shuckellld@google.pl,Male,Comedy|Drama,Everybody's Fine (Stanno tutti bene)
771,Eugenius,Ethersey,eetherseyle@cargocollective.com,Polygender,Comedy,"Solid Gold Cadillac, The"
772,Lorianne,Glassborow,lglassborowlf@bloglines.com,Bigender,Drama|Horror|Mystery|Thriller,"Tenant, The (Locataire, Le)"
773,Allina,Gookey,agookeylg@tinyurl.com,Agender,Adventure|Documentary|Western,Sweetgrass
774,Cammie,Pitone,cpitonelh@hp.com,Polygender,Comedy|Drama,Drifting Clouds (Kauas pilvet karkaavat)
775,Chris,Duffrie,cduffrieli@netscape.com,Female,Musical|Western,Calamity Jane
776,Hebert,Bowen,hbowenlj@de.vu,Non-binary,Comedy|Horror,"Last Lovecraft: Relic of Cthulhu, The"
777,Ula,Vanstone,uvanstonelk@mapquest.com,Polygender,Adventure|Fantasy|Sci-Fi,From the Earth to the Moon
778,Kayne,Smogur,ksmogurll@163.com,Male,Crime|Drama|Thriller,"Counselor, The"
779,Giordano,Edel,gedellm@elegantthemes.com,Genderfluid,Action|Horror|Sci-Fi|Thriller,"Thing, The"
780,Abelard,Widdup,awiddupln@columbia.edu,Bigender,Action|Comedy|Crime|Drama|Sci-Fi,Sneakers
781,Barrie,Mapledoore,bmapledoorelo@topsy.com,Male,Comedy|Romance,Your Life in 65 (Tu vida en 65')
782,Maggy,Tennison,mtennisonlp@merriam-webster.com,Male,Thriller,"Nada Gang, The (Nada)"
783,Gwendolin,Derham,gderhamlq@weebly.com,Non-binary,Horror,Noroi: The Curse 
784,Leonidas,Willavize,lwillavizelr@boston.com,Female,Comedy|Drama,How to Be
785,Brandea,de Broke,bdebrokels@bandcamp.com,Female,Documentary,Consuming Kids: The Commercialization of Childhood
786,Vi,Pervew,vpervewlt@ameblo.jp,Polygender,Action,Lone Wolf and Cub: Baby Cart in Peril (Kozure Ôkami: Oya no kokoro ko no kokoro)
787,Editha,Fishby,efishbylu@cbslocal.com,Male,Crime|Drama|Romance,Regeneration
788,Diane,Sheridan,dsheridanlv@acquirethisname.com,Female,Animation|Children|Comedy|Fantasy|Sci-Fi,Home
789,Nolie,Jumeau,njumeaulw@creativecommons.org,Genderqueer,Comedy,Bachelor Party
790,Doralyn,Pettegre,dpettegrelx@slashdot.org,Male,Comedy,Blackballed: The Bobby Dukes Story
791,Cornela,Mathewson,cmathewsonly@ehow.com,Non-binary,Comedy|Drama,Me Without You
792,Marena,Kamenar,mkamenarlz@w3.org,Non-binary,Animation|Children|Fantasy|IMAX,Cloudy with a Chance of Meatballs
793,Jeramey,Drinan,jdrinanm0@behance.net,Non-binary,Comedy,Pekka ja Pätkä salapoliiseina
794,Rustin,Footitt,rfootittm1@nbcnews.com,Non-binary,Comedy|Musical|Romance,On the Town
795,Ravi,Merigon,rmerigonm2@wired.com,Non-binary,Adventure|Drama|War,"Profession of Arms, The (Il mestiere delle armi)"
796,Mufi,Bielfeld,mbielfeldm3@skyrock.com,Female,Comedy|Crime|Drama,Walk All Over Me
797,Ariana,Schoenrock,aschoenrockm4@tamu.edu,Genderfluid,Comedy|Drama,Husbands and Wives
798,Anthiathia,McGaugey,amcgaugeym5@lycos.com,Bigender,Drama,Red Lights (Feux rouges)
799,Graehme,Potkins,gpotkinsm6@bbb.org,Female,Crime,True Believer
800,Kass,Pfaff,kpfaffm7@istockphoto.com,Genderqueer,Drama,Savage Three
801,Elset,Croisier,ecroisierm8@dion.ne.jp,Genderfluid,Horror|Sci-Fi|Thriller,Pulse
802,Amelina,MacKomb,amackombm9@ameblo.jp,Genderqueer,Documentary,"Fat, Sick & Nearly Dead"
803,Lilah,Janosevic,ljanosevicma@fc2.com,Female,Comedy|Romance,Very Happy Alexander (Alexandre le bienheureux)
804,Dorree,MacCumeskey,dmaccumeskeymb@smh.com.au,Genderfluid,Comedy,Jay Mohr: Funny for a Girl
805,Ettie,Fincke,efinckemc@csmonitor.com,Female,Action|Adventure|Drama|Fantasy|Mystery,Between Two Worlds
806,Charo,Bonnin,cbonninmd@stumbleupon.com,Agender,Adventure|Children|Drama,"Young Black Stallion, The"
807,Montgomery,Preuvost,mpreuvostme@samsung.com,Female,Adventure|Animation|Sci-Fi,Welcome to the Space Show (Uchû shô e yôkoso)
808,Cosette,Saylor,csaylormf@mashable.com,Agender,Drama,Rails & Ties
809,Aprilette,Kaveney,akaveneymg@wufoo.com,Female,Crime|Drama|Thriller,Calling Dr. Gillespie
810,Jefferson,Perin,jperinmh@yelp.com,Agender,Horror|Mystery|Thriller,13B
811,Henka,Skule,hskulemi@imageshack.us,Genderqueer,Drama|War,"Rack, The"
812,Anabal,Gedling,agedlingmj@unicef.org,Genderqueer,Drama,Scarecrow
813,Cindra,Symones,csymonesmk@drupal.org,Genderqueer,Animation|Horror|Mystery|Thriller,Perfect Blue
814,Yetty,Bromet,ybrometml@usnews.com,Female,Drama,Reign Over Me
815,Raine,Geator,rgeatormm@ca.gov,Non-binary,Drama,Stealing Beauty
816,Fedora,Chauvey,fchauveymn@msu.edu,Male,Horror|Sci-Fi|Thriller,Road Kill (a.k.a. Road Train)
817,Sammie,Balasin,sbalasinmo@reverbnation.com,Genderqueer,Drama,You Killed Me First
818,Caria,Slobom,cslobommp@vk.com,Genderfluid,Drama,"Wheel, The (La Roue)"
819,Hanny,Gimenez,hgimenezmq@fotki.com,Female,Drama,"Skin, Skin (Käpy selän alla)"
820,Petra,Stairmand,pstairmandmr@tmall.com,Genderqueer,Comedy|Drama,Meantime
821,Jacklyn,Aitchison,jaitchisonms@php.net,Polygender,Action|Crime,"Thieves, The (Dodookdeul)"
822,Gerhardine,McDunlevy,gmcdunlevymt@rediff.com,Polygender,Horror|Thriller,"Den, The"
823,Bernhard,Crucetti,bcrucettimu@ihg.com,Genderfluid,Drama|Mystery|Thriller,Ask Me Anything
824,Truman,Mackinder,tmackindermv@arizona.edu,Non-binary,Thriller,Figures in a Landscape
825,Niki,Pierrepoint,npierrepointmw@newsvine.com,Genderfluid,Drama,Elizabeth I
826,Yalonda,Methley,ymethleymx@google.de,Genderqueer,Comedy|Drama|Fantasy,"Santa Clause, The"
827,Veronike,Rexworthy,vrexworthymy@reddit.com,Female,Drama,"River, The (Joki)"
828,Elwin,Peche,epechemz@netvibes.com,Bigender,Documentary|Drama,Endurance
829,Jeralee,Ion,jionn0@hubpages.com,Polygender,Documentary,Carts of Darkness
830,Ross,Wurz,rwurzn1@qq.com,Non-binary,Crime|Documentary|Drama,Redemption: The Stan Tookie Williams Story
831,Betsey,Grouvel,bgrouveln2@bizjournals.com,Non-binary,Horror|Sci-Fi,"Wasp Woman, The"
832,Doria,Crawcour,dcrawcourn3@ca.gov,Female,Drama|Horror|Thriller,Frozen
833,Mickie,Boner,mbonern4@sphinn.com,Non-binary,Animation|Children|Fantasy|Romance,Cinderella III: A Twist in Time
834,Cly,Sayle,csaylen5@timesonline.co.uk,Agender,Drama,Involuntary (De ofrivilliga)
835,Torrie,Djekic,tdjekicn6@mashable.com,Female,Drama,Summer House
836,Nels,Pendrick,npendrickn7@abc.net.au,Genderqueer,Crime|Drama|Thriller,Outrage
837,Anastasia,McGuff,amcguffn8@sina.com.cn,Polygender,Drama,Almost Famous
838,Brendis,Baldetti,bbaldettin9@twitpic.com,Non-binary,Drama,Rage
839,Bryant,Morgen,bmorgenna@etsy.com,Agender,Documentary,When I Walk
840,Marve,Beldon,mbeldonnb@apache.org,Male,Comedy|Drama|Romance,The Slap
841,Vivyanne,Skough,vskoughnc@artisteer.com,Agender,Comedy|Drama|Romance,Alex and Emma
842,Trstram,Poppleston,tpopplestonnd@sohu.com,Agender,Comedy,Trippin'
843,Liuka,Sparshutt,lsparshuttne@biglobe.ne.jp,Polygender,Comedy|Drama|Romance,Prime
844,Georgi,Hagland,ghaglandnf@amazon.co.jp,Genderqueer,Drama,Asfalto
845,Walton,Galtone,wgaltoneng@tinypic.com,Polygender,Drama,Malcolm X
846,Kelsi,Willett,kwillettnh@lulu.com,Non-binary,Action|Comedy,Kangaroo Jack
847,Hyman,Saddler,hsaddlerni@multiply.com,Non-binary,Drama|Thriller,Cold Creek Manor
848,Roxana,Burrell,rburrellnj@aol.com,Non-binary,Crime|Drama|Mystery|Thriller,Meeting Evil
849,Thorin,Klouz,tklouznk@apache.org,Female,Adventure|Children|Comedy,Herbie Rides Again
850,Riccardo,Morhall,rmorhallnl@privacy.gov.au,Genderqueer,Drama,Pilgrimage
851,Aggi,Zoellner,azoellnernm@businessinsider.com,Male,Comedy,Dave Attell: Captain Miserable
852,Ilysa,Condliffe,icondliffenn@fastcompany.com,Genderfluid,Horror,Fear No Evil
853,Kimbell,McDool,kmcdoolno@tinyurl.com,Genderqueer,Documentary,Countdown to Zero
854,Concordia,Jorcke,cjorckenp@shareasale.com,Female,Drama,Normal
855,Lotta,Fedoronko,lfedoronkonq@tumblr.com,Polygender,Animation|Children|Musical,Sleeping Beauty
856,Melisa,Shank,mshanknr@japanpost.jp,Bigender,Horror|Mystery|Thriller,Prom Night
857,Rozanna,Rolfe,rrolfens@yelp.com,Female,Drama|War,"Red Beret, The"
858,Elsbeth,Bea,ebeant@opera.com,Female,Crime|Drama,"Septième juré, Le"
859,Langston,Syme,lsymenu@shareasale.com,Bigender,Action|Crime|Mystery|Thriller,Feed
860,Codie,Hubbucke,chubbuckenv@netscape.com,Non-binary,Drama,"Servant, The"
861,Tades,Starton,tstartonnw@typepad.com,Genderfluid,Comedy|Drama|Fantasy,On Borrowed Time
862,Saidee,Leynton,sleyntonnx@ezinearticles.com,Bigender,Action|Horror|Sci-Fi|Thriller,Alone in the Dark
863,Fair,Childrens,fchildrensny@tuttocitta.it,Bigender,Drama|Fantasy,They Came Back (Les Revenants)
864,Odelinda,Trickey,otrickeynz@wunderground.com,Polygender,Comedy|Romance,Woman of the Year
865,Ashlin,Warcop,awarcopo0@nba.com,Non-binary,Crime|Drama,Someone Like You (Unnaipol Oruvan)
866,Miles,Cleatherow,mcleatherowo1@ft.com,Genderfluid,Mystery|Sci-Fi|Thriller,Impulse
867,Ed,Petrakov,epetrakovo2@artisteer.com,Female,Animation|Comedy|Drama|Fantasy|Sci-Fi,Robot Carnival (Roboto kânibauru)
868,Jillian,Seacombe,jseacombeo3@utexas.edu,Agender,Adventure|Animation|Children|Fantasy|Mystery|Sci-Fi,An American Tail: The Mystery of the Night Monster
869,Giralda,Collcutt,gcollcutto4@wired.com,Genderfluid,Crime|Drama|Film-Noir,"Phenix City Story, The"
870,Shauna,Eakle,seakleo5@nature.com,Non-binary,Comedy|Drama,"Pool, The"
871,Murial,Eathorne,meathorneo6@craigslist.org,Bigender,Drama,"I Am Taraneh, I Am Fifteen Years Old (Man, taraneh, panzdah sal daram)"
872,Ivette,Cordeux,icordeuxo7@weather.com,Bigender,Action|Sci-Fi|Thriller|IMAX,Battleship
873,Ameline,Eathorne,aeathorneo8@shareasale.com,Genderqueer,Comedy,I Want Candy
874,Valeria,Morrell,vmorrello9@npr.org,Bigender,Comedy|Drama,Kitchen Stories (Salmer fra kjøkkenet)
875,Blakeley,Symcox,bsymcoxoa@1688.com,Non-binary,Documentary|IMAX,Titanica
876,Leroi,Matley,lmatleyob@comcast.net,Genderqueer,Drama,Kitchen Party
877,Fredek,Geharke,fgeharkeoc@instagram.com,Genderqueer,Action|Adventure|Sci-Fi,Returner (Ritaanaa)
878,Halette,Shivlin,hshivlinod@jiathis.com,Bigender,Comedy,Jacky in the Kingdom of Women
879,Sully,Ritch,sritchoe@surveymonkey.com,Agender,Drama|Thriller,Map of the Sounds of Tokyo
880,Cozmo,Marden,cmardenof@wikipedia.org,Genderfluid,Drama,Fly Away
881,Gilemette,Oboy,goboyog@163.com,Genderfluid,Comedy|Romance,"Night in the Life of Jimmy Reardon, A"
882,Lani,McHardy,lmchardyoh@seesaa.net,Male,Action|Drama|Thriller,"Long Kiss Goodnight, The"
883,Joshuah,Bilbrey,jbilbreyoi@webeden.co.uk,Agender,Drama,"Nun, The (La religieuse)"
884,Eada,Calderon,ecalderonoj@opera.com,Bigender,Adventure|Children|Comedy,"Garbage Pail Kids Movie, The"
885,Malanie,Ewing,mewingok@gov.uk,Female,Drama,Dynamite
886,Eliot,Binden,ebindenol@yellowpages.com,Genderfluid,Comedy|Drama,In Good Company
887,Geraldine,Crewes,gcrewesom@businesswire.com,Non-binary,Crime|Drama,"Man Who Wasn't There, The"
888,Nydia,Longland,nlonglandon@patch.com,Non-binary,Comedy|Drama,Tobacco Road
889,Randi,Connow,rconnowoo@friendfeed.com,Genderqueer,Comedy|Drama,Babyfever
890,Shani,Wellsman,swellsmanop@vimeo.com,Male,Drama|Fantasy|Romance,Secret
891,Willyt,Waddilove,wwaddiloveoq@ucsd.edu,Genderqueer,Action|Adventure|Comedy|Documentary|Fantasy,'Hellboy': The Seeds of Creation
892,Nadya,Reveland,nrevelandor@lycos.com,Male,Comedy,What's the Worst That Could Happen?
893,Saidee,Dearden,sdeardenos@usatoday.com,Non-binary,Action|Adventure|War,1066
894,Armando,Maylam,amaylamot@narod.ru,Female,Drama|Thriller,96 Minutes 
895,Ronni,Kiljan,rkiljanou@globo.com,Polygender,Adventure|Fantasy|Musical,Labyrinth
896,Idette,Shulem,ishulemov@vinaora.com,Agender,Comedy|Crime|Drama|Thriller,Man Bites Dog (C'est arrivé près de chez vous)
897,Ulrikaumeko,Donaghy,udonaghyow@cisco.com,Male,Comedy,"Intern, The"
898,Angus,Evered,aeveredox@newyorker.com,Non-binary,Comedy,Between Miracles
899,Dion,Meachan,dmeachanoy@cnet.com,Agender,Drama|Romance,Breezy
900,Lorri,Wastie,lwastieoz@qq.com,Polygender,Adventure|Comedy,Harold & Kumar Escape from Guantanamo Bay
901,Jorrie,Ruffy,jruffyp0@studiopress.com,Female,Adventure|Comedy|Crime,B.N.B. (Bunty Aur Babli)
902,Beryl,Cassam,bcassamp1@yelp.com,Genderqueer,Comedy|Drama,Lymelife
903,Riva,Melsom,rmelsomp2@cnbc.com,Agender,Action|Comedy|Crime|Drama,"Blind Swordsman: Zatoichi, The (Zatôichi)"
904,Kipper,Binestead,kbinesteadp3@php.net,Male,Comedy|Drama,Odgrobadogroba
905,Boot,Empleton,bempletonp4@answers.com,Male,Drama,Private Romeo
906,Milissent,Skates,mskatesp5@storify.com,Genderfluid,Drama|Horror,Begotten
907,Paulie,Skitral,pskitralp6@gnu.org,Agender,Action|Comedy|Drama,36 Crazy Fists (San shi liu mi xing quan)
908,Barbabas,Rosensaft,brosensaftp7@bloglovin.com,Bigender,Musical|Romance,Small Town Girl
909,Benny,Bellew,bbellewp8@ox.ac.uk,Polygender,Drama,"Law of Enclosures, The"
910,Sonnie,Norrey,snorreyp9@sfgate.com,Male,Crime|Drama,Heavenly Creatures
911,Merissa,Giorgielli,mgiorgiellipa@slate.com,Agender,Drama,And Then There Was You
912,Tildy,Kidsley,tkidsleypb@studiopress.com,Bigender,Action|Fantasy|Sci-Fi|Thriller,Ultraviolet
913,Almeria,Easthope,aeasthopepc@amazonaws.com,Female,Drama|Romance,"Prince of Tides, The"
914,Alvinia,Faas,afaaspd@ning.com,Genderqueer,Comedy,"Italian Straw Hat, The (Un chapeau de paille d'Italie)"
915,Isa,Tschirasche,itschiraschepe@cpanel.net,Polygender,Comedy|Musical,"Song Is Born, A"
916,Sissy,Dymoke,sdymokepf@about.com,Genderqueer,Children|Drama,"White Balloon, The (Badkonake sefid)"
917,Myranda,Tilney,mtilneypg@themeforest.net,Bigender,Documentary|IMAX,Everest
918,Klarika,Callinan,kcallinanph@ow.ly,Non-binary,Horror|Mystery|Sci-Fi|Thriller,Eden Log
919,Lilas,Firman,lfirmanpi@slate.com,Agender,Documentary,Filming 'Othello'
920,Gayle,Ackeroyd,gackeroydpj@free.fr,Agender,Adventure|Comedy|Crime|Romance,Bottle Rocket
921,Jami,Highman,jhighmanpk@nytimes.com,Genderqueer,Comedy|Crime,"Sting, The"
922,Rebecca,Deem,rdeempl@hatena.ne.jp,Non-binary,Crime|Drama,Lawless
923,Sib,Heber,sheberpm@elpais.com,Polygender,Comedy|Horror,Saturday the 14th
924,Garland,Osbourn,gosbournpn@netlog.com,Genderqueer,Documentary,How Much Wood Would a Woodchuck Chuck (Beobachtungen zu einer neuen Sprache)
925,Kim,Brizell,kbrizellpo@state.gov,Genderfluid,Comedy|Drama,"Look of Love, The"
926,Jana,By,jbypp@wix.com,Female,Animation|Comedy,Mr Hublot
927,Werner,Galea,wgaleapq@google.pl,Non-binary,Comedy,Girls About Town
928,Charlotta,Degnen,cdegnenpr@umn.edu,Non-binary,Adventure|Crime|Documentary|Drama,BBOY for LIFE
929,Albrecht,Yukhnevich,ayukhnevichps@dedecms.com,Female,Documentary,Tupac: Resurrection
930,Veronique,Kittoe,vkittoept@webeden.co.uk,Non-binary,Action|Crime|Thriller,Stolen
931,Marci,Loghan,mloghanpu@ucoz.com,Male,Drama|Film-Noir,Christmas Holiday
932,Piotr,Stoodale,pstoodalepv@blinklist.com,Polygender,Action|Adventure|Crime|Thriller,Executive Target
933,Emilio,Ferrettini,eferrettinipw@theglobeandmail.com,Male,Action|Comedy,Drunken Master (Jui kuen)
934,Alard,Casine,acasinepx@oracle.com,Non-binary,Crime|Drama,"Deathmaker, The (Totmacher, Der)"
935,Magda,Pinn,mpinnpy@slashdot.org,Agender,Horror|Sci-Fi,"Giant Gila Monster, The"
936,Zsa zsa,Mepsted,zmepstedpz@japanpost.jp,Non-binary,Comedy|Romance,Father's Little Dividend
937,Britteny,Fayerman,bfayermanq0@amazon.com,Genderfluid,Documentary,Lenny Bruce: Swear to Tell the Truth
938,Lark,Rediers,lrediersq1@creativecommons.org,Polygender,Children|Fantasy|Musical|Romance,Rusalochka (The Little Mermaid)
939,Olia,Toopin,otoopinq2@tmall.com,Genderqueer,Adventure|Comedy|Sci-Fi,Back to the Future
940,Genevieve,Bartlomieczak,gbartlomieczakq3@dailymail.co.uk,Agender,Comedy,Dave Chappelle: For What it's Worth
941,Salvidor,Willcocks,swillcocksq4@walmart.com,Bigender,Comedy,Jim Norton: Please Be Offended
942,Zilvia,Maha,zmahaq5@ox.ac.uk,Bigender,Comedy,Perched on a Tree (Sur un arbre perché)
943,Malissia,Hrynczyk,mhrynczykq6@amazon.co.jp,Polygender,Action|Comedy|Crime,Dream Machine
944,Anjanette,Iddenden,aiddendenq7@goo.gl,Bigender,Action|Crime|Thriller,"2 Fast 2 Furious (Fast and the Furious 2, The)"
945,Yasmeen,Botwood,ybotwoodq8@nymag.com,Polygender,Action|Adventure|Drama,"Poseidon Adventure, The"
946,Ulrica,Shilleto,ushilletoq9@buzzfeed.com,Male,Drama,Forest of the Gods (Dievu miskas)
947,Piggy,Stuke,pstukeqa@jigsy.com,Non-binary,Comedy|Drama|Romance,Love In the Time of Money
948,Schuyler,Coopman,scoopmanqb@ehow.com,Bigender,Crime|Drama|Romance,Tart
949,Minni,Lavrinov,mlavrinovqc@youtube.com,Female,Horror|Sci-Fi,"Brain, The"
950,Bert,Janosevic,bjanosevicqd@t.co,Genderfluid,Documentary,Special When Lit
951,Shari,Fraschetti,sfraschettiqe@de.vu,Male,Action|Sci-Fi|Thriller,Lockout
952,Nickolai,Scotchforth,nscotchforthqf@jugem.jp,Bigender,Comedy|Drama|Romance,3 Idiots
953,Andrus,Nassey,anasseyqg@hostgator.com,Polygender,Comedy|Horror,Stan Helsing
954,Gabriele,Peyton,gpeytonqh@usa.gov,Polygender,Comedy,Slap Shot
955,Kathie,Di Dello,kdidelloqi@cbsnews.com,Bigender,Drama,Wavelength
956,Tally,Braban,tbrabanqj@forbes.com,Genderqueer,Documentary,Planet Ocean
957,Carlyn,Micheli,cmicheliqk@studiopress.com,Bigender,Drama,August
958,Ambrosio,Heathorn,aheathornql@themeforest.net,Bigender,Adventure|Children|Drama,Black Beauty
959,Augustina,Elcott,aelcottqm@examiner.com,Agender,Adventure|Drama,Samson and Delilah
960,Jere,O'Farrell,jofarrellqn@merriam-webster.com,Male,Comedy|Drama,Cheaper by the Dozen
961,Gal,Buckel,gbuckelqo@youtu.be,Polygender,Action|Crime|Drama,Revenge of the Green Dragons
962,Nikolos,Lumby,nlumbyqp@histats.com,Agender,Crime|Drama,I Am the Law
963,Bobette,Venny,bvennyqq@dailymail.co.uk,Genderfluid,Horror,Evil Dead
964,Janean,Bemwell,jbemwellqr@e-recht24.de,Bigender,Drama,Tribes
965,Fredia,Seger,fsegerqs@bloomberg.com,Agender,Horror|Thriller,"Last Exorcism Part II, The"
966,Klara,Seamon,kseamonqt@stumbleupon.com,Agender,Action|Adventure|Crime|Thriller,Transporter 3
967,Clare,Merwood,cmerwoodqu@earthlink.net,Non-binary,Horror,Burnt Offerings
968,Kynthia,Grafom,kgrafomqv@diigo.com,Genderfluid,Adventure|Comedy,"Babymakers, The"
969,Fredric,Spurling,fspurlingqw@hubpages.com,Agender,Documentary,This So-Called Disaster
970,Dori,Gingle,dgingleqx@timesonline.co.uk,Non-binary,Documentary,Lynch
971,Corette,Elcock,celcockqy@icio.us,Agender,Action|Comedy|Romance,Stars and Bars
972,Reeba,Haithwaite,rhaithwaiteqz@businessinsider.com,Female,Drama|Romance,Suzhou River (Suzhou he)
973,Shamus,Dowley,sdowleyr0@over-blog.com,Female,Action|Adventure|Thriller,10 to Midnight
974,Bobina,Vasyukov,bvasyukovr1@infoseek.co.jp,Polygender,Crime,What Have You Done to Solange?
975,Seymour,Eberts,sebertsr2@nydailynews.com,Bigender,Documentary,Something's Gonna Live
976,Roddie,Volage,rvolager3@g.co,Polygender,Adventure|Sci-Fi,Battle in Outer Space
977,Kania,Dudmesh,kdudmeshr4@taobao.com,Agender,Action|Western,Geronimo
978,Seymour,Borborough,sborboroughr5@dot.gov,Non-binary,Horror,"Dead Calling, A"
979,Matthieu,Ormrod,mormrodr6@irs.gov,Polygender,Action|Romance|Sci-Fi|Thriller,Bridge of Dragons
980,Sigismond,Pellatt,spellattr7@earthlink.net,Bigender,Action|Adventure|Sci-Fi,Star Wars: Episode V - The Empire Strikes Back
981,Dukie,Willoughey,dwillougheyr8@bravesites.com,Non-binary,Drama,Border Café
982,Devina,Deschlein,ddeschleinr9@people.com.cn,Non-binary,Adventure|Romance|Thriller,Dark Journey
983,Mischa,McCloughlin,mmccloughlinra@dailymail.co.uk,Non-binary,Comedy|Romance,Not Suitable for Children
984,Kay,Oventon,koventonrb@howstuffworks.com,Agender,Action|Adventure|Drama|Western,"Treasure of the Sierra Madre, The"
985,Barbaraanne,Pardie,bpardierc@engadget.com,Non-binary,Adventure,"Long Ships, The"
986,Eleanora,Rothman,erothmanrd@un.org,Male,Documentary,"Other Dream Team, The"
987,Lynnea,Hanster,lhansterre@discovery.com,Female,Comedy,Sons of the Desert
988,Camala,McGaughay,cmcgaughayrf@skype.com,Female,Comedy|Drama|Musical|Romance,Bollywood/Hollywood
989,Wilbur,Andreutti,wandreuttirg@nydailynews.com,Male,Comedy,Bone
990,Odelle,Roglieri,oroglierirh@cbslocal.com,Agender,Comedy|Drama|Romance,"Same Love, Same Rain (El mismo amor, la misma lluvia)"
991,Royce,Wray,rwrayri@dropbox.com,Genderfluid,Drama,Unhook the Stars
992,Robbyn,de Quesne,rdequesnerj@delicious.com,Polygender,Documentary,Waiting for Superman
993,Bord,Dyka,bdykark@si.edu,Bigender,Drama,"Nights of Cabiria (Notti di Cabiria, Le)"
994,Dorene,Filochov,dfilochovrl@unicef.org,Male,Action|Adventure|Comedy|Romance,Mr. & Mrs. Smith
995,Wendie,Buddle,wbuddlerm@moonfruit.com,Non-binary,Horror,"Tingler, The"
996,Trstram,Swiggs,tswiggsrn@phpbb.com,Bigender,Children,Zeus and Roxanne
997,Reggie,Charleston,rcharlestonro@prweb.com,Agender,Action,Super Bitch
998,Nicolle,Ponsford,nponsfordrp@archive.org,Non-binary,Drama,Run If You Can
999,Wilmette,Vaughten,wvaughtenrq@wordpress.com,Genderfluid,Drama|Mystery|Romance|Thriller,Vertigo
1000,Elmer,Terram,eterramrr@theglobeandmail.com,Genderfluid,Crime|Drama,Straightheads (Closure)
