id,first_name,last_name,email,gender,country
"1","Felic","Breakspear","fbreakspear0@prlog.org","Agender","Croatia"
"2","Fabien","Banaszczyk","fbanaszczyk1@mtv.com","Female","Mongolia"
"3","Keely","McDonough","kmcdonough2@sphinn.com","Genderqueer","Slovenia"
"4","Rosina","Tellesson","rtellesson3@ox.ac.uk","Genderqueer","Russia"
"5","Dyana","Storre","dstorre4@artisteer.com","Non-binary","Indonesia"
"6","Elianore","Hannigane","ehannigane5@irs.gov","Male","Indonesia"
"7","Hersch","Scanlin","hscanlin6@freewebs.com","Agender","Philippines"
"8","Vasilis","Scyner","vscyner7@state.tx.us","Female","China"
"9","Martelle","Vedntyev","mvedntyev8@netlog.com","Male","China"
"10","Townie","Tredget","ttredget9@alexa.com","Female","Russia"
"11","Barbaraanne","Elvidge","belvidgea@slideshare.net","Non-binary","Thailand"
"12","Caron","Sabberton","csabbertonb@bizjournals.com","Bigender","China"
"13","Arne","McSpirron","amcspirronc@nymag.com","Non-binary","New Caledonia"
"14","Alister","Breche","abreched@latimes.com","Polygender","China"
"15","Odie","Guard","oguarde@bigcartel.com","Male","Sweden"
"16","Rosina","Yitzovicz","ryitzoviczf@eventbrite.com","Polygender","Guatemala"
"17","Alexia","O'Moylane","aomoylaneg@4shared.com","Polygender","China"
"18","Maurie","Dodge","mdodgeh@sbwire.com","Bigender","Croatia"
"19","Agace","Kime","akimei@scribd.com","Bigender","Sweden"
"20","Fredra","Collumbine","fcollumbinej@apache.org","Genderfluid","China"
"21","Zebadiah","Pitkin","zpitkink@trellian.com","Agender","Poland"
"22","Lita","Camings","lcamingsl@disqus.com","Bigender","China"
"23","Roarke","Runsey","rrunseym@usda.gov","Non-binary","Portugal"
"24","Lissa","Fulep","lfulepn@samsung.com","Non-binary","China"
"25","Loria","Pinsent","lpinsento@simplemachines.org","Polygender","Sweden"
"26","Vivie","Greenstreet","vgreenstreetp@state.tx.us","Genderqueer","China"
"27","Verla","Leveret","vleveretq@usgs.gov","Agender","Norway"
"28","Minerva","Yarwood","myarwoodr@unesco.org","Agender","Portugal"
"29","Nico","Woodham","nwoodhams@tinyurl.com","Female","Uruguay"
"30","Ferd","Wetherill","fwetherillt@webnode.com","Bigender","Indonesia"
"31","Shepperd","MacVagh","smacvaghu@wix.com","Bigender","Libya"
"32","Delcina","Beneteau","dbeneteauv@blogger.com","Genderfluid","South Africa"
"33","Korey","Pickerin","kpickerinw@omniture.com","Male","Brazil"
"34","Dorrie","Dunbobbin","ddunbobbinx@elegantthemes.com","Male","Sweden"
"35","Humfrey","Skoof","hskoofy@twitter.com","Polygender","Peru"
"36","Fitzgerald","Crame","fcramez@godaddy.com","Genderfluid","Afghanistan"
"37","Stafford","Gideon","sgideon10@about.me","Polygender","Croatia"
"38","Garrett","Malcolm","gmalcolm11@tiny.cc","Male","France"
"39","Milli","Dreier","mdreier12@123-reg.co.uk","Non-binary","Luxembourg"
"40","Em","Ellerby","eellerby13@discuz.net","Genderqueer","France"
"41","Micky","Beden","mbeden14@bandcamp.com","Genderqueer","China"
"42","Betty","Penzer","bpenzer15@alibaba.com","Genderqueer","China"
"43","Morry","Buckby","mbuckby16@blogspot.com","Male","China"
"44","Alexander","Loughan","aloughan17@deviantart.com","Female","Japan"
"45","Demetri","Darton","ddarton18@tripadvisor.com","Agender","Panama"
"46","Leona","Langrick","llangrick19@time.com","Female","United States"
"47","Matthias","Hincks","mhincks1a@home.pl","Agender","Mexico"
"48","Mathias","Groome","mgroome1b@networksolutions.com","Male","Afghanistan"
"49","Hadria","Cowles","hcowles1c@nifty.com","Female","China"
"50","Lewie","Havard","lhavard1d@multiply.com","Non-binary","Macedonia"
"51","Worth","Loveitt","wloveitt1e@reuters.com","Bigender","Poland"
"52","Alfi","Muckart","amuckart1f@github.io","Bigender","Slovenia"
"53","Mathias","Drewell","mdrewell1g@paypal.com","Genderfluid","Philippines"
"54","Harlene","Wohler","hwohler1h@apache.org","Male","Philippines"
"55","Pietra","Bowhey","pbowhey1i@ovh.net","Female","Niger"
"56","Dukie","Lempertz","dlempertz1j@nih.gov","Non-binary","Iran"
"57","Gwendolen","Emberson","gemberson1k@earthlink.net","Non-binary","Indonesia"
"58","Peter","Jiran","pjiran1l@gravatar.com","Male","Kazakhstan"
"59","Richy","Soeiro","rsoeiro1m@abc.net.au","Non-binary","Japan"
"60","Gabi","Vanstone","gvanstone1n@slate.com","Genderfluid","Mexico"
"61","Wells","Bools","wbools1o@pcworld.com","Bigender","Argentina"
"62","Temple","Linskill","tlinskill1p@utexas.edu","Agender","China"
"63","Maudie","Roseby","mroseby1q@yahoo.com","Female","Peru"
"64","Fabien","Jacks","fjacks1r@acquirethisname.com","Genderqueer","Uzbekistan"
"65","Candis","Brogden","cbrogden1s@facebook.com","Bigender","China"
"66","Dario","Mompesson","dmompesson1t@flickr.com","Male","Poland"
"67","Keefe","Grinyer","kgrinyer1u@webmd.com","Genderqueer","Indonesia"
"68","Boniface","Chevolleau","bchevolleau1v@jimdo.com","Bigender","China"
"69","Marlin","Cereceres","mcereceres1w@mozilla.org","Genderfluid","China"
"70","Giffard","Attwill","gattwill1x@4shared.com","Polygender","New Zealand"
"71","Carmine","Starrs","cstarrs1y@baidu.com","Agender","China"
"72","Weston","Bebis","wbebis1z@myspace.com","Male","China"
"73","Shirlee","Zecchetti","szecchetti20@dion.ne.jp","Polygender","Canada"
"74","Toinette","Kobiela","tkobiela21@irs.gov","Male","France"
"75","Kimball","Lightning","klightning22@toplist.cz","Genderqueer","Russia"
"76","Kean","Daouze","kdaouze23@mit.edu","Agender","Indonesia"
"77","Ford","Armell","farmell24@discovery.com","Bigender","Portugal"
"78","Riobard","Ruspine","rruspine25@samsung.com","Polygender","Russia"
"79","Tatiania","Down","tdown26@hao123.com","Polygender","Russia"
"80","Pail","Charley","pcharley27@biglobe.ne.jp","Genderfluid","Croatia"
"81","Brodie","Oslar","boslar28@state.tx.us","Male","China"
"82","Jacky","Pughe","jpughe29@rediff.com","Polygender","Greece"
"83","Humfried","Aucourte","haucourte2a@last.fm","Genderfluid","Japan"
"84","Ase","Novotni","anovotni2b@illinois.edu","Non-binary","Italy"
"85","Annmaria","Swains","aswains2c@mac.com","Male","Russia"
"86","Benyamin","Bottell","bbottell2d@diigo.com","Bigender","Pakistan"
"87","Conney","Chadburn","cchadburn2e@indiatimes.com","Non-binary","China"
"88","Joy","Picopp","jpicopp2f@yellowbook.com","Bigender","Philippines"
"89","Tobi","Ollington","tollington2g@blogs.com","Genderqueer","Russia"
"90","Fabiano","Avramovic","favramovic2h@marketwatch.com","Polygender","Nigeria"
"91","Menard","Linsley","mlinsley2i@reference.com","Female","China"
"92","Tabby","Bowers","tbowers2j@utexas.edu","Male","Armenia"
"93","Estel","Kinvan","ekinvan2k@ezinearticles.com","Agender","Indonesia"
"94","Logan","O'Murtagh","lomurtagh2l@sourceforge.net","Genderqueer","New Caledonia"
"95","Marcellina","Iskower","miskower2m@tinypic.com","Polygender","Indonesia"
"96","Mareah","Diter","mditer2n@hibu.com","Polygender","Indonesia"
"97","Tani","Trimby","ttrimby2o@stanford.edu","Agender","Poland"
"98","Gard","Skipsea","gskipsea2p@com.com","Agender","Brazil"
"99","Bentlee","Rains","brains2q@canalblog.com","Female","China"
"100","Stillmann","Jerzykiewicz","sjerzykiewicz2r@angelfire.com","Agender","Russia"
"101","Jeanie","Andriveau","jandriveau2s@flavors.me","Male","Colombia"
"102","Philbert","Lill","plill2t@joomla.org","Female","Indonesia"
"103","Babbie","Barwell","bbarwell2u@cbslocal.com","Bigender","Sweden"
"104","Turner","Jinks","tjinks2v@github.io","Bigender","Peru"
"105","Penny","Bricket","pbricket2w@boston.com","Genderfluid","Finland"
"106","Morrie","Romer","mromer2x@1688.com","Polygender","Colombia"
"107","Bobby","Gymlett","bgymlett2y@timesonline.co.uk","Genderfluid","China"
"108","Fredelia","Raddon","fraddon2z@eventbrite.com","Male","Indonesia"
"109","Dmitri","Treleaven","dtreleaven30@bbc.co.uk","Female","Poland"
"110","Viviyan","McElvine","vmcelvine31@technorati.com","Bigender","Poland"
"111","Carolynn","D'Ugo","cdugo32@elpais.com","Agender","Indonesia"
"112","Jamey","Westwater","jwestwater33@icio.us","Female","Senegal"
"113","Dulcine","Westhoff","dwesthoff34@ezinearticles.com","Genderqueer","Peru"
"114","Drona","Gribbin","dgribbin35@tumblr.com","Female","Indonesia"
"115","Griffie","Healeas","ghealeas36@amazon.de","Bigender","China"
"116","Elliott","Storre","estorre37@issuu.com","Genderqueer","Portugal"
"117","Broddy","Crasford","bcrasford38@reuters.com","Agender","France"
"118","Norri","Balm","nbalm39@dion.ne.jp","Non-binary","Haiti"
"119","Ertha","Micheu","emicheu3a@huffingtonpost.com","Bigender","Indonesia"
"120","Mariele","Eley","meley3b@issuu.com","Female","Peru"
"121","Clementine","Ferrar","cferrar3c@php.net","Male","China"
"122","Pauletta","Thiese","pthiese3d@senate.gov","Non-binary","Iran"
"123","Zelda","Ruzic","zruzic3e@cbslocal.com","Female","Philippines"
"124","Emanuel","Gelardi","egelardi3f@merriam-webster.com","Genderqueer","Indonesia"
"125","Bryon","Crawford","bcrawford3g@dailymail.co.uk","Bigender","Czech Republic"
"126","Aubree","Chennells","achennells3h@nature.com","Polygender","Philippines"
"127","Rosaline","Yakovl","ryakovl3i@bravesites.com","Female","Ukraine"
"128","Kipp","Lawranson","klawranson3j@xinhuanet.com","Genderfluid","Indonesia"
"129","Sadella","Rawdales","srawdales3k@tinyurl.com","Genderqueer","Guatemala"
"130","Constantino","Rhoddie","crhoddie3l@hp.com","Non-binary","Argentina"
"131","Hieronymus","Bassilashvili","hbassilashvili3m@house.gov","Agender","Russia"
"132","Kissee","Campo","kcampo3n@shareasale.com","Genderqueer","Czech Republic"
"133","Petronella","Whybray","pwhybray3o@comcast.net","Genderqueer","Poland"
"134","Fanchon","Mustoo","fmustoo3p@domainmarket.com","Male","Cameroon"
"135","Pamella","Pacey","ppacey3q@artisteer.com","Agender","Russia"
"136","Costanza","Jobbins","cjobbins3r@seesaa.net","Male","China"
"137","Court","Bardwall","cbardwall3s@irs.gov","Male","Indonesia"
"138","Taddeusz","Carlin","tcarlin3t@uol.com.br","Agender","Cyprus"
"139","Perrine","Bosward","pbosward3u@abc.net.au","Female","Brazil"
"140","Stanwood","Sapsford","ssapsford3v@oakley.com","Bigender","China"
"141","Eran","Gurnay","egurnay3w@yellowpages.com","Non-binary","Poland"
"142","Claus","Pitkins","cpitkins3x@acquirethisname.com","Non-binary","Russia"
"143","Karlyn","Goodlip","kgoodlip3y@cornell.edu","Male","Vietnam"
"144","Pierce","Blunkett","pblunkett3z@utexas.edu","Male","Philippines"
"145","Ronna","Puckrin","rpuckrin40@cocolog-nifty.com","Genderqueer","Mongolia"
"146","Hillery","Screaton","hscreaton41@etsy.com","Genderqueer","Indonesia"
"147","Hobart","Baker","hbaker42@etsy.com","Agender","Brazil"
"148","Abbie","Laying","alaying43@epa.gov","Female","Poland"
"149","Anselm","Lummis","alummis44@friendfeed.com","Bigender","Philippines"
"150","Sherline","Wolpert","swolpert45@mit.edu","Non-binary","Indonesia"
"151","Roarke","Gorman","rgorman46@biblegateway.com","Polygender","Brazil"
"152","Drugi","Paton","dpaton47@nbcnews.com","Agender","North Korea"
"153","Elane","Gilbane","egilbane48@ning.com","Agender","Japan"
"154","Breanne","Mundell","bmundell49@list-manage.com","Bigender","China"
"155","Ira","Bielby","ibielby4a@sogou.com","Female","Philippines"
"156","Ozzie","Bridat","obridat4b@redcross.org","Male","Indonesia"
"157","Vlad","Bellingham","vbellingham4c@acquirethisname.com","Polygender","Costa Rica"
"158","Jacky","Joncic","jjoncic4d@telegraph.co.uk","Genderfluid","China"
"159","Georas","Bynert","gbynert4e@hexun.com","Genderqueer","China"
"160","Haleigh","McAllester","hmcallester4f@discuz.net","Non-binary","Russia"
"161","Lefty","Yglesia","lyglesia4g@timesonline.co.uk","Agender","China"
"162","Dominic","Papis","dpapis4h@cnn.com","Agender","Colombia"
"163","Justis","Mulroy","jmulroy4i@shareasale.com","Genderqueer","Nigeria"
"164","Maddie","Rotchell","mrotchell4j@icio.us","Genderfluid","Slovenia"
"165","Cybil","Habberjam","chabberjam4k@nymag.com","Male","Peru"
"166","Guglielma","Meas","gmeas4l@paginegialle.it","Agender","Indonesia"
"167","Rivi","Heiss","rheiss4m@wikimedia.org","Agender","Vietnam"
"168","Hubert","Royall","hroyall4n@people.com.cn","Agender","Nigeria"
"169","Latisha","Trowler","ltrowler4o@webs.com","Genderqueer","Philippines"
"170","Joycelin","MacAulay","jmacaulay4p@soundcloud.com","Genderqueer","Indonesia"
"171","Sidnee","Laurentin","slaurentin4q@dropbox.com","Bigender","Japan"
"172","Madelena","Sowden","msowden4r@goodreads.com","Non-binary","South Africa"
"173","Freida","Dessaur","fdessaur4s@cloudflare.com","Male","Guinea"
"174","Anastasie","Bignal","abignal4t@nba.com","Male","Belarus"
"175","Brigg","Bengall","bbengall4u@wired.com","Genderfluid","Indonesia"
"176","Mickie","Luckham","mluckham4v@nih.gov","Polygender","China"
"177","Allsun","Mashro","amashro4w@slideshare.net","Genderfluid","Brazil"
"178","Daffie","Griswaite","dgriswaite4x@chron.com","Bigender","Yemen"
"179","Rasia","Potell","rpotell4y@yandex.ru","Female","Ukraine"
"180","Lyndsay","MacFie","lmacfie4z@about.me","Genderfluid","Portugal"
"181","Eugenius","MacLucais","emaclucais50@sciencedirect.com","Male","Argentina"
"182","Mellisent","Dewane","mdewane51@sohu.com","Non-binary","China"
"183","Lu","Wozencroft","lwozencroft52@xing.com","Genderqueer","Thailand"
"184","Helyn","Luberti","hluberti53@cyberchimps.com","Non-binary","Brazil"
"185","Kylila","Meo","kmeo54@multiply.com","Non-binary","China"
"186","Colet","Mattack","cmattack55@weather.com","Polygender","China"
"187","Rustin","Hursey","rhursey56@123-reg.co.uk","Bigender","Nepal"
"188","Charlean","Sayward","csayward57@hostgator.com","Agender","United States"
"189","Laura","Bridell","lbridell58@elpais.com","Genderfluid","Finland"
"190","Kailey","Umbert","kumbert59@jalbum.net","Genderqueer","Poland"
"191","Hill","Care","hcare5a@bloomberg.com","Female","Indonesia"
"192","Aylmer","Cowden","acowden5b@nba.com","Agender","Colombia"
"193","Tiffie","Le Teve","tleteve5c@mit.edu","Male","Japan"
"194","Tabbatha","Archdeacon","tarchdeacon5d@ning.com","Genderqueer","Philippines"
"195","Christy","Budge","cbudge5e@shop-pro.jp","Agender","Armenia"
"196","Kerry","Di Gregorio","kdigregorio5f@storify.com","Genderqueer","Brazil"
"197","Camile","Hamberstone","chamberstone5g@desdev.cn","Genderfluid","Czech Republic"
"198","Justinn","Morcomb","jmorcomb5h@mozilla.com","Polygender","Portugal"
"199","Lombard","Huson","lhuson5i@zimbio.com","Agender","Indonesia"
"200","Anet","Monnoyer","amonnoyer5j@ifeng.com","Bigender","China"
"201","Haskel","Titchard","htitchard5k@businessinsider.com","Polygender","China"
"202","Antonius","Casolla","acasolla5l@bloomberg.com","Female","Iraq"
"203","Freda","McCambrois","fmccambrois5m@yolasite.com","Male","Greece"
"204","Jesse","Wenden","jwenden5n@google.com.hk","Agender","Indonesia"
"205","Geoffry","Hattrick","ghattrick5o@huffingtonpost.com","Male","Indonesia"
"206","Jody","Benoix","jbenoix5p@ca.gov","Bigender","Ireland"
"207","Bertine","Barends","bbarends5q@dailymotion.com","Bigender","Indonesia"
"208","Ardys","Harder","aharder5r@macromedia.com","Bigender","Canada"
"209","Chip","Ledford","cledford5s@furl.net","Genderfluid","Indonesia"
"210","Arielle","Hartford","ahartford5t@free.fr","Non-binary","Canada"
"211","Yehudi","Bluschke","ybluschke5u@parallels.com","Agender","Argentina"
"212","Herbert","Wolvey","hwolvey5v@vinaora.com","Polygender","Indonesia"
"213","Maurits","Pendell","mpendell5w@quantcast.com","Polygender","Philippines"
"214","Alana","Topley","atopley5x@mtv.com","Genderfluid","Philippines"
"215","Lorine","Hayer","lhayer5y@yale.edu","Polygender","China"
"216","Misty","Wellbelove","mwellbelove5z@epa.gov","Genderqueer","Sweden"
"217","Aharon","Grindell","agrindell60@japanpost.jp","Genderqueer","Czech Republic"
"218","Ashlie","Howgate","ahowgate61@example.com","Genderfluid","Peru"
"219","Jephthah","Danks","jdanks62@youtu.be","Genderfluid","Ukraine"
"220","Joann","McKeon","jmckeon63@barnesandnoble.com","Bigender","China"
"221","Engelbert","Speck","especk64@senate.gov","Female","Colombia"
"222","Erl","Caig","ecaig65@canalblog.com","Bigender","Mexico"
"223","Pavia","Cosgreave","pcosgreave66@statcounter.com","Genderqueer","Malaysia"
"224","Danyette","Oen","doen67@foxnews.com","Genderqueer","China"
"225","Sammie","Bandt","sbandt68@statcounter.com","Polygender","Colombia"
"226","Grissel","Langdale","glangdale69@bloglovin.com","Non-binary","Greece"
"227","Naoma","Leall","nleall6a@cyberchimps.com","Genderfluid","Canada"
"228","Kev","Brearley","kbrearley6b@slideshare.net","Bigender","China"
"229","Bee","Stotherfield","bstotherfield6c@unblog.fr","Female","China"
"230","Gerrie","Spargo","gspargo6d@symantec.com","Genderqueer","China"
"231","Damara","Slimon","dslimon6e@baidu.com","Female","Portugal"
"232","Lemmie","Gerty","lgerty6f@adobe.com","Male","Portugal"
"233","Tiffany","Insoll","tinsoll6g@youku.com","Polygender","Sweden"
"234","Lia","Sterland","lsterland6h@fotki.com","Non-binary","China"
"235","Adair","O'Donnelly","aodonnelly6i@ow.ly","Non-binary","Sweden"
"236","Peg","Holywell","pholywell6j@deliciousdays.com","Genderqueer","Portugal"
"237","Forrester","Forker","fforker6k@a8.net","Bigender","Guatemala"
"238","Ilyssa","Fenlon","ifenlon6l@patch.com","Male","Morocco"
"239","Lonny","Hannam","lhannam6m@sbwire.com","Bigender","Comoros"
"240","Siffre","Musla","smusla6n@bandcamp.com","Male","Portugal"
"241","Audy","Kleinerman","akleinerman6o@noaa.gov","Male","China"
"242","Major","Paffot","mpaffot6p@mac.com","Genderfluid","Vietnam"
"243","Binnie","Antonognoli","bantonognoli6q@ehow.com","Non-binary","Sweden"
"244","Cybil","Dearlove","cdearlove6r@narod.ru","Agender","France"
"245","Merla","Piddock","mpiddock6s@zimbio.com","Male","China"
"246","Germaine","Shakesby","gshakesby6t@earthlink.net","Agender","Spain"
"247","Danica","Cornely","dcornely6u@yandex.ru","Polygender","Nigeria"
"248","Granville","Cornew","gcornew6v@free.fr","Male","Germany"
"249","Susan","Glaserman","sglaserman6w@yellowpages.com","Genderfluid","Philippines"
"250","Oralie","Rainsden","orainsden6x@washingtonpost.com","Non-binary","Palestinian Territory"
"251","Alex","Nary","anary6y@craigslist.org","Genderqueer","Peru"
"252","William","Binding","wbinding6z@google.co.uk","Female","China"
"253","Hans","Fleisch","hfleisch70@slate.com","Agender","Italy"
"254","Geralda","Quartley","gquartley71@nsw.gov.au","Bigender","Portugal"
"255","Maddi","MacGall","mmacgall72@unc.edu","Non-binary","Spain"
"256","Rhoda","Leas","rleas73@columbia.edu","Bigender","China"
"257","Bobbee","Huish","bhuish74@pinterest.com","Agender","Philippines"
"258","Lawrence","Coulston","lcoulston75@weibo.com","Genderqueer","China"
"259","Conrado","Santacrole","csantacrole76@twitpic.com","Polygender","China"
"260","Cathrin","Swainsbury","cswainsbury77@microsoft.com","Bigender","China"
"261","Halsey","Endley","hendley78@nsw.gov.au","Genderfluid","Thailand"
"262","Robina","Sockell","rsockell79@nsw.gov.au","Non-binary","Spain"
"263","Ardyce","Gheerhaert","agheerhaert7a@weibo.com","Female","Niger"
"264","Beryl","Billitteri","bbillitteri7b@exblog.jp","Genderfluid","Ukraine"
"265","Goraud","Soreau","gsoreau7c@artisteer.com","Polygender","Greece"
"266","Viki","Sant","vsant7d@newyorker.com","Genderfluid","Jordan"
"267","Sheree","Grigore","sgrigore7e@washington.edu","Non-binary","Morocco"
"268","Honoria","Hardy-Piggin","hhardypiggin7f@dmoz.org","Male","Russia"
"269","Tawnya","Germann","tgermann7g@npr.org","Male","China"
"270","Ted","Lambol","tlambol7h@rakuten.co.jp","Bigender","Indonesia"
"271","Arlinda","Shilton","ashilton7i@youtube.com","Genderfluid","Portugal"
"272","Carmina","Busain","cbusain7j@chicagotribune.com","Female","Azerbaijan"
"273","Marty","Gregoire","mgregoire7k@shareasale.com","Genderqueer","China"
"274","Mab","Josefsson","mjosefsson7l@wix.com","Female","Japan"
"275","Timothy","Turle","tturle7m@seesaa.net","Agender","Norway"
"276","Caroljean","Lethebridge","clethebridge7n@answers.com","Non-binary","French Polynesia"
"277","Kristopher","Corradini","kcorradini7o@clickbank.net","Agender","China"
"278","Edwina","Drysdall","edrysdall7p@blogtalkradio.com","Genderqueer","Pakistan"
"279","Caritta","Cromack","ccromack7q@mlb.com","Agender","Sweden"
"280","Allx","Vallis","avallis7r@jimdo.com","Genderqueer","China"
"281","Maryellen","Dorrell","mdorrell7s@smugmug.com","Bigender","Bulgaria"
"282","Ruthie","Dwight","rdwight7t@yellowbook.com","Male","Colombia"
"283","Thomasa","Bridel","tbridel7u@constantcontact.com","Agender","China"
"284","Brenda","Kroch","bkroch7v@miibeian.gov.cn","Female","China"
"285","Pattin","Gotcher","pgotcher7w@sphinn.com","Genderqueer","Canada"
"286","Burt","Girke","bgirke7x@time.com","Agender","Indonesia"
"287","Quentin","Lewens","qlewens7y@cornell.edu","Polygender","China"
"288","Helenka","Magill","hmagill7z@ucsd.edu","Genderfluid","Mongolia"
"289","Harri","Cordall","hcordall80@mayoclinic.com","Agender","Kazakhstan"
"290","Brooke","Roggerone","broggerone81@geocities.jp","Agender","Mexico"
"291","Oswell","Cancott","ocancott82@icq.com","Male","Indonesia"
"292","Ree","Onthank","ronthank83@indiatimes.com","Agender","China"
"293","Maxie","Flipek","mflipek84@slideshare.net","Female","Peru"
"294","Eveleen","Penhaleurack","epenhaleurack85@netvibes.com","Genderfluid","France"
"295","Charlton","Cassidy","ccassidy86@posterous.com","Male","Peru"
"296","Lanny","Godleman","lgodleman87@loc.gov","Male","Slovenia"
"297","Tally","Oswell","toswell88@amazon.co.uk","Genderqueer","China"
"298","Clement","Crust","ccrust89@patch.com","Female","Indonesia"
"299","Ardelis","Tante","atante8a@example.com","Male","Haiti"
"300","Gannie","Blowick","gblowick8b@house.gov","Genderfluid","China"
"301","Boonie","MacRury","bmacrury8c@businessinsider.com","Male","Guatemala"
"302","Charis","Lowrie","clowrie8d@devhub.com","Agender","Denmark"
"303","Albertine","Wasson","awasson8e@delicious.com","Bigender","Brazil"
"304","Pollyanna","Minger","pminger8f@guardian.co.uk","Non-binary","China"
"305","Jeni","Bernardt","jbernardt8g@msu.edu","Genderqueer","Anguilla"
"306","Darcee","Dellenty","ddellenty8h@github.com","Genderfluid","Albania"
"307","Murielle","Dyte","mdyte8i@tuttocitta.it","Non-binary","North Korea"
"308","Rafael","Vedikhov","rvedikhov8j@edublogs.org","Bigender","Philippines"
"309","Nikita","Moyse","nmoyse8k@apple.com","Genderfluid","Indonesia"
"310","Kean","McKeaveney","kmckeaveney8l@geocities.com","Female","Nicaragua"
"311","Nerti","Tallboy","ntallboy8m@surveymonkey.com","Genderfluid","Poland"
"312","Evelyn","Zealy","ezealy8n@lycos.com","Polygender","Brazil"
"313","Niccolo","Haveline","nhaveline8o@blog.com","Genderfluid","Portugal"
"314","Olag","Winter","owinter8p@diigo.com","Agender","Sweden"
"315","Alic","Durrett","adurrett8q@wikispaces.com","Genderqueer","Sweden"
"316","Candice","Possell","cpossell8r@google.co.uk","Non-binary","China"
"317","Karissa","Daffern","kdaffern8s@eventbrite.com","Bigender","South Africa"
"318","Hillary","Jellyman","hjellyman8t@virginia.edu","Polygender","Vietnam"
"319","Jojo","Couve","jcouve8u@buzzfeed.com","Agender","Honduras"
"320","Jacquenetta","Baiyle","jbaiyle8v@deviantart.com","Female","Sweden"
"321","Ondrea","Stegers","ostegers8w@mit.edu","Female","Japan"
"322","Mano","Blonfield","mblonfield8x@bizjournals.com","Polygender","Albania"
"323","Gaylene","Gabites","ggabites8y@telegraph.co.uk","Genderfluid","France"
"324","Thor","Brizell","tbrizell8z@sourceforge.net","Female","Thailand"
"325","Tabbi","Fibben","tfibben90@sitemeter.com","Polygender","France"
"326","Napoleon","Grinin","ngrinin91@multiply.com","Genderfluid","Poland"
"327","Laina","Hendrich","lhendrich92@blinklist.com","Genderfluid","Russia"
"328","Lanny","Riddell","lriddell93@fda.gov","Bigender","China"
"329","Giorgio","Cornier","gcornier94@netvibes.com","Polygender","Philippines"
"330","Solomon","Story","sstory95@nba.com","Bigender","Indonesia"
"331","Katleen","Climie","kclimie96@netlog.com","Genderfluid","China"
"332","Renato","Yakhin","ryakhin97@list-manage.com","Female","China"
"333","Murdoch","Abram","mabram98@state.gov","Genderfluid","Philippines"
"334","Jilleen","Duncklee","jduncklee99@youku.com","Bigender","Russia"
"335","Winny","Cozzi","wcozzi9a@webeden.co.uk","Female","Russia"
"336","Marv","Anster","manster9b@usda.gov","Non-binary","Indonesia"
"337","Byrann","Philpott","bphilpott9c@woothemes.com","Non-binary","Philippines"
"338","Jaine","Cristofalo","jcristofalo9d@reverbnation.com","Female","Canada"
"339","Leigh","Langford","llangford9e@live.com","Genderfluid","Portugal"
"340","Lyssa","Telling","ltelling9f@mapquest.com","Female","Cuba"
"341","Lorene","Stoneley","lstoneley9g@mit.edu","Non-binary","Indonesia"
"342","Roxanna","While","rwhile9h@reddit.com","Polygender","Poland"
"343","Ancell","Bryden","abryden9i@feedburner.com","Non-binary","Indonesia"
"344","Sterne","Curr","scurr9j@tinyurl.com","Genderfluid","Philippines"
"345","Cecilia","Mayer","cmayer9k@ft.com","Bigender","China"
"346","Jonathan","Waulker","jwaulker9l@sfgate.com","Genderfluid","Indonesia"
"347","Koressa","Byng","kbyng9m@bbc.co.uk","Polygender","Russia"
"348","Mollie","Andersen","mandersen9n@tinyurl.com","Female","China"
"349","Nisse","Killbey","nkillbey9o@vimeo.com","Bigender","Peru"
"350","Codi","Linzee","clinzee9p@ifeng.com","Female","Greece"
"351","Isabelita","Mackriell","imackriell9q@amazonaws.com","Agender","Philippines"
"352","Thalia","Jamieson","tjamieson9r@bizjournals.com","Polygender","Yemen"
"353","Brnaba","Seyfart","bseyfart9s@intel.com","Female","New Zealand"
"354","Sherie","Pendreigh","spendreigh9t@vimeo.com","Agender","Portugal"
"355","Ives","Ginn","iginn9u@about.me","Agender","China"
"356","Morena","Flahy","mflahy9v@yolasite.com","Agender","China"
"357","Moira","Rey","mrey9w@google.com","Genderqueer","Colombia"
"358","Clea","Freak","cfreak9x@go.com","Non-binary","Venezuela"
"359","Cyndy","Purchon","cpurchon9y@studiopress.com","Bigender","China"
"360","Alfred","Lawie","alawie9z@wikimedia.org","Female","Nigeria"
"361","Ardeen","Alexsandrov","aalexsandrova0@weibo.com","Genderqueer","Israel"
"362","Joanne","Swannick","jswannicka1@amazon.de","Polygender","Madagascar"
"363","Izabel","Dossett","idossetta2@moonfruit.com","Agender","Gabon"
"364","Daisey","Gaines","dgainesa3@symantec.com","Non-binary","Peru"
"365","Gayla","Klazenga","gklazengaa4@redcross.org","Polygender","China"
"366","Brendon","Davenall","bdavenalla5@narod.ru","Genderqueer","Portugal"
"367","Emlyn","Foston","efostona6@cargocollective.com","Bigender","Turkmenistan"
"368","Oswell","Boanas","oboanasa7@berkeley.edu","Agender","Sweden"
"369","Modestia","Bonner","mbonnera8@dyndns.org","Female","China"
"370","Inglebert","Oulner","ioulnera9@stanford.edu","Male","Germany"
"371","Ikey","Copins","icopinsaa@4shared.com","Polygender","Brazil"
"372","Holly-anne","Ayars","hayarsab@pen.io","Female","China"
"373","Kirbie","Stairmond","kstairmondac@hc360.com","Polygender","Ethiopia"
"374","Glynn","Yakovlev","gyakovlevad@bandcamp.com","Non-binary","China"
"375","Rebekah","Bumpass","rbumpassae@pen.io","Male","Cuba"
"376","Timmi","Le Noire","tlenoireaf@trellian.com","Bigender","China"
"377","Merell","Iddon","middonag@rakuten.co.jp","Agender","China"
"378","Noel","Budik","nbudikah@photobucket.com","Non-binary","Sweden"
"379","Duff","Annion","dannionai@bbc.co.uk","Bigender","Sweden"
"380","Edithe","Beakes","ebeakesaj@uol.com.br","Bigender","Mexico"
"381","Fernande","Danby","fdanbyak@yelp.com","Male","China"
"382","Alexandr","Beddin","abeddinal@whitehouse.gov","Polygender","China"
"383","Cecilla","Baignard","cbaignardam@multiply.com","Agender","China"
"384","Flemming","Colpus","fcolpusan@smh.com.au","Non-binary","Venezuela"
"385","Ladonna","Amies","lamiesao@linkedin.com","Genderqueer","China"
"386","Scotty","Staples","sstaplesap@amazon.co.uk","Non-binary","China"
"387","Greggory","Pidgeon","gpidgeonaq@baidu.com","Genderqueer","Russia"
"388","Waldemar","Pridie","wpridiear@nationalgeographic.com","Bigender","Indonesia"
"389","Nell","Dukes","ndukesas@blogtalkradio.com","Polygender","Burkina Faso"
"390","Hilario","Joscelin","hjoscelinat@springer.com","Genderfluid","China"
"391","Berty","Dicker","bdickerau@nyu.edu","Female","Indonesia"
"392","Christoforo","Pelz","cpelzav@people.com.cn","Genderqueer","Guatemala"
"393","Mariska","Pedro","mpedroaw@chicagotribune.com","Male","China"
"394","Olag","Coleson","ocolesonax@360.cn","Genderqueer","Sweden"
"395","Pamella","Pantlin","ppantlinay@sbwire.com","Female","Uganda"
"396","Corina","Dioniso","cdionisoaz@qq.com","Female","Philippines"
"397","Anna-maria","Mantione","amantioneb0@moonfruit.com","Female","United Kingdom"
"398","Shirleen","Burbidge","sburbidgeb1@delicious.com","Non-binary","Indonesia"
"399","Kial","Aris","karisb2@goodreads.com","Genderqueer","Canada"
"400","Haley","Chsteney","hchsteneyb3@behance.net","Genderfluid","Sudan"
"401","Cati","Chastelain","cchastelainb4@huffingtonpost.com","Non-binary","Ireland"
"402","Grier","Toppin","gtoppinb5@thetimes.co.uk","Non-binary","Philippines"
"403","Elizabet","Dominetti","edominettib6@dell.com","Polygender","Slovenia"
"404","Kerr","McCormick","kmccormickb7@dailymail.co.uk","Male","Malaysia"
"405","Ferrel","Morgen","fmorgenb8@forbes.com","Genderfluid","Greece"
"406","Orelie","Fullun","ofullunb9@php.net","Male","Greece"
"407","Tripp","Meneux","tmeneuxba@gizmodo.com","Genderfluid","Indonesia"
"408","Geri","Panyer","gpanyerbb@canalblog.com","Male","Poland"
"409","Bern","Tinkler","btinklerbc@spiegel.de","Genderfluid","Japan"
"410","Persis","McNab","pmcnabbd@twitpic.com","Genderfluid","Slovenia"
"411","Alix","Swarbrigg","aswarbriggbe@netscape.com","Genderfluid","China"
"412","Nataline","Stanger","nstangerbf@discovery.com","Male","Indonesia"
"413","Henderson","Baltzar","hbaltzarbg@wired.com","Non-binary","South Korea"
"414","Milo","Fante","mfantebh@state.gov","Genderfluid","Russia"
"415","Erskine","Pauler","epaulerbi@china.com.cn","Bigender","Philippines"
"416","Dolly","Reinbech","dreinbechbj@house.gov","Agender","Poland"
"417","Melanie","Aldis","maldisbk@narod.ru","Male","China"
"418","Scarface","Jaumet","sjaumetbl@dropbox.com","Genderfluid","Indonesia"
"419","Brooks","Santora","bsantorabm@cmu.edu","Female","China"
"420","Tabby","Cyples","tcyplesbn@phoca.cz","Non-binary","Estonia"
"421","Natale","McDunlevy","nmcdunlevybo@over-blog.com","Genderqueer","Vietnam"
"422","Kahlil","Killock","kkillockbp@rambler.ru","Bigender","Azerbaijan"
"423","Mariele","Sprigings","msprigingsbq@imageshack.us","Female","Armenia"
"424","Emelyne","Landsbury","elandsburybr@nasa.gov","Female","Indonesia"
"425","Florry","Schimmang","fschimmangbs@istockphoto.com","Agender","Indonesia"
"426","Alonzo","Dillinger","adillingerbt@prnewswire.com","Bigender","New Zealand"
"427","Gigi","Gilfether","ggilfetherbu@nih.gov","Genderfluid","Thailand"
"428","Ninetta","Curnucke","ncurnuckebv@github.com","Genderqueer","Afghanistan"
"429","Armstrong","Tomanek","atomanekbw@utexas.edu","Genderfluid","China"
"430","Meryl","Keniwell","mkeniwellbx@etsy.com","Genderfluid","Argentina"
"431","Baillie","Purselowe","bpurseloweby@nydailynews.com","Genderfluid","Spain"
"432","Lindsey","Sappy","lsappybz@patch.com","Bigender","Czech Republic"
"433","Gustavo","Ninnis","gninnisc0@weather.com","Genderqueer","Czech Republic"
"434","Cletis","Howes","chowesc1@toplist.cz","Polygender","France"
"435","Leslie","Laye","llayec2@over-blog.com","Genderqueer","Indonesia"
"436","Natka","Fricke","nfrickec3@youtu.be","Female","Libya"
"437","Baxy","Barton","bbartonc4@nhs.uk","Bigender","China"
"438","Ermin","Hyam","ehyamc5@rambler.ru","Genderfluid","Colombia"
"439","Orrin","Musker","omuskerc6@ustream.tv","Genderfluid","China"
"440","Conroy","Florez","cflorezc7@ed.gov","Male","France"
"441","Ariel","Leile","aleilec8@army.mil","Genderfluid","Brazil"
"442","Dacie","Sitlington","dsitlingtonc9@wordpress.org","Male","Bangladesh"
"443","Lorine","Thomson","lthomsonca@nydailynews.com","Non-binary","Indonesia"
"444","Curr","Redd","creddcb@cocolog-nifty.com","Genderfluid","Indonesia"
"445","Analiese","Waby","awabycc@cnbc.com","Non-binary","Indonesia"
"446","Elijah","Exall","eexallcd@mashable.com","Bigender","Russia"
"447","Karim","Ryde","krydece@mozilla.org","Non-binary","France"
"448","Bettye","Leyton","bleytoncf@hexun.com","Bigender","China"
"449","Alvin","Sime","asimecg@google.nl","Non-binary","Hungary"
"450","Clarabelle","Kellie","ckelliech@wikia.com","Female","Germany"
"451","Donavon","Robberecht","drobberechtci@blogspot.com","Polygender","Azerbaijan"
"452","Rawley","Salvin","rsalvincj@google.co.jp","Agender","Indonesia"
"453","Lilyan","Galliford","lgallifordck@businesswire.com","Genderqueer","Namibia"
"454","Tedie","Ferencz","tferenczcl@alexa.com","Polygender","Netherlands"
"455","Edward","Wackly","ewacklycm@microsoft.com","Bigender","France"
"456","Ikey","Babbe","ibabbecn@delicious.com","Genderqueer","Sweden"
"457","Mirabelle","Dragonette","mdragonetteco@uol.com.br","Genderfluid","Indonesia"
"458","Marleah","Bunney","mbunneycp@jalbum.net","Genderqueer","Estonia"
"459","Solomon","Cordner","scordnercq@google.com","Bigender","Greece"
"460","Grata","Diddams","gdiddamscr@godaddy.com","Bigender","Laos"
"461","Byran","Ginnally","bginnallycs@theguardian.com","Non-binary","Indonesia"
"462","Jasmin","Escott","jescottct@wordpress.org","Female","France"
"463","Jenica","Birchenough","jbirchenoughcu@diigo.com","Bigender","France"
"464","Seth","Knapman","sknapmancv@shutterfly.com","Polygender","Portugal"
"465","Bartel","Harmston","bharmstoncw@umich.edu","Non-binary","Portugal"
"466","Elaine","Southard","esouthardcx@elpais.com","Genderfluid","Canada"
"467","Rodie","Godspeede","rgodspeedecy@live.com","Male","Indonesia"
"468","Marsha","Shipp","mshippcz@webs.com","Agender","Monaco"
"469","Cherie","Johnston","cjohnstond0@lycos.com","Bigender","Tunisia"
"470","Christoffer","Slorance","csloranced1@arizona.edu","Male","Sweden"
"471","Sophie","Nettle","snettled2@ftc.gov","Genderfluid","Argentina"
"472","Whitaker","Daughtery","wdaughteryd3@admin.ch","Male","Portugal"
"473","Travis","Mapson","tmapsond4@devhub.com","Agender","China"
"474","Gussy","Owenson","gowensond5@flickr.com","Agender","Comoros"
"475","Kristoffer","Bartoszewicz","kbartoszewiczd6@last.fm","Polygender","China"
"476","Emeline","Tuley","etuleyd7@omniture.com","Bigender","Japan"
"477","Gwyn","Micallef","gmicallefd8@china.com.cn","Polygender","Portugal"
"478","Eunice","Dearnaly","edearnalyd9@marketwatch.com","Genderqueer","Philippines"
"479","Ronnie","Twinborough","rtwinboroughda@smh.com.au","Non-binary","China"
"480","Myer","Burle","mburledb@who.int","Genderfluid","France"
"481","Helene","Josselsohn","hjosselsohndc@theguardian.com","Bigender","Philippines"
"482","Clemmie","Hunnicot","chunnicotdd@bluehost.com","Polygender","China"
"483","Lee","Cummins","lcumminsde@narod.ru","Genderqueer","Japan"
"484","Sarita","Sharp","ssharpdf@nsw.gov.au","Polygender","China"
"485","Amerigo","Vasyatkin","avasyatkindg@parallels.com","Genderfluid","Argentina"
"486","Gwenny","Repp","greppdh@berkeley.edu","Male","Indonesia"
"487","Georgie","Crose","gcrosedi@guardian.co.uk","Female","Philippines"
"488","Clemens","Glowacz","cglowaczdj@wisc.edu","Polygender","France"
"489","Loria","Coche","lcochedk@nature.com","Genderfluid","China"
"490","Onfre","Bohea","oboheadl@fc2.com","Agender","Poland"
"491","Delly","Jarratt","djarrattdm@bbc.co.uk","Non-binary","United States"
"492","Cammi","Filchakov","cfilchakovdn@angelfire.com","Agender","Albania"
"493","Ulysses","Snewin","usnewindo@youtu.be","Genderqueer","Indonesia"
"494","Sherie","Quinnell","squinnelldp@mlb.com","Non-binary","Russia"
"495","Ola","Ponsford","oponsforddq@hatena.ne.jp","Female","Portugal"
"496","Nealy","Luter","nluterdr@jimdo.com","Genderfluid","Portugal"
"497","Inger","Phillput","iphillputds@biblegateway.com","Genderqueer","Slovenia"
"498","Ralph","Petrelli","rpetrellidt@skype.com","Male","Indonesia"
"499","Lester","Dunne","ldunnedu@smugmug.com","Male","Mexico"
"500","Somerset","Laux","slauxdv@symantec.com","Agender","Iran"
"501","Becca","Tremmil","btremmildw@abc.net.au","Polygender","Indonesia"
"502","Madison","Kenn","mkenndx@networkadvertising.org","Male","Portugal"
"503","Costanza","Stollsteimer","cstollsteimerdy@dmoz.org","Bigender","Japan"
"504","Willem","Smetoun","wsmetoundz@telegraph.co.uk","Polygender","China"
"505","Derril","Banaszczyk","dbanaszczyke0@myspace.com","Female","Philippines"
"506","Dagny","Flemyng","dflemynge1@seattletimes.com","Female","Indonesia"
"507","Gill","McClean","gmccleane2@ocn.ne.jp","Agender","China"
"508","Nikolaos","Stove","nstovee3@odnoklassniki.ru","Genderfluid","Canada"
"509","Bryna","Fonquernie","bfonquerniee4@fema.gov","Male","Argentina"
"510","Carly","Penn","cpenne5@taobao.com","Genderfluid","Greece"
"511","Anet","Caughtry","acaughtrye6@privacy.gov.au","Agender","Norway"
"512","Zorine","Comford","zcomforde7@scientificamerican.com","Female","Latvia"
"513","Maurie","Loftin","mloftine8@youtu.be","Polygender","Syria"
"514","Jasmin","Kaesmakers","jkaesmakerse9@nbcnews.com","Agender","China"
"515","Jeff","Demetr","jdemetrea@jalbum.net","Polygender","Uzbekistan"
"516","Abigale","Conochie","aconochieeb@odnoklassniki.ru","Agender","Albania"
"517","Lisha","Clyma","lclymaec@booking.com","Non-binary","Albania"
"518","Moyna","Rait","mraited@g.co","Genderfluid","China"
"519","Steward","Halwill","shalwillee@mapy.cz","Genderfluid","Russia"
"520","Sibella","Wozencroft","swozencroftef@intel.com","Non-binary","Croatia"
"521","Max","Figure","mfigureeg@hp.com","Polygender","Russia"
"522","Susanetta","Willeman","swillemaneh@digg.com","Male","Indonesia"
"523","Christel","Dorward","cdorwardei@prweb.com","Non-binary","Kazakhstan"
"524","Sal","Mudie","smudieej@moonfruit.com","Male","Poland"
"525","Shelby","Mingard","smingardek@is.gd","Genderqueer","China"
"526","Hinze","Rispin","hrispinel@w3.org","Bigender","China"
"527","Guglielma","Suche","gsucheem@barnesandnoble.com","Female","Ireland"
"528","Gothart","Saller","gsalleren@yahoo.co.jp","Male","Portugal"
"529","Ives","Duthy","iduthyeo@cdc.gov","Polygender","Micronesia"
"530","Regen","Tort","rtortep@wsj.com","Female","Argentina"
"531","Foster","Leaburn","fleaburneq@google.pl","Bigender","China"
"532","Rickert","Layburn","rlayburner@cornell.edu","Non-binary","Poland"
"533","Nealon","Giblin","ngiblines@webnode.com","Genderfluid","Poland"
"534","Kathie","Corse","kcorseet@csmonitor.com","Polygender","China"
"535","Saunderson","Oakton","soaktoneu@washington.edu","Polygender","Russia"
"536","Roddie","Fass","rfassev@oaic.gov.au","Agender","Uzbekistan"
"537","Reine","Nern","rnernew@gnu.org","Genderfluid","France"
"538","Antony","Cicculi","acicculiex@bravesites.com","Agender","Poland"
"539","Maggi","Seakes","mseakesey@ebay.com","Genderqueer","Madagascar"
"540","Sid","Darrigone","sdarrigoneez@posterous.com","Agender","China"
"541","Georgeanna","Crockatt","gcrockattf0@chronoengine.com","Agender","Canada"
"542","Skelly","McMeekan","smcmeekanf1@techcrunch.com","Bigender","China"
"543","Jody","Luety","jluetyf2@bbb.org","Bigender","China"
"544","Nevil","Blanchet","nblanchetf3@issuu.com","Agender","El Salvador"
"545","Corbie","Gercken","cgerckenf4@bigcartel.com","Genderfluid","China"
"546","Jarrett","Sandal","jsandalf5@springer.com","Male","Madagascar"
"547","Richart","Sieur","rsieurf6@people.com.cn","Polygender","Dominican Republic"
"548","Mahmud","Lesek","mlesekf7@squidoo.com","Genderqueer","Nauru"
"549","Shelby","Manford","smanfordf8@sitemeter.com","Genderfluid","China"
"550","Sherry","De Giorgio","sdegiorgiof9@elegantthemes.com","Agender","Philippines"
"551","Barr","Chaves","bchavesfa@studiopress.com","Polygender","Japan"
"552","Jordain","Jellicorse","jjellicorsefb@gov.uk","Female","Poland"
"553","Valentia","Hofler","vhoflerfc@a8.net","Non-binary","Vietnam"
"554","Monique","Darrel","mdarrelfd@hexun.com","Polygender","Marshall Islands"
"555","Giustina","Brennen","gbrennenfe@xrea.com","Genderqueer","Philippines"
"556","Kipp","Mandrey","kmandreyff@vinaora.com","Agender","China"
"557","Zandra","McComas","zmccomasfg@multiply.com","Male","China"
"558","Clio","Bockings","cbockingsfh@shutterfly.com","Female","Philippines"
"559","Gabriellia","Bumpas","gbumpasfi@ed.gov","Male","China"
"560","Josephina","Housden","jhousdenfj@networksolutions.com","Non-binary","Iran"
"561","Franciska","Manion","fmanionfk@upenn.edu","Male","Argentina"
"562","Aigneis","Barkshire","abarkshirefl@delicious.com","Polygender","Thailand"
"563","Sergent","Bather","sbatherfm@japanpost.jp","Non-binary","Sweden"
"564","Diarmid","Greenstreet","dgreenstreetfn@goodreads.com","Bigender","Indonesia"
"565","Chere","Shiel","cshielfo@youku.com","Agender","Indonesia"
"566","Drucy","Grimwad","dgrimwadfp@microsoft.com","Bigender","Thailand"
"567","Tonnie","Pharo","tpharofq@networksolutions.com","Non-binary","Indonesia"
"568","Shandee","Cook","scookfr@lycos.com","Genderfluid","Malta"
"569","Joannes","Immings","jimmingsfs@sakura.ne.jp","Male","Croatia"
"570","Job","Geeves","jgeevesft@altervista.org","Female","China"
"571","Geri","Peye","gpeyefu@trellian.com","Agender","Bolivia"
"572","Mariejeanne","Brittles","mbrittlesfv@eventbrite.com","Genderfluid","China"
"573","Ranice","Borthe","rborthefw@cdc.gov","Genderfluid","Chile"
"574","Harp","Longforth","hlongforthfx@yolasite.com","Non-binary","Philippines"
"575","Emlen","Perren","eperrenfy@histats.com","Bigender","Colombia"
"576","Hailee","Roland","hrolandfz@stanford.edu","Polygender","China"
"577","Em","Vagg","evaggg0@weibo.com","Genderfluid","Russia"
"578","Ronni","Elbourn","relbourng1@phoca.cz","Genderfluid","Portugal"
"579","Kelley","Daddow","kdaddowg2@spotify.com","Genderfluid","Thailand"
"580","Amelina","Giacaponi","agiacaponig3@hatena.ne.jp","Genderfluid","China"
"581","Ruby","McLaren","rmclareng4@hostgator.com","Non-binary","Poland"
"582","Jasmina","Drewes","jdrewesg5@macromedia.com","Bigender","Indonesia"
"583","Fairlie","Kestin","fkesting6@myspace.com","Genderqueer","Portugal"
"584","Louisa","Visco","lviscog7@state.tx.us","Genderqueer","Philippines"
"585","Sunny","Shafe","sshafeg8@who.int","Non-binary","China"
"586","Dicky","Hawick","dhawickg9@yahoo.com","Non-binary","Indonesia"
"587","Eugen","MacArthur","emacarthurga@upenn.edu","Agender","Uruguay"
"588","Leighton","Ricold","lricoldgb@nature.com","Genderqueer","Portugal"
"589","Tobin","Trail","ttrailgc@state.gov","Agender","Russia"
"590","Arly","Malec","amalecgd@ucla.edu","Non-binary","Portugal"
"591","Sula","Watkiss","swatkissge@ustream.tv","Bigender","France"
"592","Ernestine","Calcraft","ecalcraftgf@cdc.gov","Female","Russia"
"593","Carolynn","Smorthit","csmorthitgg@cbc.ca","Genderqueer","Benin"
"594","Monah","Suatt","msuattgh@tripod.com","Bigender","Indonesia"
"595","Orsola","Sidworth","osidworthgi@addtoany.com","Genderfluid","Indonesia"
"596","Calhoun","Ricardo","cricardogj@storify.com","Male","China"
"597","Crin","Fewless","cfewlessgk@sun.com","Bigender","Sweden"
"598","Delbert","Vankov","dvankovgl@icio.us","Genderfluid","Brazil"
"599","Jennilee","Lambard","jlambardgm@moonfruit.com","Genderfluid","Algeria"
"600","Dani","Scrowston","dscrowstongn@patch.com","Bigender","Indonesia"
"601","Bil","Janisson","bjanissongo@dot.gov","Male","Philippines"
"602","Niki","Sidry","nsidrygp@imdb.com","Genderqueer","Czech Republic"
"603","Madeline","Stillgoe","mstillgoegq@github.io","Female","Czech Republic"
"604","Maison","Hawkins","mhawkinsgr@businessweek.com","Bigender","China"
"605","Raddy","Wortley","rwortleygs@mozilla.com","Polygender","Haiti"
"606","Bobbi","Beecheno","bbeechenogt@mlb.com","Female","Poland"
"607","Ulises","McCroft","umccroftgu@tripod.com","Bigender","Croatia"
"608","Francklyn","Searl","fsearlgv@blogs.com","Non-binary","Russia"
"609","Basile","Turtle","bturtlegw@lulu.com","Genderfluid","Netherlands"
"610","Brier","Habbin","bhabbingx@trellian.com","Female","Philippines"
"611","Ranique","Scollard","rscollardgy@sohu.com","Agender","China"
"612","Siobhan","Vardon","svardongz@harvard.edu","Polygender","Argentina"
"613","West","Voff","wvoffh0@cisco.com","Non-binary","Nicaragua"
"614","Christian","Clewer","cclewerh1@reverbnation.com","Genderqueer","Indonesia"
"615","Fulvia","Mengue","fmengueh2@alibaba.com","Genderqueer","Portugal"
"616","Jed","Daoust","jdaousth3@themeforest.net","Genderfluid","Mexico"
"617","Reynolds","Bowdler","rbowdlerh4@marriott.com","Genderqueer","Philippines"
"618","Odele","Corss","ocorssh5@hostgator.com","Non-binary","Portugal"
"619","Denna","Titcombe","dtitcombeh6@ifeng.com","Non-binary","China"
"620","Virgina","Wight","vwighth7@rediff.com","Male","China"
"621","Stavro","Vedenyakin","svedenyakinh8@yolasite.com","Female","China"
"622","Rene","Teulier","rteulierh9@fastcompany.com","Agender","Portugal"
"623","Lillis","Govier","lgovierha@who.int","Female","Sweden"
"624","Lettie","Dawby","ldawbyhb@mapy.cz","Female","Russia"
"625","Erl","O'Cahsedy","eocahsedyhc@toplist.cz","Female","China"
"626","Casey","MacCawley","cmaccawleyhd@businesswire.com","Agender","Indonesia"
"627","Dalston","Wackett","dwacketthe@com.com","Genderfluid","China"
"628","Cecilia","Dudeney","cdudeneyhf@stanford.edu","Bigender","Poland"
"629","Kaia","Caurah","kcaurahhg@java.com","Polygender","Indonesia"
"630","Shawna","Samwayes","ssamwayeshh@weibo.com","Agender","France"
"631","Chaddie","Pingstone","cpingstonehi@nasa.gov","Agender","Brazil"
"632","Cello","Pallas","cpallashj@fema.gov","Genderfluid","Portugal"
"633","Lotty","Lawland","llawlandhk@posterous.com","Non-binary","Brazil"
"634","Wade","Le Port","wleporthl@cmu.edu","Genderfluid","China"
"635","Casey","Yeskov","cyeskovhm@pagesperso-orange.fr","Genderqueer","South Africa"
"636","Tasia","Clear","tclearhn@meetup.com","Genderfluid","Portugal"
"637","Cordula","Beels","cbeelsho@smh.com.au","Female","Argentina"
"638","Kittie","Fewings","kfewingshp@ucsd.edu","Bigender","Portugal"
"639","Bert","Duddle","bduddlehq@live.com","Polygender","France"
"640","Abbey","Jewsbury","ajewsburyhr@si.edu","Polygender","China"
"641","Hewie","Hiland","hhilandhs@jugem.jp","Male","Russia"
"642","Robinia","Sannes","rsannesht@ft.com","Male","Greece"
"643","Basia","Durie","bduriehu@noaa.gov","Polygender","Tunisia"
"644","Marna","Lace","mlacehv@pen.io","Bigender","Portugal"
"645","Rebeca","Tasseler","rtasselerhw@mashable.com","Agender","Tajikistan"
"646","Harcourt","Heberden","hheberdenhx@oakley.com","Genderqueer","Poland"
"647","Jeannine","Scoggins","jscogginshy@1688.com","Polygender","Poland"
"648","Rheta","Panks","rpankshz@usda.gov","Polygender","Russia"
"649","Corry","Greenacre","cgreenacrei0@sitemeter.com","Genderqueer","Indonesia"
"650","Aldon","Duddle","aduddlei1@altervista.org","Polygender","Greece"
"651","Huntington","Manes","hmanesi2@vistaprint.com","Male","Chad"
"652","Barty","O'Dunniom","bodunniomi3@shinystat.com","Male","Thailand"
"653","Betty","Penelli","bpenellii4@edublogs.org","Female","China"
"654","Ursuline","Iacovaccio","uiacovaccioi5@twitter.com","Genderqueer","Canada"
"655","Linda","Mahony","lmahonyi6@homestead.com","Genderqueer","Haiti"
"656","Curry","Ajam","cajami7@live.com","Genderfluid","Indonesia"
"657","Paula","Knevett","pknevetti8@marketwatch.com","Male","Albania"
"658","Tomas","Batie","tbatiei9@devhub.com","Genderqueer","Ivory Coast"
"659","Drucill","Biernat","dbiernatia@over-blog.com","Genderfluid","Thailand"
"660","Codee","Haller","challerib@virginia.edu","Female","Indonesia"
"661","Katine","Holdin","kholdinic@go.com","Bigender","South Korea"
"662","Mirna","Perford","mperfordid@miibeian.gov.cn","Genderqueer","Indonesia"
"663","Olia","Novik","onovikie@360.cn","Male","China"
"664","Lemmy","Haimes","lhaimesif@prlog.org","Polygender","Portugal"
"665","Pam","Bartolomeotti","pbartolomeottiig@networkadvertising.org","Genderfluid","Tanzania"
"666","Selle","Fardo","sfardoih@usnews.com","Male","France"
"667","Yvette","Abbotson","yabbotsonii@businessinsider.com","Non-binary","Russia"
"668","Joelynn","Shapira","jshapiraij@thetimes.co.uk","Genderqueer","China"
"669","Allegra","Birkett","abirkettik@senate.gov","Male","Vietnam"
"670","Dew","D'Ruel","ddruelil@hc360.com","Agender","Indonesia"
"671","Dedie","Blandamore","dblandamoreim@usatoday.com","Agender","Burkina Faso"
"672","Tiena","Trittam","ttrittamin@nba.com","Genderfluid","Indonesia"
"673","Jayson","Monelle","jmonelleio@example.com","Bigender","China"
"674","Danny","Shippey","dshippeyip@prweb.com","Female","Ireland"
"675","Jillane","Macia","jmaciaiq@geocities.com","Genderfluid","Brazil"
"676","Leontine","Darben","ldarbenir@skyrock.com","Female","Philippines"
"677","Cooper","Colhoun","ccolhounis@1688.com","Non-binary","Philippines"
"678","Heddi","Pendrigh","hpendrighit@sohu.com","Bigender","Russia"
"679","Nevin","Edelmann","nedelmanniu@sakura.ne.jp","Female","Laos"
"680","Dimitry","Creebo","dcreeboiv@t-online.de","Genderfluid","Indonesia"
"681","Eolande","Whannel","ewhanneliw@freewebs.com","Male","Japan"
"682","Jordain","Trenholm","jtrenholmix@wiley.com","Male","Portugal"
"683","Dita","Mc Gaughey","dmcgaugheyiy@meetup.com","Female","Russia"
"684","Darb","Banker","dbankeriz@si.edu","Agender","Greece"
"685","Adriaens","Wharram","awharramj0@51.la","Polygender","Peru"
"686","Jethro","Salzberger","jsalzbergerj1@elegantthemes.com","Genderfluid","Tunisia"
"687","Rafferty","Brazur","rbrazurj2@unicef.org","Genderfluid","Uzbekistan"
"688","Cherie","Despenser","cdespenserj3@bbc.co.uk","Bigender","Indonesia"
"689","Hilda","Kyberd","hkyberdj4@disqus.com","Agender","China"
"690","Anne-corinne","Brimm","abrimmj5@ocn.ne.jp","Polygender","China"
"691","Eugene","Redhouse","eredhousej6@barnesandnoble.com","Bigender","Mongolia"
"692","Lorilyn","Choppin","lchoppinj7@xrea.com","Genderfluid","China"
"693","Teodorico","Blundin","tblundinj8@yahoo.co.jp","Bigender","France"
"694","Marysa","Cunnane","mcunnanej9@zdnet.com","Polygender","France"
"695","Briano","Boxen","bboxenja@dropbox.com","Non-binary","China"
"696","Obadias","Southey","osoutheyjb@netlog.com","Polygender","Israel"
"697","Godfry","Blacktin","gblacktinjc@domainmarket.com","Bigender","South Africa"
"698","Heddie","Treece","htreecejd@cnet.com","Agender","Canada"
"699","Aeriela","Francesc","afrancescje@soup.io","Bigender","Japan"
"700","Marianna","Andric","mandricjf@prweb.com","Male","Indonesia"
"701","Aldis","Drennan","adrennanjg@dailymotion.com","Female","Finland"
"702","Aylmer","Gullis","agullisjh@networkadvertising.org","Female","Indonesia"
"703","Wood","Benettolo","wbenettoloji@godaddy.com","Bigender","China"
"704","Darlleen","Allmark","dallmarkjj@hexun.com","Genderqueer","China"
"705","Uriah","Toor","utoorjk@photobucket.com","Non-binary","Jamaica"
"706","Goldy","Aspinal","gaspinaljl@mac.com","Non-binary","Brazil"
"707","Theresina","Lufkin","tlufkinjm@studiopress.com","Male","China"
"708","Sayer","Caddick","scaddickjn@usda.gov","Genderfluid","Palestinian Territory"
"709","Traci","Yeates","tyeatesjo@mit.edu","Male","Philippines"
"710","Floris","Skoate","fskoatejp@wikispaces.com","Bigender","China"
"711","Stesha","Connaughton","sconnaughtonjq@comcast.net","Agender","Kenya"
"712","Faythe","Wayper","fwayperjr@state.gov","Non-binary","Indonesia"
"713","Felicity","McCarlich","fmccarlichjs@smugmug.com","Male","Philippines"
"714","Netta","Epp","neppjt@amazon.com","Male","China"
"715","Yuma","Gillison","ygillisonju@livejournal.com","Male","Kosovo"
"716","Michaella","Endrizzi","mendrizzijv@ask.com","Non-binary","Poland"
"717","Suzanne","Scott","sscottjw@a8.net","Male","China"
"718","Jamill","Kahane","jkahanejx@flickr.com","Genderqueer","China"
"719","Jonie","Varne","jvarnejy@wikia.com","Genderqueer","Vietnam"
"720","Harp","MacGinlay","hmacginlayjz@abc.net.au","Bigender","Portugal"
"721","Afton","Kikke","akikkek0@github.com","Non-binary","Czech Republic"
"722","Delcina","Chessel","dchesselk1@123-reg.co.uk","Genderqueer","Portugal"
"723","Steven","Zanre","szanrek2@imageshack.us","Polygender","Brazil"
"724","Ethelbert","Hacun","ehacunk3@netscape.com","Genderqueer","Papua New Guinea"
"725","Eleni","Tamblyn","etamblynk4@edublogs.org","Female","Indonesia"
"726","Vance","O'Monahan","vomonahank5@mayoclinic.com","Agender","Armenia"
"727","Sheffie","Noye","snoyek6@alibaba.com","Male","China"
"728","Jerrilee","Tatchell","jtatchellk7@jugem.jp","Genderfluid","Morocco"
"729","Gretal","Elsmere","gelsmerek8@xrea.com","Bigender","China"
"730","Rodolph","Fabb","rfabbk9@myspace.com","Genderfluid","Brazil"
"731","Viki","Coltart","vcoltartka@soundcloud.com","Genderfluid","Norway"
"732","Byron","Loncaster","bloncasterkb@sfgate.com","Male","Ireland"
"733","Rutter","Mosson","rmossonkc@ucoz.ru","Polygender","Mongolia"
"734","Lyssa","Strooband","lstroobandkd@redcross.org","Female","Pakistan"
"735","Claiborne","Hartshorn","chartshornke@hugedomains.com","Non-binary","Peru"
"736","Zolly","Brownsword","zbrownswordkf@deliciousdays.com","Male","China"
"737","Amil","Lebrun","alebrunkg@google.it","Male","Indonesia"
"738","Garrott","McGucken","gmcguckenkh@jalbum.net","Bigender","United States"
"739","Andonis","Costar","acostarki@va.gov","Bigender","Guatemala"
"740","Larina","Blampied","lblampiedkj@pen.io","Genderfluid","Canada"
"741","Elisabet","MacCleod","emaccleodkk@merriam-webster.com","Male","Poland"
"742","Teddy","Mockes","tmockeskl@answers.com","Polygender","Russia"
"743","Allx","Tams","atamskm@live.com","Genderqueer","Cameroon"
"744","Jane","Blasetti","jblasettikn@prnewswire.com","Non-binary","Panama"
"745","Clim","Foord","cfoordko@jimdo.com","Genderfluid","Indonesia"
"746","Anatollo","Poynor","apoynorkp@webmd.com","Female","Indonesia"
"747","Sibbie","Barks","sbarkskq@prlog.org","Polygender","Pakistan"
"748","Cathrin","MacGinney","cmacginneykr@pinterest.com","Agender","Bosnia and Herzegovina"
"749","Peyton","Voaden","pvoadenks@berkeley.edu","Genderfluid","Sweden"
"750","Abel","Cheyney","acheyneykt@gmpg.org","Agender","Indonesia"
"751","Eldin","De Beauchamp","edebeauchampku@spotify.com","Agender","Guatemala"
"752","Avie","Reggiani","areggianikv@github.io","Agender","South Africa"
"753","Bevon","Pitney","bpitneykw@xing.com","Polygender","Japan"
"754","Kurt","Urch","kurchkx@biblegateway.com","Male","Ukraine"
"755","Marje","Gayden","mgaydenky@livejournal.com","Female","Sweden"
"756","Gayler","Livermore","glivermorekz@sfgate.com","Agender","Sweden"
"757","Gerik","Halloran","ghalloranl0@slideshare.net","Genderfluid","Argentina"
"758","Angie","Sherebrook","asherebrookl1@forbes.com","Female","China"
"759","Darleen","Coursor","dcoursorl2@shutterfly.com","Female","Colombia"
"760","Reynard","Romer","rromerl3@webeden.co.uk","Genderfluid","Czech Republic"
"761","Kalle","Groome","kgroomel4@sogou.com","Female","Poland"
"762","Letisha","Quinn","lquinnl5@ycombinator.com","Male","Honduras"
"763","Timmie","Jorgesen","tjorgesenl6@imdb.com","Male","Ireland"
"764","Ahmad","Coom","acooml7@independent.co.uk","Female","Russia"
"765","Lewie","Snowman","lsnowmanl8@paypal.com","Agender","Croatia"
"766","Jenna","Burdytt","jburdyttl9@google.de","Bigender","China"
"767","Galina","Glanfield","gglanfieldla@163.com","Non-binary","Argentina"
"768","Christie","Benardeau","cbenardeaulb@merriam-webster.com","Polygender","Russia"
"769","Griffith","Stuchbury","gstuchburylc@arizona.edu","Bigender","Philippines"
"770","Darbie","Mattingly","dmattinglyld@jalbum.net","Non-binary","Sudan"
"771","Gram","Stormouth","gstormouthle@pcworld.com","Genderqueer","Indonesia"
"772","Rupert","Hanway","rhanwaylf@mediafire.com","Male","Sweden"
"773","Saunder","Cripps","scrippslg@dailymotion.com","Polygender","Nepal"
"774","Claire","Stitson","cstitsonlh@cnbc.com","Non-binary","Ukraine"
"775","Gran","Eddy","geddyli@furl.net","Non-binary","Kenya"
"776","Jorry","Treslove","jtreslovelj@abc.net.au","Genderfluid","China"
"777","Atalanta","Pattle","apattlelk@ovh.net","Agender","Brazil"
"778","Cordell","Faux","cfauxll@webeden.co.uk","Agender","Thailand"
"779","Oralle","Halton","ohaltonlm@printfriendly.com","Female","United States"
"780","Merilee","Knoble","mknobleln@virginia.edu","Non-binary","Peru"
"781","Darnall","Prewett","dprewettlo@ocn.ne.jp","Genderqueer","Malta"
"782","Kerstin","Duinkerk","kduinkerklp@angelfire.com","Agender","Philippines"
"783","Freddy","Sweetman","fsweetmanlq@mac.com","Genderfluid","Philippines"
"784","Dotty","Elion","delionlr@quantcast.com","Agender","Greece"
"785","Giovanna","de Grey","gdegreyls@army.mil","Genderqueer","France"
"786","Ronni","Davage","rdavagelt@diigo.com","Genderfluid","China"
"787","Hilarius","Pickover","hpickoverlu@cocolog-nifty.com","Male","Ireland"
"788","Nicky","Speight","nspeightlv@pen.io","Bigender","Armenia"
"789","Fanya","Diego","fdiegolw@rediff.com","Genderqueer","Philippines"
"790","Giuseppe","Gilfether","ggilfetherlx@nature.com","Genderqueer","China"
"791","Cyril","Fell","cfellly@ow.ly","Female","Kazakhstan"
"792","Melita","Barwise","mbarwiselz@house.gov","Female","Poland"
"793","Alessandra","Inchboard","ainchboardm0@google.com","Bigender","Indonesia"
"794","Tabbie","Cubin","tcubinm1@e-recht24.de","Non-binary","Ukraine"
"795","Aurelea","Colliar","acolliarm2@abc.net.au","Agender","Sweden"
"796","Fidelity","Fentem","ffentemm3@blogspot.com","Male","Indonesia"
"797","Magda","Everix","meverixm4@miitbeian.gov.cn","Male","New Zealand"
"798","Margot","Adao","madaom5@goo.gl","Polygender","Indonesia"
"799","Theodora","Axford","taxfordm6@dailymail.co.uk","Genderqueer","Ivory Coast"
"800","Maison","Gadie","mgadiem7@bizjournals.com","Male","Indonesia"
"801","Karl","Coverley","kcoverleym8@google.co.uk","Polygender","Honduras"
"802","Braden","Durnall","bdurnallm9@vistaprint.com","Genderqueer","Indonesia"
"803","Griff","Weiser","gweiserma@php.net","Male","Brazil"
"804","Isahella","Chelley","ichelleymb@engadget.com","Polygender","Libya"
"805","Susana","Loram","slorammc@histats.com","Bigender","Russia"
"806","Dev","Pashbee","dpashbeemd@stanford.edu","Non-binary","Croatia"
"807","Cordula","O'Cannan","cocannanme@mtv.com","Female","Canada"
"808","Bradan","Yelding","byeldingmf@imgur.com","Polygender","Indonesia"
"809","Julia","Gumey","jgumeymg@shinystat.com","Non-binary","Yemen"
"810","Hercules","Wreath","hwreathmh@feedburner.com","Female","Palestinian Territory"
"811","Kip","Sleightholm","ksleightholmmi@dailymotion.com","Genderqueer","China"
"812","Maria","Gillow","mgillowmj@reference.com","Non-binary","Palestinian Territory"
"813","Guthry","Amburgy","gamburgymk@furl.net","Agender","Poland"
"814","Willdon","Kinavan","wkinavanml@free.fr","Genderqueer","Bolivia"
"815","Drud","Stedall","dstedallmm@webeden.co.uk","Bigender","Poland"
"816","Leanora","Woolsey","lwoolseymn@redcross.org","Non-binary","China"
"817","Dari","Radleigh","dradleighmo@goo.ne.jp","Genderqueer","Peru"
"818","Ronny","Renner","rrennermp@cnn.com","Bigender","China"
"819","Emylee","Daltry","edaltrymq@cornell.edu","Polygender","Norway"
"820","Dorris","Scotson","dscotsonmr@apache.org","Agender","Netherlands"
"821","Evita","Berney","eberneyms@nytimes.com","Female","Philippines"
"822","Benn","Glasard","bglasardmt@squidoo.com","Male","Russia"
"823","Felicdad","Payton","fpaytonmu@ycombinator.com","Genderqueer","Canada"
"824","Chrisy","Pocock","cpocockmv@boston.com","Male","Brazil"
"825","Sebastien","Gard","sgardmw@bandcamp.com","Genderqueer","France"
"826","Nyssa","Mattea","nmatteamx@tamu.edu","Non-binary","Colombia"
"827","Earle","Meuse","emeusemy@rediff.com","Non-binary","Nigeria"
"828","Damien","Le land","dlelandmz@myspace.com","Non-binary","Saudi Arabia"
"829","Wainwright","Harmeston","wharmestonn0@myspace.com","Genderqueer","China"
"830","Midge","Grieveson","mgrievesonn1@earthlink.net","Genderfluid","Mali"
"831","Tod","Purvey","tpurveyn2@mit.edu","Genderfluid","Indonesia"
"832","Curcio","Sandwick","csandwickn3@cyberchimps.com","Female","China"
"833","Zollie","Spedding","zspeddingn4@etsy.com","Genderqueer","Brazil"
"834","Ephrem","Jeffrey","ejeffreyn5@liveinternet.ru","Genderqueer","Latvia"
"835","Rudolf","Martyntsev","rmartyntsevn6@e-recht24.de","Polygender","Portugal"
"836","Talbot","Loraine","tlorainen7@ucoz.com","Polygender","Venezuela"
"837","Ortensia","Measor","omeasorn8@ox.ac.uk","Genderqueer","Indonesia"
"838","Corby","Sauven","csauvenn9@kickstarter.com","Polygender","Malaysia"
"839","Christiane","Kagan","ckaganna@jimdo.com","Bigender","Russia"
"840","Jacenta","Wilmott","jwilmottnb@about.me","Agender","Turkmenistan"
"841","Geno","Feehily","gfeehilync@discovery.com","Male","Thailand"
"842","Dall","Stiffell","dstiffellnd@epa.gov","Non-binary","China"
"843","Bartholomeus","Sketch","bsketchne@foxnews.com","Agender","Czech Republic"
"844","Alvie","Charlson","acharlsonnf@forbes.com","Polygender","China"
"845","Mordy","Devin","mdevinng@mashable.com","Female","Indonesia"
"846","Jodie","Chazier","jchaziernh@yellowpages.com","Genderfluid","Indonesia"
"847","Chaddie","Shepstone","cshepstoneni@themeforest.net","Non-binary","Costa Rica"
"848","Ardath","McLarnon","amclarnonnj@vistaprint.com","Genderfluid","Nigeria"
"849","Jacobo","Glassborow","jglassborownk@usda.gov","Female","Brazil"
"850","Karol","Mennithorp","kmennithorpnl@sciencedirect.com","Bigender","China"
"851","Isaak","Bowling","ibowlingnm@freewebs.com","Non-binary","Greece"
"852","Heddie","Enocksson","henockssonnn@jugem.jp","Agender","Indonesia"
"853","Maryjane","Brindley","mbrindleyno@scribd.com","Genderfluid","Egypt"
"854","Sergei","Cleynman","scleynmannp@youku.com","Female","Philippines"
"855","Crin","Mennell","cmennellnq@berkeley.edu","Bigender","Thailand"
"856","Aubrey","Sheaf","asheafnr@loc.gov","Female","United States"
"857","Avery","Kildale","akildalens@reddit.com","Agender","China"
"858","Rudd","Matheson","rmathesonnt@alexa.com","Agender","Portugal"
"859","Joby","Brayne","jbraynenu@imageshack.us","Genderqueer","Sweden"
"860","Franky","Finney","ffinneynv@linkedin.com","Polygender","Azerbaijan"
"861","Saw","Agius","sagiusnw@jiathis.com","Agender","China"
"862","Mariska","Hissie","mhissienx@bloglovin.com","Genderqueer","Argentina"
"863","Angelico","Barrett","abarrettny@usda.gov","Genderfluid","Guam"
"864","Doug","Viall","dviallnz@blinklist.com","Female","Indonesia"
"865","Ramona","Russam","rrussamo0@addtoany.com","Bigender","Poland"
"866","Uriah","Scurr","uscurro1@va.gov","Bigender","Indonesia"
"867","Tamma","Carncross","tcarncrosso2@mozilla.com","Female","Russia"
"868","Lorianne","Phettiplace","lphettiplaceo3@amazonaws.com","Genderqueer","China"
"869","Alecia","Duddell","aduddello4@cornell.edu","Bigender","Luxembourg"
"870","Mikaela","Kayzer","mkayzero5@usa.gov","Female","Canada"
"871","Erhard","Irving","eirvingo6@cpanel.net","Polygender","Poland"
"872","Fanchon","Stoffels","fstoffelso7@theatlantic.com","Non-binary","Indonesia"
"873","Arin","Prestney","aprestneyo8@bandcamp.com","Non-binary","Indonesia"
"874","Denni","Tripcony","dtripconyo9@sfgate.com","Non-binary","Poland"
"875","Suzann","Roscam","sroscamoa@spiegel.de","Non-binary","Indonesia"
"876","Georgy","Hatfull","ghatfullob@upenn.edu","Genderfluid","China"
"877","Giustino","Crang","gcrangoc@nifty.com","Non-binary","Colombia"
"878","Harmon","Rosenfelder","hrosenfelderod@scribd.com","Genderqueer","Honduras"
"879","Elbertine","Form","eformoe@usa.gov","Female","Mexico"
"880","Luella","Bearfoot","lbearfootof@slashdot.org","Non-binary","Haiti"
"881","Marylou","McGourty","mmcgourtyog@psu.edu","Bigender","Netherlands"
"882","Sarita","Fieldhouse","sfieldhouseoh@pagesperso-orange.fr","Agender","Indonesia"
"883","Charita","Blonden","cblondenoi@liveinternet.ru","Genderqueer","Indonesia"
"884","Adolphe","Cunah","acunahoj@cbslocal.com","Bigender","United States"
"885","Brett","Derell","bderellok@sphinn.com","Genderfluid","Kazakhstan"
"886","Lita","Vanes","lvanesol@army.mil","Non-binary","Portugal"
"887","Kelley","Helling","khellingom@ucla.edu","Genderqueer","Rwanda"
"888","Bevin","Routham","brouthamon@economist.com","Male","China"
"889","Skip","Pickrell","spickrelloo@geocities.jp","Non-binary","China"
"890","Delainey","Brim","dbrimop@i2i.jp","Polygender","France"
"891","Kristoffer","Chevin","kchevinoq@mtv.com","Polygender","China"
"892","Vidovik","Gosling","vgoslingor@is.gd","Genderqueer","China"
"893","Catlee","Found","cfoundos@princeton.edu","Agender","Indonesia"
"894","Faulkner","Reyburn","freyburnot@marriott.com","Male","Brazil"
"895","Charmion","Pleass","cpleassou@dailymail.co.uk","Polygender","Luxembourg"
"896","Carmella","Antoszczyk","cantoszczykov@themeforest.net","Polygender","Philippines"
"897","Emanuel","Walkden","ewalkdenow@mit.edu","Genderqueer","Vietnam"
"898","Jackson","Critchell","jcritchellox@youku.com","Genderqueer","Russia"
"899","Sanson","Farquarson","sfarquarsonoy@qq.com","Non-binary","Russia"
"900","Cory","Haddow","chaddowoz@whitehouse.gov","Genderfluid","Philippines"
"901","Bernardina","Gostyke","bgostykep0@adobe.com","Genderqueer","Poland"
"902","Thane","Ector","tectorp1@ihg.com","Polygender","South Africa"
"903","Karel","Sansun","ksansunp2@elegantthemes.com","Female","Greece"
"904","Lexis","Tottie","ltottiep3@unicef.org","Agender","Philippines"
"905","Fanny","Hessentaler","fhessentalerp4@naver.com","Bigender","China"
"906","Caryn","Rosenbloom","crosenbloomp5@nps.gov","Genderqueer","Malaysia"
"907","Eden","Barmadier","ebarmadierp6@t.co","Genderfluid","China"
"908","Lisha","Kiff","lkiffp7@chronoengine.com","Male","Egypt"
"909","Dulcy","Scaysbrook","dscaysbrookp8@xinhuanet.com","Genderqueer","Indonesia"
"910","Dukie","MacCroary","dmaccroaryp9@marriott.com","Genderqueer","Cuba"
"911","Barnaby","Bradneck","bbradneckpa@google.pl","Genderqueer","Indonesia"
"912","Emeline","Barthropp","ebarthropppb@sciencedirect.com","Genderfluid","Philippines"
"913","Trish","Truitt","ttruittpc@scientificamerican.com","Male","Estonia"
"914","Nap","Sabben","nsabbenpd@mail.ru","Female","Japan"
"915","Natka","Lackemann","nlackemannpe@creativecommons.org","Female","Indonesia"
"916","Aluin","Bompas","abompaspf@elpais.com","Agender","Russia"
"917","Arnold","Lilywhite","alilywhitepg@telegraph.co.uk","Male","Philippines"
"918","Lizette","Haddleston","lhaddlestonph@webs.com","Male","China"
"919","Robinet","Reay","rreaypi@reverbnation.com","Genderfluid","Indonesia"
"920","Roby","Ebbin","rebbinpj@bizjournals.com","Female","Indonesia"
"921","Joellen","Grishkov","jgrishkovpk@senate.gov","Female","Indonesia"
"922","Joann","Maidens","jmaidenspl@studiopress.com","Male","China"
"923","Chad","Kiera","ckierapm@blogs.com","Genderfluid","Honduras"
"924","Rani","Lowndes","rlowndespn@japanpost.jp","Male","Indonesia"
"925","Isabel","Gant","igantpo@nbcnews.com","Genderqueer","China"
"926","Bernete","Manston","bmanstonpp@hostgator.com","Bigender","Zambia"
"927","Gerry","Blanking","gblankingpq@soundcloud.com","Male","Thailand"
"928","Raina","Kausche","rkauschepr@cnn.com","Agender","Belarus"
"929","Rob","Hazelden","rhazeldenps@prweb.com","Genderqueer","China"
"930","Crysta","Mullett","cmullettpt@uol.com.br","Non-binary","Colombia"
"931","Marlowe","Trounce","mtrouncepu@oaic.gov.au","Genderqueer","Canada"
"932","Pollyanna","Beeching","pbeechingpv@webs.com","Polygender","Portugal"
"933","Eden","Colley","ecolleypw@deviantart.com","Genderqueer","Greece"
"934","Tull","Habbin","thabbinpx@linkedin.com","Female","Indonesia"
"935","North","Wright","nwrightpy@acquirethisname.com","Non-binary","Philippines"
"936","Remington","Peasee","rpeaseepz@posterous.com","Genderfluid","Colombia"
"937","Amata","Sofe","asofeq0@mysql.com","Genderfluid","Mongolia"
"938","Berrie","Owbridge","bowbridgeq1@senate.gov","Bigender","Indonesia"
"939","Stirling","Leyden","sleydenq2@dell.com","Female","China"
"940","Emile","Clinch","eclinchq3@earthlink.net","Genderqueer","Philippines"
"941","Shir","Coombes","scoombesq4@fc2.com","Non-binary","Cambodia"
"942","Rene","Neale","rnealeq5@etsy.com","Agender","Bulgaria"
"943","Cati","Gossage","cgossageq6@diigo.com","Non-binary","Lithuania"
"944","Justus","Clew","jclewq7@google.de","Agender","Colombia"
"945","Skip","Sobtka","ssobtkaq8@so-net.ne.jp","Bigender","Syria"
"946","Farra","Antecki","fanteckiq9@wikimedia.org","Genderfluid","China"
"947","Ondrea","Raselles","orasellesqa@gizmodo.com","Genderqueer","China"
"948","Shellie","Shorland","sshorlandqb@dot.gov","Polygender","China"
"949","Willey","Jenkyn","wjenkynqc@youtu.be","Non-binary","China"
"950","Clovis","Gobourn","cgobournqd@engadget.com","Polygender","Indonesia"
"951","Selie","O'Hdirscoll","sohdirscollqe@amazonaws.com","Genderfluid","Philippines"
"952","Alvira","Paulusch","apauluschqf@bluehost.com","Male","Indonesia"
"953","Niki","Spoure","nspoureqg@usnews.com","Genderfluid","Poland"
"954","Arleen","Filchakov","afilchakovqh@jalbum.net","Non-binary","Finland"
"955","Mike","McCoy","mmccoyqi@nps.gov","Genderqueer","Tanzania"
"956","Erina","Blampy","eblampyqj@slate.com","Genderqueer","Philippines"
"957","Ula","Paiton","upaitonqk@washingtonpost.com","Polygender","Greece"
"958","Yvor","Bellchamber","ybellchamberql@intel.com","Agender","Azerbaijan"
"959","Sullivan","Minshull","sminshullqm@census.gov","Agender","Indonesia"
"960","Suzie","Clench","sclenchqn@mit.edu","Female","Myanmar"
"961","Alasdair","Bellhanger","abellhangerqo@sun.com","Female","Slovenia"
"962","Bianka","Asals","basalsqp@google.com.au","Bigender","Vietnam"
"963","Aubrette","Wainer","awainerqq@paginegialle.it","Female","Indonesia"
"964","Natalie","Karolyi","nkarolyiqr@creativecommons.org","Bigender","Nigeria"
"965","Sharona","Mulloch","smullochqs@t.co","Agender","Turkey"
"966","Ivett","Naisbit","inaisbitqt@fastcompany.com","Female","Philippines"
"967","Olivia","Flett","oflettqu@list-manage.com","Female","China"
"968","Briney","Trump","btrumpqv@indiatimes.com","Polygender","Kenya"
"969","Sybila","Churchlow","schurchlowqw@meetup.com","Male","Slovenia"
"970","Alexandro","Rominov","arominovqx@slideshare.net","Male","Philippines"
"971","Bernarr","Polland","bpollandqy@yahoo.com","Bigender","Indonesia"
"972","Abby","Auty","aautyqz@fc2.com","Genderqueer","France"
"973","Dulcea","Coetzee","dcoetzeer0@ehow.com","Genderqueer","Indonesia"
"974","Kitty","Tatnell","ktatnellr1@marketwatch.com","Genderfluid","Indonesia"
"975","Shanda","Clac","sclacr2@webs.com","Polygender","Sweden"
"976","Rhiamon","Baistow","rbaistowr3@creativecommons.org","Agender","Palestinian Territory"
"977","Moe","Vedeniktov","mvedeniktovr4@yandex.ru","Bigender","Russia"
"978","Candie","Klimkov","cklimkovr5@sohu.com","Genderfluid","Czech Republic"
"979","Isahella","Hairyes","ihairyesr6@nationalgeographic.com","Genderqueer","Lithuania"
"980","Nicolas","McGairl","nmcgairlr7@vinaora.com","Bigender","Brazil"
"981","Krishna","Augustus","kaugustusr8@so-net.ne.jp","Polygender","Norway"
"982","Kaylyn","Antcliffe","kantcliffer9@oakley.com","Female","Chile"
"983","Lilllie","Deeson","ldeesonra@friendfeed.com","Genderqueer","Colombia"
"984","Sutton","Denerley","sdenerleyrb@weather.com","Genderfluid","China"
"985","Bo","Thunders","bthundersrc@sourceforge.net","Genderqueer","Yemen"
"986","Cordey","Lambell","clambellrd@aol.com","Non-binary","China"
"987","Dorey","Saiens","dsaiensre@free.fr","Bigender","China"
"988","Igor","Delamere","idelamererf@slashdot.org","Non-binary","Indonesia"
"989","Fabien","Crum","fcrumrg@mashable.com","Polygender","Sweden"
"990","Tessa","Shera","tsherarh@ovh.net","Genderqueer","China"
"991","Lyndsay","Karus","lkarusri@columbia.edu","Genderfluid","Costa Rica"
"992","Emmery","O'Concannon","eoconcannonrj@mashable.com","Male","Poland"
"993","Walther","Isoldi","wisoldirk@elegantthemes.com","Agender","Indonesia"
"994","Sigvard","Kleinholz","skleinholzrl@home.pl","Bigender","Paraguay"
"995","Alla","McAllen","amcallenrm@php.net","Genderqueer","Portugal"
"996","Marybeth","Garrod","mgarrodrn@jimdo.com","Female","Honduras"
"997","Cyrille","Ferenczi","cferencziro@123-reg.co.uk","Genderqueer","Russia"
"998","Cosme","McDermot","cmcdermotrp@admin.ch","Genderqueer","Portugal"
"999","Torey","Walklett","twalklettrq@alexa.com","Polygender","Guatemala"
"1000","Jyoti","Betjeman","jbetjemanrr@woothemes.com","Bigender","China"
"1001","","","","",""
"1002","","","","",""
"1003","","","","",""