2,Jeremie,Zupa,jzupa1@pen.io,Male,Dollar
40,Matty,Zuker,mzuker13@washingtonpost.com,Agender,Dollar
44,Pattie,Molines,pmolines17@walmart.com,Agender,Dollar
45,Lucia,Fridlington,lfridlington18@blogtalkradio.com,Genderqueer,Dollar
49,Hurlee,Radband,hradband1c@exblog.jp,Male,Dollar
58,Magdaia,Thoresby,mthoresby1l@ted.com,Female,Dollar
139,Augustine,Benettini,abenettini3u@4shared.com,Female,Dollar
141,Rochette,Cotty,rcotty3w@skype.com,Polygender,Dollar
142,Emmy,Kondrachenko,ekondrachenko3x@businessinsider.com,Female,Dollar
181,Hastie,Heaford,hheaford50@multiply.com,Female,Dollar
191,Emmott,Gurton,egurton5a@wordpress.org,Genderqueer,Dollar
194,Malvin,Alesi,malesi5d@mozilla.com,Genderqueer,Dollar
197,Abraham,Beldom,abeldom5g@businesswire.com,Polygender,Dollar
221,Stella,Healks,shealks64@unesco.org,Genderqueer,Dollar
254,Cazzie,Watt,cwatt71@whitehouse.gov,Genderfluid,Dollar
295,Natty,Linkie,nlinkie86@chronoengine.com,Polygender,Dollar
307,Nonah,Barrack,nbarrack8i@java.com,Genderfluid,Dollar
312,Beth,Airey,bairey8n@cbsnews.com,Male,Dollar
337,Stirling,Rediers,srediers9c@mayoclinic.com,Bigender,Dollar
350,Garrek,Stewart,gstewart9p@mit.edu,Genderqueer,Dollar
368,Tremain,Seyler,tseylera7@themeforest.net,Genderfluid,Dollar
389,Noam,Nisius,nnisiusas@plala.or.jp,Agender,Dollar
393,Martainn,Maypole,mmaypoleaw@unc.edu,Agender,Dollar
395,Genevra,Wishart,gwishartay@woothemes.com,Genderfluid,Dollar
397,Sherry,Barrat,sbarratb0@cnet.com,Non-binary,Dollar
400,Skip,O'Callaghan,socallaghanb3@telegraph.co.uk,Non-binary,Dollar
408,Eadith,Sillito,esillitobb@yellowbook.com,Female,Dollar
454,Boyd,Hickisson,bhickissoncl@simplemachines.org,Male,Dollar
493,Brande,Eastup,beastupdo@sourceforge.net,Genderqueer,Dollar
548,Ede,Kobierra,ekobierraf7@ca.gov,Male,Dollar
561,Eunice,Grierson,egriersonfk@admin.ch,Female,Dollar
562,Lura,Saurin,lsaurinfl@oakley.com,Polygender,Dollar
564,Nicolais,Rivilis,nrivilisfn@creativecommons.org,Agender,Dollar
593,Alyse,Born,aborngg@jiathis.com,Bigender,Dollar
594,Darill,Neames,dneamesgh@canalblog.com,Polygender,Dollar
595,Renell,Beresfore,rberesforegi@ow.ly,Agender,Dollar
605,Benedikt,Towsey,btowseygs@va.gov,Male,Dollar
631,Simona,Shepeard,sshepeardhi@amazon.co.jp,Male,Dollar
648,Allie,Aloshkin,aaloshkinhz@fc2.com,Female,Dollar
682,Dyna,Ivetts,divettsix@senate.gov,Polygender,Dollar
687,Valera,MacGraith,vmacgraithj2@cbsnews.com,Genderfluid,Dollar
696,Kerr,Treeby,ktreebyjb@amazon.co.uk,Male,Dollar
764,Karrah,McCarle,kmccarlel7@etsy.com,Agender,Dollar
775,Graehme,Phizackerly,gphizackerlyli@slashdot.org,Agender,Dollar
779,Aurelie,Talman,atalmanlm@nba.com,Male,Dollar
800,Roger,Wickie,rwickiem7@qq.com,Genderqueer,Dollar
853,Josy,Jentgens,jjentgensno@theatlantic.com,Polygender,Dollar
857,Newton,Di Roberto,ndirobertons@xrea.com,Non-binary,Dollar
920,Emilee,Southon,esouthonpj@newyorker.com,Female,Dollar
951,Aleta,Crathorne,acrathorneqe@hubpages.com,Non-binary,Dollar
981,Den,Letten,dlettenr8@independent.co.uk,Non-binary,Dollar
982,Maria,Vasyukov,mvasyukovr9@imgur.com,Polygender,Dollar
985,Ewell,Adamovich,eadamovichrc@elegantthemes.com,Female,Dollar
991,Corrina,Denys,cdenysri@tuttocitta.it,Female,Dollar
994,Roddy,Belhomme,rbelhommerl@cmu.edu,Agender,Dollar
2,Jeremie,Zupa,jzupa1@pen.io,Male,Dollar
40,Matty,Zuker,mzuker13@washingtonpost.com,Agender,Dollar
44,Pattie,Molines,pmolines17@walmart.com,Agender,Dollar
45,Lucia,Fridlington,lfridlington18@blogtalkradio.com,Genderqueer,Dollar
49,Hurlee,Radband,hradband1c@exblog.jp,Male,Dollar
58,Magdaia,Thoresby,mthoresby1l@ted.com,Female,Dollar
139,Augustine,Benettini,abenettini3u@4shared.com,Female,Dollar
141,Rochette,Cotty,rcotty3w@skype.com,Polygender,Dollar
142,Emmy,Kondrachenko,ekondrachenko3x@businessinsider.com,Female,Dollar
181,Hastie,Heaford,hheaford50@multiply.com,Female,Dollar
191,Emmott,Gurton,egurton5a@wordpress.org,Genderqueer,Dollar
194,Malvin,Alesi,malesi5d@mozilla.com,Genderqueer,Dollar
197,Abraham,Beldom,abeldom5g@businesswire.com,Polygender,Dollar
221,Stella,Healks,shealks64@unesco.org,Genderqueer,Dollar
254,Cazzie,Watt,cwatt71@whitehouse.gov,Genderfluid,Dollar
295,Natty,Linkie,nlinkie86@chronoengine.com,Polygender,Dollar
307,Nonah,Barrack,nbarrack8i@java.com,Genderfluid,Dollar
312,Beth,Airey,bairey8n@cbsnews.com,Male,Dollar
337,Stirling,Rediers,srediers9c@mayoclinic.com,Bigender,Dollar
350,Garrek,Stewart,gstewart9p@mit.edu,Genderqueer,Dollar
368,Tremain,Seyler,tseylera7@themeforest.net,Genderfluid,Dollar
389,Noam,Nisius,nnisiusas@plala.or.jp,Agender,Dollar
393,Martainn,Maypole,mmaypoleaw@unc.edu,Agender,Dollar
395,Genevra,Wishart,gwishartay@woothemes.com,Genderfluid,Dollar
397,Sherry,Barrat,sbarratb0@cnet.com,Non-binary,Dollar
400,Skip,O'Callaghan,socallaghanb3@telegraph.co.uk,Non-binary,Dollar
408,Eadith,Sillito,esillitobb@yellowbook.com,Female,Dollar
454,Boyd,Hickisson,bhickissoncl@simplemachines.org,Male,Dollar
493,Brande,Eastup,beastupdo@sourceforge.net,Genderqueer,Dollar
548,Ede,Kobierra,ekobierraf7@ca.gov,Male,Dollar
561,Eunice,Grierson,egriersonfk@admin.ch,Female,Dollar
562,Lura,Saurin,lsaurinfl@oakley.com,Polygender,Dollar
564,Nicolais,Rivilis,nrivilisfn@creativecommons.org,Agender,Dollar
593,Alyse,Born,aborngg@jiathis.com,Bigender,Dollar
594,Darill,Neames,dneamesgh@canalblog.com,Polygender,Dollar
595,Renell,Beresfore,rberesforegi@ow.ly,Agender,Dollar
605,Benedikt,Towsey,btowseygs@va.gov,Male,Dollar
631,Simona,Shepeard,sshepeardhi@amazon.co.jp,Male,Dollar
648,Allie,Aloshkin,aaloshkinhz@fc2.com,Female,Dollar
682,Dyna,Ivetts,divettsix@senate.gov,Polygender,Dollar
687,Valera,MacGraith,vmacgraithj2@cbsnews.com,Genderfluid,Dollar
696,Kerr,Treeby,ktreebyjb@amazon.co.uk,Male,Dollar
764,Karrah,McCarle,kmccarlel7@etsy.com,Agender,Dollar
775,Graehme,Phizackerly,gphizackerlyli@slashdot.org,Agender,Dollar
779,Aurelie,Talman,atalmanlm@nba.com,Male,Dollar
800,Roger,Wickie,rwickiem7@qq.com,Genderqueer,Dollar
853,Josy,Jentgens,jjentgensno@theatlantic.com,Polygender,Dollar
857,Newton,Di Roberto,ndirobertons@xrea.com,Non-binary,Dollar
920,Emilee,Southon,esouthonpj@newyorker.com,Female,Dollar
951,Aleta,Crathorne,acrathorneqe@hubpages.com,Non-binary,Dollar
981,Den,Letten,dlettenr8@independent.co.uk,Non-binary,Dollar
982,Maria,Vasyukov,mvasyukovr9@imgur.com,Polygender,Dollar
985,Ewell,Adamovich,eadamovichrc@elegantthemes.com,Female,Dollar
991,Corrina,Denys,cdenysri@tuttocitta.it,Female,Dollar
994,Roddy,Belhomme,rbelhommerl@cmu.edu,Agender,Dollar
2,Jeremie,Zupa,jzupa1@pen.io,Male,Dollar
40,Matty,Zuker,mzuker13@washingtonpost.com,Agender,Dollar
44,Pattie,Molines,pmolines17@walmart.com,Agender,Dollar
45,Lucia,Fridlington,lfridlington18@blogtalkradio.com,Genderqueer,Dollar
49,Hurlee,Radband,hradband1c@exblog.jp,Male,Dollar
58,Magdaia,Thoresby,mthoresby1l@ted.com,Female,Dollar
139,Augustine,Benettini,abenettini3u@4shared.com,Female,Dollar
141,Rochette,Cotty,rcotty3w@skype.com,Polygender,Dollar
142,Emmy,Kondrachenko,ekondrachenko3x@businessinsider.com,Female,Dollar
181,Hastie,Heaford,hheaford50@multiply.com,Female,Dollar
191,Emmott,Gurton,egurton5a@wordpress.org,Genderqueer,Dollar
194,Malvin,Alesi,malesi5d@mozilla.com,Genderqueer,Dollar
197,Abraham,Beldom,abeldom5g@businesswire.com,Polygender,Dollar
221,Stella,Healks,shealks64@unesco.org,Genderqueer,Dollar
254,Cazzie,Watt,cwatt71@whitehouse.gov,Genderfluid,Dollar
295,Natty,Linkie,nlinkie86@chronoengine.com,Polygender,Dollar
307,Nonah,Barrack,nbarrack8i@java.com,Genderfluid,Dollar
312,Beth,Airey,bairey8n@cbsnews.com,Male,Dollar
337,Stirling,Rediers,srediers9c@mayoclinic.com,Bigender,Dollar
350,Garrek,Stewart,gstewart9p@mit.edu,Genderqueer,Dollar
368,Tremain,Seyler,tseylera7@themeforest.net,Genderfluid,Dollar
389,Noam,Nisius,nnisiusas@plala.or.jp,Agender,Dollar
393,Martainn,Maypole,mmaypoleaw@unc.edu,Agender,Dollar
395,Genevra,Wishart,gwishartay@woothemes.com,Genderfluid,Dollar
397,Sherry,Barrat,sbarratb0@cnet.com,Non-binary,Dollar
400,Skip,O'Callaghan,socallaghanb3@telegraph.co.uk,Non-binary,Dollar
408,Eadith,Sillito,esillitobb@yellowbook.com,Female,Dollar
454,Boyd,Hickisson,bhickissoncl@simplemachines.org,Male,Dollar
493,Brande,Eastup,beastupdo@sourceforge.net,Genderqueer,Dollar
548,Ede,Kobierra,ekobierraf7@ca.gov,Male,Dollar
561,Eunice,Grierson,egriersonfk@admin.ch,Female,Dollar
562,Lura,Saurin,lsaurinfl@oakley.com,Polygender,Dollar
564,Nicolais,Rivilis,nrivilisfn@creativecommons.org,Agender,Dollar
593,Alyse,Born,aborngg@jiathis.com,Bigender,Dollar
594,Darill,Neames,dneamesgh@canalblog.com,Polygender,Dollar
595,Renell,Beresfore,rberesforegi@ow.ly,Agender,Dollar
605,Benedikt,Towsey,btowseygs@va.gov,Male,Dollar
631,Simona,Shepeard,sshepeardhi@amazon.co.jp,Male,Dollar
648,Allie,Aloshkin,aaloshkinhz@fc2.com,Female,Dollar
682,Dyna,Ivetts,divettsix@senate.gov,Polygender,Dollar
687,Valera,MacGraith,vmacgraithj2@cbsnews.com,Genderfluid,Dollar
696,Kerr,Treeby,ktreebyjb@amazon.co.uk,Male,Dollar
764,Karrah,McCarle,kmccarlel7@etsy.com,Agender,Dollar
775,Graehme,Phizackerly,gphizackerlyli@slashdot.org,Agender,Dollar
779,Aurelie,Talman,atalmanlm@nba.com,Male,Dollar
800,Roger,Wickie,rwickiem7@qq.com,Genderqueer,Dollar
853,Josy,Jentgens,jjentgensno@theatlantic.com,Polygender,Dollar
857,Newton,Di Roberto,ndirobertons@xrea.com,Non-binary,Dollar
920,Emilee,Southon,esouthonpj@newyorker.com,Female,Dollar
951,Aleta,Crathorne,acrathorneqe@hubpages.com,Non-binary,Dollar
981,Den,Letten,dlettenr8@independent.co.uk,Non-binary,Dollar
982,Maria,Vasyukov,mvasyukovr9@imgur.com,Polygender,Dollar
985,Ewell,Adamovich,eadamovichrc@elegantthemes.com,Female,Dollar
991,Corrina,Denys,cdenysri@tuttocitta.it,Female,Dollar
994,Roddy,Belhomme,rbelhommerl@cmu.edu,Agender,Dollar
2,Jeremie,Zupa,jzupa1@pen.io,Male,Dollar
40,Matty,Zuker,mzuker13@washingtonpost.com,Agender,Dollar
44,Pattie,Molines,pmolines17@walmart.com,Agender,Dollar
45,Lucia,Fridlington,lfridlington18@blogtalkradio.com,Genderqueer,Dollar
49,Hurlee,Radband,hradband1c@exblog.jp,Male,Dollar
58,Magdaia,Thoresby,mthoresby1l@ted.com,Female,Dollar
139,Augustine,Benettini,abenettini3u@4shared.com,Female,Dollar
141,Rochette,Cotty,rcotty3w@skype.com,Polygender,Dollar
142,Emmy,Kondrachenko,ekondrachenko3x@businessinsider.com,Female,Dollar
181,Hastie,Heaford,hheaford50@multiply.com,Female,Dollar
191,Emmott,Gurton,egurton5a@wordpress.org,Genderqueer,Dollar
194,Malvin,Alesi,malesi5d@mozilla.com,Genderqueer,Dollar
197,Abraham,Beldom,abeldom5g@businesswire.com,Polygender,Dollar
221,Stella,Healks,shealks64@unesco.org,Genderqueer,Dollar
254,Cazzie,Watt,cwatt71@whitehouse.gov,Genderfluid,Dollar
295,Natty,Linkie,nlinkie86@chronoengine.com,Polygender,Dollar
307,Nonah,Barrack,nbarrack8i@java.com,Genderfluid,Dollar
312,Beth,Airey,bairey8n@cbsnews.com,Male,Dollar
337,Stirling,Rediers,srediers9c@mayoclinic.com,Bigender,Dollar
350,Garrek,Stewart,gstewart9p@mit.edu,Genderqueer,Dollar
368,Tremain,Seyler,tseylera7@themeforest.net,Genderfluid,Dollar
389,Noam,Nisius,nnisiusas@plala.or.jp,Agender,Dollar
393,Martainn,Maypole,mmaypoleaw@unc.edu,Agender,Dollar
395,Genevra,Wishart,gwishartay@woothemes.com,Genderfluid,Dollar
397,Sherry,Barrat,sbarratb0@cnet.com,Non-binary,Dollar
400,Skip,O'Callaghan,socallaghanb3@telegraph.co.uk,Non-binary,Dollar
408,Eadith,Sillito,esillitobb@yellowbook.com,Female,Dollar
454,Boyd,Hickisson,bhickissoncl@simplemachines.org,Male,Dollar
493,Brande,Eastup,beastupdo@sourceforge.net,Genderqueer,Dollar
548,Ede,Kobierra,ekobierraf7@ca.gov,Male,Dollar
561,Eunice,Grierson,egriersonfk@admin.ch,Female,Dollar
562,Lura,Saurin,lsaurinfl@oakley.com,Polygender,Dollar
564,Nicolais,Rivilis,nrivilisfn@creativecommons.org,Agender,Dollar
593,Alyse,Born,aborngg@jiathis.com,Bigender,Dollar
594,Darill,Neames,dneamesgh@canalblog.com,Polygender,Dollar
595,Renell,Beresfore,rberesforegi@ow.ly,Agender,Dollar
605,Benedikt,Towsey,btowseygs@va.gov,Male,Dollar
631,Simona,Shepeard,sshepeardhi@amazon.co.jp,Male,Dollar
648,Allie,Aloshkin,aaloshkinhz@fc2.com,Female,Dollar
682,Dyna,Ivetts,divettsix@senate.gov,Polygender,Dollar
687,Valera,MacGraith,vmacgraithj2@cbsnews.com,Genderfluid,Dollar
696,Kerr,Treeby,ktreebyjb@amazon.co.uk,Male,Dollar
764,Karrah,McCarle,kmccarlel7@etsy.com,Agender,Dollar
775,Graehme,Phizackerly,gphizackerlyli@slashdot.org,Agender,Dollar
779,Aurelie,Talman,atalmanlm@nba.com,Male,Dollar
800,Roger,Wickie,rwickiem7@qq.com,Genderqueer,Dollar
853,Josy,Jentgens,jjentgensno@theatlantic.com,Polygender,Dollar
857,Newton,Di Roberto,ndirobertons@xrea.com,Non-binary,Dollar
920,Emilee,Southon,esouthonpj@newyorker.com,Female,Dollar
951,Aleta,Crathorne,acrathorneqe@hubpages.com,Non-binary,Dollar
981,Den,Letten,dlettenr8@independent.co.uk,Non-binary,Dollar
982,Maria,Vasyukov,mvasyukovr9@imgur.com,Polygender,Dollar
985,Ewell,Adamovich,eadamovichrc@elegantthemes.com,Female,Dollar
991,Corrina,Denys,cdenysri@tuttocitta.it,Female,Dollar
994,Roddy,Belhomme,rbelhommerl@cmu.edu,Agender,Dollar
2,Jeremie,Zupa,jzupa1@pen.io,Male,Dollar
40,Matty,Zuker,mzuker13@washingtonpost.com,Agender,Dollar
44,Pattie,Molines,pmolines17@walmart.com,Agender,Dollar
45,Lucia,Fridlington,lfridlington18@blogtalkradio.com,Genderqueer,Dollar
49,Hurlee,Radband,hradband1c@exblog.jp,Male,Dollar
58,Magdaia,Thoresby,mthoresby1l@ted.com,Female,Dollar
139,Augustine,Benettini,abenettini3u@4shared.com,Female,Dollar
141,Rochette,Cotty,rcotty3w@skype.com,Polygender,Dollar
142,Emmy,Kondrachenko,ekondrachenko3x@businessinsider.com,Female,Dollar
181,Hastie,Heaford,hheaford50@multiply.com,Female,Dollar
191,Emmott,Gurton,egurton5a@wordpress.org,Genderqueer,Dollar
194,Malvin,Alesi,malesi5d@mozilla.com,Genderqueer,Dollar
197,Abraham,Beldom,abeldom5g@businesswire.com,Polygender,Dollar
221,Stella,Healks,shealks64@unesco.org,Genderqueer,Dollar
254,Cazzie,Watt,cwatt71@whitehouse.gov,Genderfluid,Dollar
295,Natty,Linkie,nlinkie86@chronoengine.com,Polygender,Dollar
307,Nonah,Barrack,nbarrack8i@java.com,Genderfluid,Dollar
312,Beth,Airey,bairey8n@cbsnews.com,Male,Dollar
337,Stirling,Rediers,srediers9c@mayoclinic.com,Bigender,Dollar
350,Garrek,Stewart,gstewart9p@mit.edu,Genderqueer,Dollar
368,Tremain,Seyler,tseylera7@themeforest.net,Genderfluid,Dollar
389,Noam,Nisius,nnisiusas@plala.or.jp,Agender,Dollar
393,Martainn,Maypole,mmaypoleaw@unc.edu,Agender,Dollar
395,Genevra,Wishart,gwishartay@woothemes.com,Genderfluid,Dollar
397,Sherry,Barrat,sbarratb0@cnet.com,Non-binary,Dollar
400,Skip,O'Callaghan,socallaghanb3@telegraph.co.uk,Non-binary,Dollar
408,Eadith,Sillito,esillitobb@yellowbook.com,Female,Dollar
454,Boyd,Hickisson,bhickissoncl@simplemachines.org,Male,Dollar
493,Brande,Eastup,beastupdo@sourceforge.net,Genderqueer,Dollar
548,Ede,Kobierra,ekobierraf7@ca.gov,Male,Dollar
561,Eunice,Grierson,egriersonfk@admin.ch,Female,Dollar
562,Lura,Saurin,lsaurinfl@oakley.com,Polygender,Dollar
564,Nicolais,Rivilis,nrivilisfn@creativecommons.org,Agender,Dollar
593,Alyse,Born,aborngg@jiathis.com,Bigender,Dollar
594,Darill,Neames,dneamesgh@canalblog.com,Polygender,Dollar
595,Renell,Beresfore,rberesforegi@ow.ly,Agender,Dollar
605,Benedikt,Towsey,btowseygs@va.gov,Male,Dollar
631,Simona,Shepeard,sshepeardhi@amazon.co.jp,Male,Dollar
648,Allie,Aloshkin,aaloshkinhz@fc2.com,Female,Dollar
682,Dyna,Ivetts,divettsix@senate.gov,Polygender,Dollar
687,Valera,MacGraith,vmacgraithj2@cbsnews.com,Genderfluid,Dollar
696,Kerr,Treeby,ktreebyjb@amazon.co.uk,Male,Dollar
764,Karrah,McCarle,kmccarlel7@etsy.com,Agender,Dollar
775,Graehme,Phizackerly,gphizackerlyli@slashdot.org,Agender,Dollar
779,Aurelie,Talman,atalmanlm@nba.com,Male,Dollar
800,Roger,Wickie,rwickiem7@qq.com,Genderqueer,Dollar
853,Josy,Jentgens,jjentgensno@theatlantic.com,Polygender,Dollar
857,Newton,Di Roberto,ndirobertons@xrea.com,Non-binary,Dollar
920,Emilee,Southon,esouthonpj@newyorker.com,Female,Dollar
951,Aleta,Crathorne,acrathorneqe@hubpages.com,Non-binary,Dollar
981,Den,Letten,dlettenr8@independent.co.uk,Non-binary,Dollar
982,Maria,Vasyukov,mvasyukovr9@imgur.com,Polygender,Dollar
985,Ewell,Adamovich,eadamovichrc@elegantthemes.com,Female,Dollar
991,Corrina,Denys,cdenysri@tuttocitta.it,Female,Dollar
994,Roddy,Belhomme,rbelhommerl@cmu.edu,Agender,Dollar
2,Jeremie,Zupa,jzupa1@pen.io,Male,Dollar
40,Matty,Zuker,mzuker13@washingtonpost.com,Agender,Dollar
44,Pattie,Molines,pmolines17@walmart.com,Agender,Dollar
45,Lucia,Fridlington,lfridlington18@blogtalkradio.com,Genderqueer,Dollar
49,Hurlee,Radband,hradband1c@exblog.jp,Male,Dollar
58,Magdaia,Thoresby,mthoresby1l@ted.com,Female,Dollar
139,Augustine,Benettini,abenettini3u@4shared.com,Female,Dollar
141,Rochette,Cotty,rcotty3w@skype.com,Polygender,Dollar
142,Emmy,Kondrachenko,ekondrachenko3x@businessinsider.com,Female,Dollar
181,Hastie,Heaford,hheaford50@multiply.com,Female,Dollar
191,Emmott,Gurton,egurton5a@wordpress.org,Genderqueer,Dollar
194,Malvin,Alesi,malesi5d@mozilla.com,Genderqueer,Dollar
197,Abraham,Beldom,abeldom5g@businesswire.com,Polygender,Dollar
221,Stella,Healks,shealks64@unesco.org,Genderqueer,Dollar
254,Cazzie,Watt,cwatt71@whitehouse.gov,Genderfluid,Dollar
295,Natty,Linkie,nlinkie86@chronoengine.com,Polygender,Dollar
307,Nonah,Barrack,nbarrack8i@java.com,Genderfluid,Dollar
312,Beth,Airey,bairey8n@cbsnews.com,Male,Dollar
337,Stirling,Rediers,srediers9c@mayoclinic.com,Bigender,Dollar
350,Garrek,Stewart,gstewart9p@mit.edu,Genderqueer,Dollar
368,Tremain,Seyler,tseylera7@themeforest.net,Genderfluid,Dollar
389,Noam,Nisius,nnisiusas@plala.or.jp,Agender,Dollar
393,Martainn,Maypole,mmaypoleaw@unc.edu,Agender,Dollar
395,Genevra,Wishart,gwishartay@woothemes.com,Genderfluid,Dollar
397,Sherry,Barrat,sbarratb0@cnet.com,Non-binary,Dollar
400,Skip,O'Callaghan,socallaghanb3@telegraph.co.uk,Non-binary,Dollar
408,Eadith,Sillito,esillitobb@yellowbook.com,Female,Dollar
454,Boyd,Hickisson,bhickissoncl@simplemachines.org,Male,Dollar
493,Brande,Eastup,beastupdo@sourceforge.net,Genderqueer,Dollar
548,Ede,Kobierra,ekobierraf7@ca.gov,Male,Dollar
561,Eunice,Grierson,egriersonfk@admin.ch,Female,Dollar
562,Lura,Saurin,lsaurinfl@oakley.com,Polygender,Dollar
564,Nicolais,Rivilis,nrivilisfn@creativecommons.org,Agender,Dollar
593,Alyse,Born,aborngg@jiathis.com,Bigender,Dollar
594,Darill,Neames,dneamesgh@canalblog.com,Polygender,Dollar
595,Renell,Beresfore,rberesforegi@ow.ly,Agender,Dollar
605,Benedikt,Towsey,btowseygs@va.gov,Male,Dollar
631,Simona,Shepeard,sshepeardhi@amazon.co.jp,Male,Dollar
648,Allie,Aloshkin,aaloshkinhz@fc2.com,Female,Dollar
682,Dyna,Ivetts,divettsix@senate.gov,Polygender,Dollar
687,Valera,MacGraith,vmacgraithj2@cbsnews.com,Genderfluid,Dollar
696,Kerr,Treeby,ktreebyjb@amazon.co.uk,Male,Dollar
764,Karrah,McCarle,kmccarlel7@etsy.com,Agender,Dollar
775,Graehme,Phizackerly,gphizackerlyli@slashdot.org,Agender,Dollar
779,Aurelie,Talman,atalmanlm@nba.com,Male,Dollar
800,Roger,Wickie,rwickiem7@qq.com,Genderqueer,Dollar
853,Josy,Jentgens,jjentgensno@theatlantic.com,Polygender,Dollar
857,Newton,Di Roberto,ndirobertons@xrea.com,Non-binary,Dollar
920,Emilee,Southon,esouthonpj@newyorker.com,Female,Dollar
951,Aleta,Crathorne,acrathorneqe@hubpages.com,Non-binary,Dollar
981,Den,Letten,dlettenr8@independent.co.uk,Non-binary,Dollar
982,Maria,Vasyukov,mvasyukovr9@imgur.com,Polygender,Dollar
985,Ewell,Adamovich,eadamovichrc@elegantthemes.com,Female,Dollar
991,Corrina,Denys,cdenysri@tuttocitta.it,Female,Dollar
994,Roddy,Belhomme,rbelhommerl@cmu.edu,Agender,Dollar
