student_id,first_name,last_name,email,gender
1,Jamey,Pluvier,jpluvier0@wsj.com,Male
2,Kari,Ickovici,kickovici1@mozilla.com,Female
3,Mackenzie,Clericoates,mclericoates2@ebay.co.uk,Male
4,Bert,Ambrogioni,bambrogioni3@microsoft.com,Non-binary
5,Dierdre,Algar,dalgar4@newyorker.com,Female
6,Sybil,Tynewell,stynewell5@arizona.edu,Female
7,Carlo,Minchin,cminchin6@narod.ru,Male
8,Joey,Dible,jdible7@tumblr.com,Male
9,King,Morville,kmorville8@delicious.com,Male
10,Redd,Dufer,rdufer9@ibm.com,Male
11,Ardella,Nibloe,anibloea@ezinearticles.com,Female
12,Kalle,Gettins,kgettinsb@posterous.com,Male
13,Natalee,Conkay,nconkayc@ask.com,Female
14,Leonid,Martinetto,lmartinettod@irs.gov,Male
15,Bax,Chalmers,bchalmerse@people.com.cn,Male
16,Paulie,Caldes,pcaldesf@gizmodo.com,Male
17,Matt,Thorrington,mthorringtong@instagram.com,Male
18,Gnni,Wisker,gwiskerh@washington.edu,Female
19,Lorry,Stallybrass,lstallybrassi@typepad.com,Male
20,Nikaniki,Fann,nfannj@biglobe.ne.jp,Female
21,Tobi,Minard,tminardk@independent.co.uk,Female
22,Gracia,Kringe,gkringel@a8.net,Female
23,Collie,Henstone,chenstonem@sogou.com,Agender
24,Jessamyn,Christene,jchristenen@blogger.com,Polygender
25,Pembroke,Phlippsen,pphlippseno@techcrunch.com,Polygender
26,Patton,Juanico,pjuanicop@dion.ne.jp,Male
27,Cortie,Legen,clegenq@addthis.com,Male
28,Zachery,Baccas,zbaccasr@zdnet.com,Male
29,Blondell,Crumly,bcrumlys@google.nl,Female
30,Guthrie,Vanyutin,gvanyutint@vinaora.com,Male
31,Raimund,Frantzeni,rfrantzeniu@ebay.com,Male
32,Herb,Easbie,heasbiev@mit.edu,Male
33,Yulma,Bahde,ybahdew@ibm.com,Male
34,Dewie,Crighton,dcrightonx@hexun.com,Male
35,Constantine,Isaaksohn,cisaaksohny@oracle.com,Male
36,Malory,Malone,mmalonez@ifeng.com,Female
37,Harlene,Masser,hmasser10@altervista.org,Female
38,Gaspard,Mulrean,gmulrean11@harvard.edu,Male
39,Birk,Malyon,bmalyon12@flickr.com,Male
40,Laurens,Jeger,ljeger13@ycombinator.com,Male
41,Moore,Pollins,mpollins14@blogs.com,Non-binary
42,Catharina,Clipson,cclipson15@spotify.com,Female
43,Nathalia,Delgardillo,ndelgardillo16@economist.com,Agender
44,Clemens,Rhys,crhys17@about.me,Male
45,Pyotr,Elia,pelia18@noaa.gov,Male
46,Eddie,Summerside,esummerside19@nyu.edu,Male
47,Cheston,Caws,ccaws1a@cbsnews.com,Male
48,Robbi,Blakeden,rblakeden1b@dion.ne.jp,Female
49,Conrad,Rosenblatt,crosenblatt1c@weebly.com,Male
50,Robby,Yeoman,ryeoman1d@google.nl,Female
51,Isadore,Cape,icape1e@addthis.com,Male
52,Laina,Gartshore,lgartshore1f@amazon.co.jp,Female
53,Fabiano,Benyan,fbenyan1g@sciencedaily.com,Male
54,Justina,Falconer-Taylor,jfalconertaylor1h@a8.net,Female
55,Drucy,Nussen,dnussen1i@psu.edu,Female
56,Piper,Lewry,plewry1j@va.gov,Genderqueer
57,Alford,Shermore,ashermore1k@dot.gov,Male
58,Pen,Lindblom,plindblom1l@technorati.com,Female
59,Chere,Thoumas,cthoumas1m@istockphoto.com,Female
60,Claudio,Haysman,chaysman1n@sciencedirect.com,Male
61,Randy,Canaan,rcanaan1o@archive.org,Agender
62,Hercule,Ledwith,hledwith1p@homestead.com,Male
63,Stephanus,McGebenay,smcgebenay1q@weather.com,Male
64,Vasilis,Rottenbury,vrottenbury1r@surveymonkey.com,Male
65,Jenni,Paur,jpaur1s@acquirethisname.com,Female
66,Ingmar,Eburah,ieburah1t@chronoengine.com,Male
67,Selia,Tremoille,stremoille1u@so-net.ne.jp,Female
68,Crystal,Gethouse,cgethouse1v@smugmug.com,Female
69,Cal,Bouskill,cbouskill1w@indiatimes.com,Male
70,Jaye,Seger,jseger1x@bloglovin.com,Male
71,Grove,Schankelborg,gschankelborg1y@senate.gov,Male
72,Amelie,Palmby,apalmby1z@slashdot.org,Genderfluid
73,Albert,Offell,aoffell20@opensource.org,Genderqueer
74,Emmalynne,Docker,edocker21@cafepress.com,Polygender
75,Fraze,Trundler,ftrundler22@shutterfly.com,Male
76,Micky,Farrent,mfarrent23@slate.com,Male
77,Daile,Abdee,dabdee24@slashdot.org,Female
78,Paule,Losano,plosano25@storify.com,Female
79,Anastasia,Himpson,ahimpson26@upenn.edu,Female
80,Fitz,Onthank,fonthank27@digg.com,Bigender
81,Jyoti,Dyball,jdyball28@symantec.com,Female
82,Kanya,Hartright,khartright29@aboutads.info,Female
83,Ansel,Stobbe,astobbe2a@hao123.com,Male
84,Bonnibelle,Roach,broach2b@illinois.edu,Female
85,Dickie,Loads,dloads2c@jiathis.com,Male
86,Lynne,Granham,lgranham2d@symantec.com,Female
87,Frederich,Froment,ffroment2e@state.tx.us,Male
88,Homere,Panswick,hpanswick2f@g.co,Male
89,Page,Penk,ppenk2g@msu.edu,Female
90,Trefor,McKinlay,tmckinlay2h@ask.com,Male
91,Hugo,Aleksidze,haleksidze2i@flavors.me,Male
92,Halette,Bownd,hbownd2j@live.com,Female
93,Ephrem,Ritchman,eritchman2k@ameblo.jp,Male
94,Jordana,Hammor,jhammor2l@salon.com,Female
95,Nessie,Grinham,ngrinham2m@yahoo.com,Female
96,Niki,Crummey,ncrummey2n@xinhuanet.com,Male
97,Danica,Munro,dmunro2o@networkadvertising.org,Female
98,Graeme,Stubley,gstubley2p@state.gov,Male
99,Lemmie,Gulk,lgulk2q@nih.gov,Male
100,Vittoria,Jolliff,vjolliff2r@apple.com,Female
101,Mathilda,Blundon,mblundon2s@ustream.tv,Female
102,Sophie,Garlette,sgarlette2t@opensource.org,Female
103,Nicoline,Lewins,nlewins2u@friendfeed.com,Female
104,Davide,Real,dreal2v@about.me,Male
105,Christos,Iorio,ciorio2w@narod.ru,Male
106,Cynthy,Cracker,ccracker2x@ca.gov,Genderqueer
107,Travers,Janosevic,tjanosevic2y@zdnet.com,Male
108,Penelope,Hackey,phackey2z@mtv.com,Non-binary
109,Alika,Ortler,aortler30@hao123.com,Female
110,Mohandas,Goodacre,mgoodacre31@bbb.org,Male
111,Tamara,Headford,theadford32@blog.com,Female
112,Johann,Plumptre,jplumptre33@gravatar.com,Male
113,Tait,Baise,tbaise34@elpais.com,Male
114,Adriena,Limbert,alimbert35@ocn.ne.jp,Female
115,Lonnard,Hrachovec,lhrachovec36@themeforest.net,Male
116,Janifer,Pikesley,jpikesley37@utexas.edu,Female
117,Millisent,Gritland,mgritland38@sourceforge.net,Female
118,Rosanne,Boow,rboow39@usnews.com,Female
119,Sela,Meiklem,smeiklem3a@booking.com,Female
120,Celesta,Enderlein,cenderlein3b@china.com.cn,Female
121,Milt,Godon,mgodon3c@techcrunch.com,Male
122,Che,Wearing,cwearing3d@youku.com,Male
123,Jasun,Warnes,jwarnes3e@mayoclinic.com,Male
124,Evan,Kadwallider,ekadwallider3f@studiopress.com,Male
125,Kassandra,Brazear,kbrazear3g@home.pl,Female
126,Barney,Pirot,bpirot3h@ucsd.edu,Male
127,Jobye,Woodnutt,jwoodnutt3i@desdev.cn,Female
128,Calvin,Dalrymple,cdalrymple3j@huffingtonpost.com,Non-binary
129,Laney,Chillingsworth,lchillingsworth3k@wordpress.org,Agender
130,Jenn,Yakubovich,jyakubovich3l@redcross.org,Female
131,Raven,Jerzycowski,rjerzycowski3m@howstuffworks.com,Female
132,Joycelin,Imlen,jimlen3n@free.fr,Female
133,Alyosha,Lindenbluth,alindenbluth3o@archive.org,Male
134,Vern,Dagon,vdagon3p@edublogs.org,Male
135,Siward,Dykas,sdykas3q@constantcontact.com,Male
136,Amandy,Yanukhin,ayanukhin3r@netscape.com,Female
137,Pru,Sanderson,psanderson3s@diigo.com,Female
138,Hashim,Mitchley,hmitchley3t@symantec.com,Male
139,Reuben,Fransewich,rfransewich3u@usnews.com,Male
140,Alwin,Puckey,apuckey3v@geocities.jp,Male
141,Alaric,Latchford,alatchford3w@joomla.org,Male
142,Ike,Broxis,ibroxis3x@wiley.com,Male
143,Layne,Rutley,lrutley3y@utexas.edu,Female
144,Bianca,Antliff,bantliff3z@google.ru,Female
145,Samuel,Ourry,sourry40@usda.gov,Male
146,Erek,FitzGibbon,efitzgibbon41@google.com.br,Male
147,Nadean,Fitzsimon,nfitzsimon42@virginia.edu,Female
148,Thacher,Sola,tsola43@seattletimes.com,Male
149,Marcellus,Thrower,mthrower44@washingtonpost.com,Male
150,Hastie,Wilcot,hwilcot45@sakura.ne.jp,Male
151,Jeffrey,Brocket,jbrocket46@lycos.com,Male
152,Gilberte,Woonton,gwoonton47@instagram.com,Female
153,Augusto,Caush,acaush48@360.cn,Bigender
154,Katherina,Beatens,kbeatens49@fastcompany.com,Female
155,Manny,Dorrins,mdorrins4a@walmart.com,Male
156,Greggory,Welband,gwelband4b@tamu.edu,Male
157,Gerek,Straughan,gstraughan4c@cyberchimps.com,Male
158,Lyndel,Bowskill,lbowskill4d@goo.ne.jp,Female
159,Lita,Gunney,lgunney4e@wordpress.org,Female
160,Agnes,Minifie,aminifie4f@stanford.edu,Female
161,Ibrahim,Alldis,ialldis4g@chicagotribune.com,Non-binary
162,Faber,Willbond,fwillbond4h@columbia.edu,Genderfluid
163,Cherry,Picopp,cpicopp4i@fema.gov,Female
164,Zonnya,Buckenhill,zbuckenhill4j@so-net.ne.jp,Female
165,Ebony,Durbyn,edurbyn4k@amazon.com,Female
166,Angelique,Lisciardelli,alisciardelli4l@psu.edu,Female
167,Veda,Geaney,vgeaney4m@360.cn,Female
168,Meryl,Coram,mcoram4n@toplist.cz,Male
169,Antone,Davidson,adavidson4o@com.com,Male
170,Ripley,Rantoull,rrantoull4p@samsung.com,Male
171,Chase,Devaney,cdevaney4q@nps.gov,Male
172,Carey,Cotterrill,ccotterrill4r@patch.com,Female
173,Phyllys,Cleaves,pcleaves4s@oaic.gov.au,Female
174,Ruperta,Gerding,rgerding4t@aol.com,Genderqueer
175,Leanora,Wankel,lwankel4u@google.co.jp,Female
176,Taite,Pochin,tpochin4v@soup.io,Male
177,Gilburt,Flawith,gflawith4w@shareasale.com,Male
178,Eada,Westmorland,ewestmorland4x@google.ru,Female
179,Errick,Hayles,ehayles4y@apple.com,Male
180,Trisha,Klinck,tklinck4z@time.com,Female
181,Caralie,McMillam,cmcmillam50@cocolog-nifty.com,Female
182,Sarena,Glendining,sglendining51@techcrunch.com,Female
183,Lyndsay,Mechan,lmechan52@wiley.com,Female
184,Melli,Gligoraci,mgligoraci53@jugem.jp,Female
185,Charline,Gelderd,cgelderd54@w3.org,Female
186,Fancy,Fowells,ffowells55@dmoz.org,Polygender
187,Lucia,Glencrash,lglencrash56@wp.com,Female
188,Dallon,Dumphry,ddumphry57@examiner.com,Bigender
189,Jennette,Lune,jlune58@archive.org,Polygender
190,Benedikta,Danzig,bdanzig59@bloglovin.com,Female
191,Ansell,Rodolphe,arodolphe5a@photobucket.com,Male
192,Ossie,Tanner,otanner5b@blogtalkradio.com,Male
193,Curtis,Roeby,croeby5c@bloomberg.com,Genderqueer
194,Jozef,Liepina,jliepina5d@hatena.ne.jp,Male
195,Gery,Cannon,gcannon5e@sina.com.cn,Agender
196,Maureene,Brundle,mbrundle5f@netscape.com,Female
197,Maggi,Gladdor,mgladdor5g@infoseek.co.jp,Female
198,Marven,Burfoot,mburfoot5h@oracle.com,Male
199,Verene,Ekless,vekless5i@ca.gov,Female
200,Desiri,Pretsell,dpretsell5j@barnesandnoble.com,Female
201,Lynna,Fullegar,lfullegar5k@sphinn.com,Female
202,Terrill,Gleder,tgleder5l@berkeley.edu,Male
203,Curtis,McCreery,cmccreery5m@soundcloud.com,Male
204,Steve,Simison,ssimison5n@si.edu,Male
205,King,Riccio,kriccio5o@mayoclinic.com,Male
206,Gusta,Sketcher,gsketcher5p@twitter.com,Genderfluid
207,Ivy,Simmig,isimmig5q@businesswire.com,Female
208,Grover,Izaks,gizaks5r@un.org,Male
209,Justis,Asals,jasals5s@dot.gov,Non-binary
210,Jana,Weddeburn,jweddeburn5t@fastcompany.com,Female
211,Kimbra,Melody,kmelody5u@mapy.cz,Female
212,Allegra,Perham,aperham5v@qq.com,Polygender
213,Bianka,Fley,bfley5w@de.vu,Female
214,Hogan,Scohier,hscohier5x@go.com,Male
215,Andie,Truder,atruder5y@bluehost.com,Female
216,Gibb,Douse,gdouse5z@blinklist.com,Male
217,Arnold,Dyers,adyers60@utexas.edu,Male
218,Tore,Rikel,trikel61@rakuten.co.jp,Male
219,Jarred,Allington,jallington62@desdev.cn,Male
220,Aundrea,Winfindine,awinfindine63@networksolutions.com,Female
221,Drud,Warfield,dwarfield64@businessinsider.com,Male
222,Magdalen,Kollatsch,mkollatsch65@elegantthemes.com,Female
223,Adelind,Hickisson,ahickisson66@typepad.com,Female
224,Allie,McVee,amcvee67@exblog.jp,Female
225,Aeriel,Badrick,abadrick68@auda.org.au,Female
226,Mag,Odney,modney69@blogspot.com,Female
227,Gradeigh,Pratt,gpratt6a@ehow.com,Male
228,My,Eringey,meringey6b@jigsy.com,Genderqueer
229,Flo,MacCauley,fmaccauley6c@berkeley.edu,Female
230,Pearle,Moncey,pmoncey6d@nifty.com,Genderfluid
231,Hagen,Blaker,hblaker6e@paypal.com,Non-binary
232,Leticia,Suller,lsuller6f@google.co.uk,Female
233,Fancie,Bolland,fbolland6g@hp.com,Female
234,Ilysa,Binestead,ibinestead6h@weibo.com,Female
235,Greta,Jakubovitch,gjakubovitch6i@google.com.hk,Female
236,Nick,Pulham,npulham6j@example.com,Polygender
237,Leodora,De Santos,ldesantos6k@yahoo.com,Female
238,Roberta,O'Sesnane,rosesnane6l@edublogs.org,Female
239,Mohandis,Finlan,mfinlan6m@tinyurl.com,Male
240,Maridel,Klaessen,mklaessen6n@ycombinator.com,Female
241,Percy,Zimmermeister,pzimmermeister6o@newsvine.com,Male
242,Cleo,Wyldish,cwyldish6p@java.com,Female
243,Jessie,Eyeington,jeyeington6q@fastcompany.com,Female
244,Kikelia,Tullis,ktullis6r@last.fm,Female
245,Tudor,Whytock,twhytock6s@usnews.com,Male
246,Putnem,Quested,pquested6t@ebay.com,Genderqueer
247,Saundra,Martello,smartello6u@psu.edu,Non-binary
248,Mariellen,Erskin,merskin6v@unicef.org,Female
249,Morlee,Ragless,mragless6w@google.it,Male
250,Jdavie,Raoul,jraoul6x@indiegogo.com,Male
251,Hervey,Gimlet,hgimlet6y@furl.net,Male
252,Cassi,Piburn,cpiburn6z@hexun.com,Female
253,Audie,Blankau,ablankau70@ucsd.edu,Female
254,Simmonds,Hynard,shynard71@mail.ru,Male
255,Paco,Golds,pgolds72@woothemes.com,Male
256,Tarra,Fairey,tfairey73@craigslist.org,Female
257,Lezlie,Jesson,ljesson74@barnesandnoble.com,Female
258,Andeee,Jewson,ajewson75@4shared.com,Female
259,Wilburt,Bachanski,wbachanski76@usda.gov,Male
260,Abeu,Oultram,aoultram77@google.ca,Male
261,Ardelia,Carleton,acarleton78@facebook.com,Female
262,Vanna,McReynolds,vmcreynolds79@flickr.com,Female
263,Tudor,McNeigh,tmcneigh7a@miitbeian.gov.cn,Male
264,Garrard,Chevolleau,gchevolleau7b@imageshack.us,Male
265,Ardis,Pareman,apareman7c@hao123.com,Female
266,Aldridge,Stiebler,astiebler7d@oaic.gov.au,Genderqueer
267,Jerrie,Jordanson,jjordanson7e@flavors.me,Female
268,Demetris,Yedy,dyedy7f@merriam-webster.com,Male
269,Sarge,Switsur,sswitsur7g@blogtalkradio.com,Non-binary
270,Renato,Dunton,rdunton7h@dmoz.org,Male
271,Welch,Attewell,wattewell7i@topsy.com,Male
272,Harbert,Fay,hfay7j@wikipedia.org,Male
273,Land,Shewery,lshewery7k@people.com.cn,Male
274,Cordy,Felton,cfelton7l@twitpic.com,Female
275,Allayne,Wycherley,awycherley7m@nsw.gov.au,Male
276,Luce,Yorkston,lyorkston7n@yellowbook.com,Female
277,Fonz,Esmead,fesmead7o@blogs.com,Male
278,Tallia,Westphalen,twestphalen7p@mayoclinic.com,Female
279,Keane,Wandless,kwandless7q@fotki.com,Male
280,Mill,Stroban,mstroban7r@unesco.org,Male
281,Filmore,Toolin,ftoolin7s@ibm.com,Bigender
282,Niall,Kohter,nkohter7t@eepurl.com,Male
283,Kelly,Klimentov,kklimentov7u@w3.org,Genderfluid
284,Atalanta,Boulds,aboulds7v@ebay.com,Female
285,Lane,Jakubski,ljakubski7w@home.pl,Agender
286,Pennie,Hatchette,phatchette7x@cargocollective.com,Female
287,Gennie,Cogin,gcogin7y@list-manage.com,Female
288,Kitti,Korpolak,kkorpolak7z@tumblr.com,Female
289,Amelita,Ladlow,aladlow80@cmu.edu,Female
290,Maryanne,Sarch,msarch81@tamu.edu,Female
291,Nealson,Volett,nvolett82@shop-pro.jp,Male
292,Lorelei,Bick,lbick83@imgur.com,Female
293,Dody,Matyukon,dmatyukon84@imgur.com,Female
294,Pauli,Boarer,pboarer85@prlog.org,Female
295,Karry,Shillitto,kshillitto86@slideshare.net,Genderfluid
296,Maryellen,Palatino,mpalatino87@nasa.gov,Agender
297,Ricardo,Dowsett,rdowsett88@mayoclinic.com,Genderfluid
298,Benji,Krout,bkrout89@nymag.com,Male
299,Frederigo,Kwietek,fkwietek8a@amazon.co.uk,Male
300,Donnie,Kenealy,dkenealy8b@soup.io,Female
301,Skylar,Dugood,sdugood8c@storify.com,Male
302,Lucio,Stannislawski,lstannislawski8d@unesco.org,Male
303,Vernon,Byneth,vbyneth8e@dion.ne.jp,Male
304,Marlow,Bariball,mbariball8f@lulu.com,Male
305,Iolanthe,Barehead,ibarehead8g@typepad.com,Female
306,Ethan,Aulton,eaulton8h@chron.com,Polygender
307,Maure,Wincott,mwincott8i@deliciousdays.com,Genderqueer
308,Farris,Hurll,fhurll8j@msn.com,Male
309,Ashil,Wolfenden,awolfenden8k@ucla.edu,Female
310,Blisse,Mackinder,bmackinder8l@aboutads.info,Female
311,Kristofor,Leynagh,kleynagh8m@simplemachines.org,Male
312,Ardelis,Girdler,agirdler8n@tmall.com,Female
313,Sebastian,Vassano,svassano8o@bloglines.com,Non-binary
314,Devonne,Conway,dconway8p@businessinsider.com,Female
315,Avigdor,Georgi,ageorgi8q@latimes.com,Male
316,Emmanuel,Rylstone,erylstone8r@china.com.cn,Genderqueer
317,Cynthea,Whines,cwhines8s@home.pl,Female
318,Burnard,Rao,brao8t@quantcast.com,Male
319,Gareth,Kinnoch,gkinnoch8u@joomla.org,Male
320,Ad,Wogden,awogden8v@homestead.com,Male
321,Greta,Redpath,gredpath8w@soundcloud.com,Female
322,Dorie,Enstone,denstone8x@msu.edu,Male
323,Arlyn,Boothby,aboothby8y@imageshack.us,Female
324,Ronalda,Vise,rvise8z@sbwire.com,Female
325,Vladamir,Wanne,vwanne90@uiuc.edu,Male
326,Catha,Parkhouse,cparkhouse91@reverbnation.com,Female
327,Lorna,Walczynski,lwalczynski92@biglobe.ne.jp,Female
328,Farley,Monelli,fmonelli93@istockphoto.com,Male
329,Malorie,Withams,mwithams94@loc.gov,Female
330,Belvia,Fidilis,bfidilis95@themeforest.net,Female
331,Alic,Forsaith,aforsaith96@elegantthemes.com,Male
332,Federica,Gaymer,fgaymer97@vk.com,Female
333,Mattias,Poyle,mpoyle98@qq.com,Male
334,Bancroft,Huxster,bhuxster99@hugedomains.com,Male
335,Davidde,Primarolo,dprimarolo9a@europa.eu,Male
336,Lexie,Whitfeld,lwhitfeld9b@dailymail.co.uk,Female
337,Basile,Dunlop,bdunlop9c@springer.com,Male
338,Ulrich,Turneux,uturneux9d@timesonline.co.uk,Male
339,Calhoun,Lello,clello9e@ftc.gov,Male
340,Ara,Reese,areese9f@nifty.com,Male
341,Berta,Tudhope,btudhope9g@ycombinator.com,Female
342,Kirstin,Ledwich,kledwich9h@desdev.cn,Female
343,Reinhold,Pache,rpache9i@yale.edu,Male
344,Jephthah,Waterstone,jwaterstone9j@nasa.gov,Male
345,Cyb,Scarratt,cscarratt9k@shinystat.com,Female
346,Brnaby,Murname,bmurname9l@issuu.com,Male
347,Camey,Prinn,cprinn9m@typepad.com,Male
348,Myrlene,Offill,moffill9n@princeton.edu,Female
349,Bondon,Walentynowicz,bwalentynowicz9o@tinyurl.com,Male
350,Rocky,Sheards,rsheards9p@discuz.net,Male
351,Ella,Tullot,etullot9q@cafepress.com,Female
352,Ealasaid,Belfitt,ebelfitt9r@sina.com.cn,Female
353,Renate,Grimoldby,rgrimoldby9s@theatlantic.com,Female
354,Seamus,Blurton,sblurton9t@furl.net,Male
355,Cecile,Castel,ccastel9u@addtoany.com,Female
356,Gris,Whyteman,gwhyteman9v@usda.gov,Male
357,Darill,Kerner,dkerner9w@bbb.org,Male
358,Samson,McNaughton,smcnaughton9x@census.gov,Male
359,Renaud,Kingdon,rkingdon9y@meetup.com,Male
360,Linoel,Ruddom,lruddom9z@wikia.com,Male
361,Basil,Labrom,blabroma0@earthlink.net,Male
362,Bernhard,Leverette,bleverettea1@rediff.com,Male
363,Templeton,Riglesford,triglesforda2@examiner.com,Male
364,Camellia,Carrodus,ccarrodusa3@paginegialle.it,Female
365,Cayla,Eborn,ceborna4@sun.com,Female
366,Tildy,Cuddehy,tcuddehya5@blog.com,Female
367,Annnora,Everley,aeverleya6@pbs.org,Female
368,Richard,Vasilevich,rvasilevicha7@ow.ly,Male
369,Thomasin,Lofting,tloftinga8@youku.com,Female
370,Reinhold,Yushkov,ryushkova9@webnode.com,Male
371,Violet,Glazzard,vglazzardaa@vinaora.com,Bigender
372,Jorgan,Steely,jsteelyab@newsvine.com,Male
373,Mozes,Rewcassell,mrewcassellac@mapquest.com,Male
374,Orville,Baton,obatonad@sbwire.com,Male
375,Colly,Tousy,ctousyae@twitpic.com,Female
376,Allis,Chatfield,achatfieldaf@nasa.gov,Female
377,Timmy,Torfin,ttorfinag@whitehouse.gov,Male
378,Kellen,Pundy,kpundyah@reference.com,Female
379,Antoine,Corney,acorneyai@cnet.com,Male
380,Timmy,Peart,tpeartaj@reddit.com,Genderfluid
381,Haley,Maltster,hmaltsterak@oakley.com,Male
382,Alisun,Ringsell,aringsellal@soundcloud.com,Female
383,Alexandra,Stillwell,astillwellam@ted.com,Female
384,Dorrie,Fontes,dfontesan@nature.com,Female
385,Devora,Branchet,dbranchetao@mac.com,Female
386,Giovanna,Jozsika,gjozsikaap@spiegel.de,Female
387,Appolonia,Esmead,aesmeadaq@china.com.cn,Female
388,Nadia,Pegden,npegdenar@homestead.com,Female
389,Creigh,McRobb,cmcrobbas@ezinearticles.com,Male
390,Dud,Gonnel,dgonnelat@miibeian.gov.cn,Male
391,Freddy,Croal,fcroalau@addtoany.com,Female
392,Isidro,Semered,isemeredav@narod.ru,Male
393,Ericka,Larver,elarveraw@deliciousdays.com,Female
394,Cybil,Prinne,cprinneax@un.org,Female
395,Craggy,Eplate,ceplateay@google.co.uk,Male
396,Marcel,Tapper,mtapperaz@ox.ac.uk,Male
397,Carleton,Cleaton,ccleatonb0@etsy.com,Male
398,Kora,Gueste,kguesteb1@discuz.net,Bigender
399,Sandy,Pickance,spickanceb2@hao123.com,Female
400,Chiquia,Ryal,cryalb3@howstuffworks.com,Female
401,Debbie,Pavese,dpaveseb4@indiatimes.com,Female
402,Hortensia,Bevar,hbevarb5@squidoo.com,Female
403,Carolus,Revitt,crevittb6@washington.edu,Male
404,Baird,Amber,bamberb7@alexa.com,Polygender
405,Jess,Tooth,jtoothb8@cbslocal.com,Female
406,Corette,Feedham,cfeedhamb9@t.co,Female
407,Brinna,Lias,bliasba@google.it,Female
408,Duky,Wibberley,dwibberleybb@nydailynews.com,Male
409,Jaine,Blenkiron,jblenkironbc@techcrunch.com,Female
410,Farris,Mayes,fmayesbd@barnesandnoble.com,Male
411,Benn,Coughtrey,bcoughtreybe@godaddy.com,Male
412,Chrystal,Fray,cfraybf@topsy.com,Female
413,Alejandro,Ricson,aricsonbg@naver.com,Male
414,Jeannette,Moyer,jmoyerbh@seattletimes.com,Non-binary
415,Ginny,Rofe,grofebi@cdbaby.com,Female
416,Hamish,Jansen,hjansenbj@prlog.org,Male
417,Tomi,Tzuker,ttzukerbk@tmall.com,Female
418,Orland,Sharnock,osharnockbl@nps.gov,Male
419,Loydie,Dunn,ldunnbm@dropbox.com,Male
420,Parsifal,Jancar,pjancarbn@a8.net,Male
421,Sibyl,Duerden,sduerdenbo@e-recht24.de,Male
422,Sallyann,Fleischmann,sfleischmannbp@va.gov,Female
423,Odella,Parchment,oparchmentbq@wikipedia.org,Female
424,Loni,Kemery,lkemerybr@cam.ac.uk,Non-binary
425,Bentley,Attack,battackbs@networksolutions.com,Male
426,Petey,Whitehair,pwhitehairbt@state.gov,Non-binary
427,Paul,Albrook,palbrookbu@ow.ly,Male
428,Jack,McNeigh,jmcneighbv@smh.com.au,Male
429,Hamel,Pozzo,hpozzobw@squarespace.com,Male
430,Tailor,Balcock,tbalcockbx@amazon.com,Male
431,Janot,Chippin,jchippinby@theatlantic.com,Female
432,Enriqueta,Vedyashkin,evedyashkinbz@dagondesign.com,Female
433,Chaunce,Jiroutka,cjiroutkac0@theglobeandmail.com,Male
434,Rodger,Pinck,rpinckc1@seesaa.net,Male
435,Emogene,Duignan,eduignanc2@google.nl,Female
436,Alvera,Sauvan,asauvanc3@woothemes.com,Female
437,Lainey,Padmore,lpadmorec4@spiegel.de,Genderqueer
438,Boot,Tregidgo,btregidgoc5@shop-pro.jp,Male
439,Darrel,Beetham,dbeethamc6@icq.com,Male
440,Gary,Kulis,gkulisc7@pcworld.com,Male
441,Latisha,Solley,lsolleyc8@oakley.com,Polygender
442,Shellysheldon,Giacaponi,sgiacaponic9@123-reg.co.uk,Male
443,Huntley,McCullouch,hmccullouchca@ocn.ne.jp,Male
444,Averil,Dongall,adongallcb@pcworld.com,Male
445,Chadwick,Stanistrete,cstanistretecc@wikispaces.com,Male
446,Ulric,Milmo,umilmocd@dion.ne.jp,Male
447,Arch,Scanterbury,ascanterburyce@huffingtonpost.com,Male
448,Cassaundra,Etter,cettercf@soup.io,Female
449,Toddy,Pressland,tpresslandcg@free.fr,Male
450,Kristin,Dungey,kdungeych@nbcnews.com,Female
451,Brant,Connikie,bconnikieci@wix.com,Male
452,Jody,Gallant,jgallantcj@china.com.cn,Male
453,Nobie,Tapenden,ntapendenck@spotify.com,Male
454,Lulu,Zettoi,lzettoicl@home.pl,Female
455,Willey,Lorans,wloranscm@theglobeandmail.com,Male
456,Mame,Baus,mbauscn@typepad.com,Female
457,Alexander,Jovicic,ajovicicco@rakuten.co.jp,Non-binary
458,Lawrence,Burhouse,lburhousecp@go.com,Male
459,Jacky,Kennally,jkennallycq@china.com.cn,Male
460,Michele,McGannon,mmcgannoncr@godaddy.com,Female
461,Emera,Ormes,eormescs@friendfeed.com,Female
462,Trevor,Stefanovic,tstefanovicct@multiply.com,Male
463,Niven,Olesen,nolesencu@opensource.org,Male
464,Alica,Setford,asetfordcv@mac.com,Female
465,Gustav,Simukov,gsimukovcw@slate.com,Male
466,Barnard,Fitter,bfittercx@infoseek.co.jp,Male
467,Bartholemy,Stirling,bstirlingcy@discovery.com,Male
468,Grover,Brammar,gbrammarcz@myspace.com,Male
469,Carlotta,Schukraft,cschukraftd0@huffingtonpost.com,Female
470,Maura,Blaise,mblaised1@ezinearticles.com,Female
471,Chevy,Folcarelli,cfolcarellid2@msn.com,Genderqueer
472,Iain,Tripe,itriped3@paypal.com,Male
473,Maegan,Wheldon,mwheldond4@un.org,Female
474,Alvan,Atcheson,aatchesond5@mtv.com,Male
475,Arvin,Izzard,aizzardd6@ifeng.com,Male
476,Georgianna,Yearne,gyearned7@umn.edu,Female
477,Hilly,Dales,hdalesd8@example.com,Male
478,Neila,MacFadin,nmacfadind9@noaa.gov,Female
479,Casie,Hawkett,chawkettda@nifty.com,Agender
480,Zonda,Straughan,zstraughandb@drupal.org,Female
481,Gerek,Padillo,gpadillodc@netscape.com,Male
482,Appolonia,Slesser,aslesserdd@netscape.com,Genderqueer
483,Prudi,Elcoate,pelcoatede@linkedin.com,Female
484,Iain,Gue,iguedf@livejournal.com,Male
485,Welch,Butrimovich,wbutrimovichdg@nationalgeographic.com,Male
486,Alica,Fendt,afendtdh@zdnet.com,Female
487,Merry,McAndrew,mmcandrewdi@vimeo.com,Female
488,Pierson,Bayston,pbaystondj@barnesandnoble.com,Male
489,Florian,Bloxham,fbloxhamdk@uiuc.edu,Male
490,Johannes,Rutledge,jrutledgedl@techcrunch.com,Male
491,Durant,Camamile,dcamamiledm@disqus.com,Male
492,Chrotoem,Duplock,cduplockdn@earthlink.net,Male
493,Gabe,Roels,groelsdo@shop-pro.jp,Male
494,Brook,McElane,bmcelanedp@artisteer.com,Male
495,Laurene,Milch,lmilchdq@mediafire.com,Female
496,Teddie,Sausman,tsausmandr@about.com,Female
497,Silas,Tal,stalds@redcross.org,Male
498,Sumner,Gilmartin,sgilmartindt@parallels.com,Male
499,Judith,Alexis,jalexisdu@netscape.com,Female
500,Megan,Bradlaugh,mbradlaughdv@yahoo.com,Female
501,Deane,Vardey,dvardeydw@topsy.com,Female
502,Faye,Garralts,fgarraltsdx@google.ru,Female
503,Jemima,Baldini,jbaldinidy@cyberchimps.com,Female
504,Hadleigh,Fernandez,hfernandezdz@discovery.com,Male
505,Philbert,Wicks,pwickse0@google.cn,Male
506,Natassia,Golledge,ngolledgee1@csmonitor.com,Female
507,Korella,Balas,kbalase2@cbc.ca,Female
508,Truda,Trinbey,ttrinbeye3@wordpress.org,Bigender
509,Cecil,Mulvey,cmulveye4@comcast.net,Female
510,Jarid,Aubry,jaubrye5@ucoz.ru,Male
511,Terrijo,Carvill,tcarville6@chronoengine.com,Female
512,Gerrie,Bernardt,gbernardte7@independent.co.uk,Male
513,Ewart,McEnery,emcenerye8@canalblog.com,Genderqueer
514,Boycey,Coult,bcoulte9@wix.com,Male
515,Keven,Rosberg,krosbergea@sphinn.com,Male
516,Gretal,Babon,gbaboneb@dailymotion.com,Female
517,Cristal,Beal,cbealec@dmoz.org,Genderfluid
518,Camellia,Jedrzejkiewicz,cjedrzejkiewiczed@mashable.com,Female
519,Kerianne,Blune,kbluneee@smh.com.au,Female
520,Eustacia,Cranson,ecransonef@domainmarket.com,Female
521,Jewelle,Handes,jhandeseg@ed.gov,Female
522,Amye,Attyeo,aattyeoeh@blog.com,Polygender
523,Petronille,Lening,pleningei@comcast.net,Female
524,Dianne,Vankeev,dvankeevej@blog.com,Female
525,Mellisa,Geldart,mgeldartek@stumbleupon.com,Female
526,Jonell,Steed,jsteedel@histats.com,Female
527,Hildagarde,Ahern,hahernem@posterous.com,Female
528,Sheffy,Jouaneton,sjouanetonen@icq.com,Male
529,Rosabelle,Vick,rvickeo@census.gov,Female
530,De,O'Doherty,dodohertyep@java.com,Female
531,Patty,Branigan,pbraniganeq@economist.com,Female
532,Ediva,Giacomuzzo,egiacomuzzoer@prlog.org,Female
533,Courtney,Lightoller,clightolleres@oaic.gov.au,Male
534,Gerhard,Gusney,ggusneyet@whitehouse.gov,Male
535,Sebastiano,Muldowney,smuldowneyeu@multiply.com,Male
536,Ashia,Harteley,aharteleyev@digg.com,Female
537,Randene,Weighell,rweighellew@dyndns.org,Female
538,Billy,Rhydderch,brhydderchex@dion.ne.jp,Male
539,Lina,Fishbie,lfishbieey@epa.gov,Female
540,Stefano,Morrilly,smorrillyez@behance.net,Male
541,Kienan,Gladwell,kgladwellf0@histats.com,Male
542,Ram,Hawe,rhawef1@salon.com,Male
543,Byrom,Garlick,bgarlickf2@lycos.com,Male
544,Catie,Yoselevitch,cyoselevitchf3@craigslist.org,Female
545,Carlene,Abbitt,cabbittf4@go.com,Female
546,Walsh,Britto,wbrittof5@bigcartel.com,Male
547,Jillane,Vauter,jvauterf6@ameblo.jp,Female
548,Delmore,Wheelan,dwheelanf7@plala.or.jp,Male
549,Dorian,Lebarree,dlebarreef8@angelfire.com,Female
550,Betti,O' Cuolahan,bocuolahanf9@virginia.edu,Female
551,Siward,Gouch,sgouchfa@moonfruit.com,Male
552,Nahum,Temprell,ntemprellfb@pinterest.com,Male
553,Franky,Argyle,fargylefc@si.edu,Female
554,Godfrey,Denzilow,gdenzilowfd@canalblog.com,Male
555,Neils,Pitrollo,npitrollofe@gravatar.com,Male
556,Jefferey,Palfree,jpalfreeff@tamu.edu,Male
557,Ivory,McLese,imclesefg@yahoo.co.jp,Polygender
558,Ingaberg,Asquez,iasquezfh@eepurl.com,Genderqueer
559,Iorgo,Chalk,ichalkfi@house.gov,Male
560,Netta,Mobbs,nmobbsfj@miitbeian.gov.cn,Female
561,Norbert,Sheldrake,nsheldrakefk@indiatimes.com,Male
562,Dionisio,Wilkerson,dwilkersonfl@columbia.edu,Male
563,Reece,Baiss,rbaissfm@google.es,Male
564,Hube,Figg,hfiggfn@feedburner.com,Male
565,Pepita,Skones,pskonesfo@scientificamerican.com,Female
566,Janaye,de Vaen,jdevaenfp@msu.edu,Female
567,Maximilien,Laidlow,mlaidlowfq@so-net.ne.jp,Male
568,Drew,Maycey,dmayceyfr@addthis.com,Male
569,Cad,Taplin,ctaplinfs@newsvine.com,Male
570,Adelaida,McKeevers,amckeeversft@nih.gov,Female
571,Shelly,Searight,ssearightfu@hao123.com,Female
572,Mackenzie,Normanvell,mnormanvellfv@tamu.edu,Genderqueer
573,Adrea,Grayshan,agrayshanfw@squarespace.com,Female
574,Benoite,Kyllford,bkyllfordfx@oakley.com,Female
575,Glenna,Sturgeon,gsturgeonfy@indiatimes.com,Female
576,Millie,Grenville,mgrenvillefz@netscape.com,Bigender
577,Darlleen,Cauthra,dcauthrag0@toplist.cz,Female
578,Maxy,Kenworthy,mkenworthyg1@pen.io,Male
579,Kary,Bunyard,kbunyardg2@w3.org,Female
580,Darb,Resdale,dresdaleg3@mayoclinic.com,Female
581,Zora,Morstatt,zmorstattg4@scientificamerican.com,Female
582,Sarette,Skelhorne,sskelhorneg5@jiathis.com,Female
583,Bing,Burney,bburneyg6@aboutads.info,Male
584,Manya,Droghan,mdroghang7@state.gov,Female
585,Faun,Wear,fwearg8@phpbb.com,Female
586,Tabbie,Tibbits,ttibbitsg9@google.fr,Male
587,Valentine,Ameer-Beg,vameerbegga@cpanel.net,Genderqueer
588,Joli,Gepson,jgepsongb@mapquest.com,Female
589,Bernie,Jurisic,bjurisicgc@mashable.com,Male
590,Marcello,Heinritz,mheinritzgd@storify.com,Male
591,Otha,Dami,odamige@zimbio.com,Bigender
592,Myron,Leipold,mleipoldgf@domainmarket.com,Male
593,Esra,Cheales,echealesgg@imdb.com,Non-binary
594,Lin,Scowen,lscowengh@xinhuanet.com,Genderfluid
595,Cordy,McCaskill,cmccaskillgi@cmu.edu,Female
596,Tan,Mates,tmatesgj@diigo.com,Male
597,Candi,Bunton,cbuntongk@usatoday.com,Agender
598,Wallache,Rex,wrexgl@sina.com.cn,Male
599,Felicia,Rennebeck,frennebeckgm@google.com.au,Female
600,Mallory,Duigan,mduigangn@bizjournals.com,Female
601,Zed,Pringour,zpringourgo@netscape.com,Agender
602,Ashlee,Moxom,amoxomgp@freewebs.com,Non-binary
603,Carlie,Iacovides,ciacovidesgq@ow.ly,Male
604,Darline,Newey,dneweygr@msn.com,Female
605,Emylee,Skellorne,eskellornegs@netlog.com,Female
606,Christye,Espinosa,cespinosagt@tripod.com,Agender
607,Georgine,Dewicke,gdewickegu@walmart.com,Female
608,Rutledge,Berrisford,rberrisfordgv@ucoz.com,Male
609,Jenda,Jerzak,jjerzakgw@rakuten.co.jp,Female
610,Maisie,Bosward,mboswardgx@europa.eu,Female
611,Steward,Lovatt,slovattgy@nsw.gov.au,Male
612,Simon,Laytham,slaythamgz@fotki.com,Male
613,Syd,Templeton,stempletonh0@globo.com,Male
614,Enos,Ranscome,eranscomeh1@cyberchimps.com,Male
615,Iona,Gibbins,igibbinsh2@wikia.com,Polygender
616,Paola,Gitsham,pgitshamh3@opera.com,Female
617,Fergus,Allin,fallinh4@dyndns.org,Male
618,Levon,Carwithan,lcarwithanh5@telegraph.co.uk,Male
619,Odelle,Sabbatier,osabbatierh6@51.la,Female
620,Albrecht,Lesor,alesorh7@huffingtonpost.com,Male
621,Juditha,Wannes,jwannesh8@slideshare.net,Female
622,Janey,Abbys,jabbysh9@webeden.co.uk,Female
623,Willette,Mawne,wmawneha@cargocollective.com,Female
624,Rurik,Sussams,rsussamshb@simplemachines.org,Male
625,Isidora,Sargeant,isargeanthc@salon.com,Female
626,Loren,Blaiklock,lblaiklockhd@princeton.edu,Male
627,Minny,Dobbison,mdobbisonhe@ca.gov,Female
628,Penelope,Silverman,psilvermanhf@home.pl,Female
629,Tynan,Capron,tcapronhg@dailymail.co.uk,Male
630,Persis,MacAlaster,pmacalasterhh@dailymail.co.uk,Female
631,Madlen,Goodoune,mgoodounehi@purevolume.com,Female
632,Alejoa,Kunz,akunzhj@mail.ru,Male
633,Murry,Loveitt,mloveitthk@businesswire.com,Male
634,Bernhard,Cannop,bcannophl@businessinsider.com,Male
635,Cherilyn,Sircombe,csircombehm@youtu.be,Female
636,Brianne,Kastel,bkastelhn@gravatar.com,Female
637,Haily,Feltoe,hfeltoeho@github.io,Female
638,Konstanze,Goggins,kgogginshp@nsw.gov.au,Female
639,Hakeem,Esp,hesphq@mysql.com,Male
640,Christalle,Jobbins,cjobbinshr@amazon.com,Female
641,Janel,Apple,japplehs@craigslist.org,Female
642,Fawnia,Reast,freastht@istockphoto.com,Female
643,Gothart,Demsey,gdemseyhu@independent.co.uk,Male
644,Jerrome,Gabler,jgablerhv@theglobeandmail.com,Bigender
645,Louisa,Addey,laddeyhw@list-manage.com,Female
646,Moise,Deverson,mdeversonhx@blogger.com,Male
647,Lyman,Pharoah,lpharoahhy@dropbox.com,Male
648,Lauren,Pallister,lpallisterhz@mediafire.com,Male
649,Lishe,Littleton,llittletoni0@cbslocal.com,Female
650,Fancy,Scrymgeour,fscrymgeouri1@netscape.com,Female
651,Leshia,Morfield,lmorfieldi2@disqus.com,Female
652,Joyan,Braiden,jbraideni3@mozilla.com,Female
653,Rosene,Paulson,rpaulsoni4@ovh.net,Female
654,Corny,Georgeson,cgeorgesoni5@yolasite.com,Male
655,Sid,Daber,sdaberi6@topsy.com,Male
656,Tannie,Ortiga,tortigai7@dailymotion.com,Male
657,Alyosha,Cominotti,acominottii8@patch.com,Male
658,Christyna,Rampage,crampagei9@photobucket.com,Female
659,Filippo,Duggon,fduggonia@e-recht24.de,Male
660,Sandra,Jull,sjullib@stumbleupon.com,Female
661,Aloise,Bolletti,abollettiic@ask.com,Female
662,Massimo,Wines,mwinesid@taobao.com,Male
663,Gunilla,Jacklings,gjacklingsie@macromedia.com,Female
664,Tessa,O'Cosgra,tocosgraif@elpais.com,Female
665,Patrice,Conradsen,pconradsenig@ycombinator.com,Male
666,Piotr,Rockwill,prockwillih@clickbank.net,Male
667,Esteban,McPaik,emcpaikii@hhs.gov,Male
668,Brandais,Stokell,bstokellij@unblog.fr,Female
669,Todd,Yitzovicz,tyitzoviczik@apache.org,Male
670,Jason,Kenyam,jkenyamil@cnbc.com,Male
671,Ham,Aery,haeryim@ebay.com,Male
672,Lucas,Paudin,lpaudinin@dagondesign.com,Male
673,Boy,Fullylove,bfullyloveio@hexun.com,Male
674,Sylvan,Gunby,sgunbyip@youku.com,Male
675,Galina,Waldren,gwaldreniq@arizona.edu,Female
676,Val,Risebrow,vrisebrowir@microsoft.com,Female
677,Terry,Hune,thuneis@devhub.com,Male
678,Aloin,Tuke,atukeit@opensource.org,Male
679,Karleen,Eastwood,keastwoodiu@jugem.jp,Female
680,Mathian,Mathiassen,mmathiasseniv@slideshare.net,Male
681,Hale,De Biasio,hdebiasioiw@yahoo.co.jp,Male
682,Alphard,Ferretti,aferrettiix@google.nl,Male
683,Annetta,Scoggins,ascogginsiy@spiegel.de,Female
684,Jenifer,Bassingden,jbassingdeniz@yandex.ru,Female
685,Elana,Ansill,eansillj0@privacy.gov.au,Genderqueer
686,Francklin,Scyner,fscynerj1@bravesites.com,Male
687,Reynard,Galletly,rgalletlyj2@phoca.cz,Male
688,Meaghan,Cockman,mcockmanj3@hostgator.com,Female
689,Yorker,McCard,ymccardj4@europa.eu,Male
690,Caitrin,Cullotey,cculloteyj5@zimbio.com,Agender
691,Crysta,Danilchenko,cdanilchenkoj6@storify.com,Female
692,Avis,Signori,asignorij7@blinklist.com,Female
693,Jaymie,Dorrington,jdorringtonj8@biblegateway.com,Male
694,Cal,Brunnstein,cbrunnsteinj9@businessinsider.com,Female
695,Tonnie,Fairey,tfaireyja@de.vu,Male
696,Wilfred,Gilardone,wgilardonejb@a8.net,Male
697,Tilda,Jori,tjorijc@blinklist.com,Female
698,Heinrick,Oxborough,hoxboroughjd@wordpress.org,Male
699,Micky,Hastings,mhastingsje@wikimedia.org,Male
700,Heindrick,Tamblyn,htamblynjf@icio.us,Male
701,Duffy,Dormer,ddormerjg@theglobeandmail.com,Male
702,Rice,Piolli,rpiollijh@dropbox.com,Male
703,Maurene,Horning,mhorningji@imdb.com,Female
704,Olwen,Harner,oharnerjj@ask.com,Female
705,Allene,Bazylets,abazyletsjk@bloglines.com,Female
706,Sebastien,Mourant,smourantjl@economist.com,Male
707,Kayla,Koubek,kkoubekjm@storify.com,Female
708,Yulma,O'Caine,yocainejn@telegraph.co.uk,Male
709,Burr,Lintin,blintinjo@theguardian.com,Male
710,Bev,Elderidge,belderidgejp@forbes.com,Male
711,Zared,Dewsnap,zdewsnapjq@rediff.com,Male
712,Ashton,Fradson,afradsonjr@yandex.ru,Male
713,Orelee,Slograve,oslogravejs@usgs.gov,Female
714,Hillard,Duxbury,hduxburyjt@free.fr,Male
715,Alica,MacNally,amacnallyju@surveymonkey.com,Non-binary
716,Kylynn,Gepson,kgepsonjv@last.fm,Agender
717,Orbadiah,Weymouth,oweymouthjw@virginia.edu,Male
718,Alice,Erley,aerleyjx@tmall.com,Female
719,Katha,Winyard,kwinyardjy@slideshare.net,Female
720,Orson,Norbury,onorburyjz@qq.com,Male
721,Sharona,Climie,sclimiek0@blogger.com,Female
722,Kristoffer,Tudgay,ktudgayk1@dailymail.co.uk,Male
723,Tiffany,Blaby,tblabyk2@posterous.com,Female
724,Crista,Atkin,catkink3@ibm.com,Female
725,Hephzibah,Doe,hdoek4@shop-pro.jp,Female
726,Nelle,Ianetti,nianettik5@netvibes.com,Female
727,Tory,Piotrkowski,tpiotrkowskik6@ftc.gov,Female
728,Cora,Bucham,cbuchamk7@chron.com,Female
729,Meir,Bramall,mbramallk8@xinhuanet.com,Male
730,Hieronymus,Mascall,hmascallk9@multiply.com,Male
731,Meredith,Tomaskov,mtomaskovka@mapquest.com,Male
732,Jackquelin,Limbert,jlimbertkb@patch.com,Female
733,Kalle,Patillo,kpatillokc@google.ru,Male
734,Reggy,Kilshall,rkilshallkd@irs.gov,Male
735,Leora,Slack,lslackke@chicagotribune.com,Female
736,Janeczka,Wavish,jwavishkf@multiply.com,Female
737,Herta,McKeller,hmckellerkg@amazon.co.jp,Agender
738,Diena,McGowing,dmcgowingkh@cyberchimps.com,Female
739,Renato,Jackling,rjacklingki@usgs.gov,Male
740,Shane,Gingle,sginglekj@wordpress.com,Male
741,Dion,Somersett,dsomersettkk@pbs.org,Male
742,Sheba,Wingfield,swingfieldkl@xrea.com,Female
743,Ermina,Shepcutt,eshepcuttkm@kickstarter.com,Female
744,Gabie,Truwert,gtruwertkn@shutterfly.com,Male
745,Brandy,Wakley,bwakleyko@printfriendly.com,Male
746,Raychel,Howsden,rhowsdenkp@shutterfly.com,Female
747,Devland,Swale,dswalekq@123-reg.co.uk,Male
748,Carly,Trinbey,ctrinbeykr@ebay.co.uk,Male
749,Jim,Durrell,jdurrellks@columbia.edu,Male
750,Bogart,Shoard,bshoardkt@mapquest.com,Male
751,Purcell,Mattiuzzi,pmattiuzziku@si.edu,Male
752,Dew,Ivers,diverskv@posterous.com,Male
753,Agneta,Walden,awaldenkw@mozilla.com,Female
754,Orsola,Rosingdall,orosingdallkx@exblog.jp,Polygender
755,Vittoria,Blamphin,vblamphinky@smugmug.com,Female
756,Halsey,Aitken,haitkenkz@nyu.edu,Male
757,Phylys,Itzkovici,pitzkovicil0@msn.com,Female
758,Mala,Jeffels,mjeffelsl1@phpbb.com,Female
759,Bernard,Ducham,bduchaml2@php.net,Male
760,Micki,Hairs,mhairsl3@hao123.com,Female
761,Jaymie,Holtaway,jholtawayl4@gravatar.com,Male
762,Orville,Lutas,olutasl5@narod.ru,Male
763,Rubin,Delahunt,rdelahuntl6@washington.edu,Male
764,Selestina,Houson,shousonl7@t-online.de,Genderfluid
765,Heda,Swalwel,hswalwell8@cbsnews.com,Female
766,Lettie,Lakin,llakinl9@ebay.com,Female
767,Saundra,Lanchbery,slanchberyla@addthis.com,Male
768,Camey,Boig,cboiglb@who.int,Male
769,Allison,Vosper,avosperlc@sphinn.com,Female
770,Ario,Lowles,alowlesld@cbc.ca,Non-binary
771,Gretal,Patley,gpatleyle@about.me,Female
772,Genia,Storek,gstoreklf@nifty.com,Female
773,Tamma,Haslen,thaslenlg@buzzfeed.com,Female
774,Gibbie,Heinish,gheinishlh@independent.co.uk,Male
775,Jeri,Rowantree,jrowantreeli@topsy.com,Genderqueer
776,Bunni,Gauler,bgaulerlj@xing.com,Female
777,Hector,Roo,hroolk@scribd.com,Male
778,Kennett,Pengelly,kpengellyll@army.mil,Polygender
779,Viviene,Emor,vemorlm@google.com.hk,Female
780,Carolynn,Udall,cudallln@constantcontact.com,Female
781,Riva,Coram,rcoramlo@ebay.com,Female
782,Glyn,Mathivat,gmathivatlp@nasa.gov,Male
783,Oona,Hedworth,ohedworthlq@irs.gov,Female
784,Dirk,Brazel,dbrazellr@furl.net,Male
785,Nonna,Powter,npowterls@multiply.com,Female
786,Garrik,Kleinber,gkleinberlt@woothemes.com,Male
787,Terri-jo,Cowing,tcowinglu@scientificamerican.com,Female
788,Sydney,Kike,skikelv@vistaprint.com,Male
789,Alyosha,Devonport,adevonportlw@squidoo.com,Male
790,Errick,Dobel,edobellx@ihg.com,Male
791,Lilllie,Huntley,lhuntleyly@samsung.com,Female
792,Edeline,Brittlebank,ebrittlebanklz@utexas.edu,Female
793,Eileen,Chazelas,echazelasm0@npr.org,Female
794,Nikolai,Sagrott,nsagrottm1@xrea.com,Male
795,Alla,Timlin,atimlinm2@biglobe.ne.jp,Female
796,Hermon,Felmingham,hfelminghamm3@angelfire.com,Male
797,Olin,Meugens,omeugensm4@samsung.com,Male
798,Raynell,Greim,rgreimm5@wsj.com,Female
799,Morgen,Saich,msaichm6@earthlink.net,Female
800,Roy,Kuhnert,rkuhnertm7@sciencedaily.com,Male
801,Milicent,Peasegod,mpeasegodm8@timesonline.co.uk,Female
802,Galvin,Millions,gmillionsm9@4shared.com,Male
803,Rodrick,Costello,rcostelloma@surveymonkey.com,Male
804,Nicola,Atkinson,natkinsonmb@behance.net,Genderfluid
805,Deni,Camplen,dcamplenmc@wikipedia.org,Polygender
806,Yurik,Latan,ylatanmd@fema.gov,Male
807,Valencia,Jeffree,vjeffreeme@zimbio.com,Female
808,Wilmar,Monery,wmonerymf@ucoz.ru,Male
809,Arvie,Pachta,apachtamg@amazonaws.com,Male
810,Gary,Woolsey,gwoolseymh@chron.com,Male
811,Lee,Baptie,lbaptiemi@nature.com,Male
812,Muhammad,Richardot,mrichardotmj@yale.edu,Male
813,Terry,Whitear,twhitearmk@rakuten.co.jp,Male
814,Toiboid,Cattermull,tcattermullml@sciencedirect.com,Male
815,Kiri,Peaseman,kpeasemanmm@ustream.tv,Female
816,Herrick,Peggs,hpeggsmn@nytimes.com,Male
817,Cob,Hedderly,chedderlymo@reuters.com,Male
818,Laurena,Braffington,lbraffingtonmp@squidoo.com,Female
819,Cele,Tredget,ctredgetmq@hud.gov,Female
820,Terrijo,Cogdell,tcogdellmr@umn.edu,Female
821,Town,Blockley,tblockleyms@altervista.org,Male
822,Gilly,Niblett,gniblettmt@webeden.co.uk,Female
823,Concettina,Polini,cpolinimu@alexa.com,Female
824,Katy,Stenbridge,kstenbridgemv@cnn.com,Female
825,Sibylla,Carter,scartermw@sakura.ne.jp,Polygender
826,Ella,Fielding,efieldingmx@hc360.com,Female
827,Keelby,Stenners,kstennersmy@xinhuanet.com,Male
828,Glennie,Wallicker,gwallickermz@uiuc.edu,Non-binary
829,Kay,Scrimshire,kscrimshiren0@surveymonkey.com,Female
830,Diahann,Langstaff,dlangstaffn1@cam.ac.uk,Female
831,Greggory,Colvin,gcolvinn2@tuttocitta.it,Bigender
832,Fiorenze,Petigrew,fpetigrewn3@gmpg.org,Female
833,Joly,Duddle,jduddlen4@mapy.cz,Female
834,Burt,Hallwood,bhallwoodn5@symantec.com,Male
835,Neall,Toulson,ntoulsonn6@nydailynews.com,Male
836,Ermin,Gobbet,egobbetn7@nifty.com,Male
837,Sigismundo,Holdforth,sholdforthn8@tripod.com,Genderfluid
838,Enrico,Macieiczyk,emacieiczykn9@cloudflare.com,Male
839,Vera,Gerardeaux,vgerardeauxna@topsy.com,Female
840,Raimondo,Yarr,ryarrnb@a8.net,Male
841,Renaud,Sich,rsichnc@zdnet.com,Male
842,Marthena,Ebunoluwa,mebunoluwand@loc.gov,Female
843,Pen,Bromage,pbromagene@mashable.com,Female
844,Tades,Holdron,tholdronnf@shareasale.com,Genderqueer
845,Upton,Attreed,uattreedng@usatoday.com,Male
846,Hillyer,Vasilevich,hvasilevichnh@multiply.com,Genderqueer
847,Kissiah,Sergeant,ksergeantni@tripod.com,Female
848,Nicolais,Jillett,njillettnj@miitbeian.gov.cn,Male
849,Patrick,Doorbar,pdoorbarnk@blinklist.com,Polygender
850,Tiffani,Stiant,tstiantnl@slate.com,Female
851,Noll,Domenget,ndomengetnm@businesswire.com,Male
852,Jerad,Gavrielly,jgavriellynn@netvibes.com,Male
853,Cass,Mityushin,cmityushinno@businessweek.com,Male
854,Lillian,Gayther,lgaythernp@spiegel.de,Female
855,Bertie,Annion,bannionnq@intel.com,Non-binary
856,Gardener,Rykert,grykertnr@rakuten.co.jp,Non-binary
857,Alva,Tetlow,atetlowns@unesco.org,Male
858,Rolando,Bernth,rbernthnt@1688.com,Male
859,Else,Flintoff,eflintoffnu@admin.ch,Female
860,Ariel,Innocent,ainnocentnv@ehow.com,Female
861,Karlene,Ramelot,kramelotnw@imageshack.us,Female
862,Sullivan,Tutchell,stutchellnx@accuweather.com,Male
863,Chaunce,Turbefield,cturbefieldny@networkadvertising.org,Male
864,Natala,Scally,nscallynz@51.la,Female
865,Rhianna,Emanuel,remanuelo0@merriam-webster.com,Female
866,Michell,Coyle,mcoyleo1@alibaba.com,Female
867,Jeremy,Cluatt,jcluatto2@comsenz.com,Male
868,Carolee,Veneur,cveneuro3@vistaprint.com,Female
869,Glynn,Van der Velden,gvanderveldeno4@dagondesign.com,Male
870,Garv,Goulbourne,ggoulbourneo5@typepad.com,Male
871,Kendricks,Morillas,kmorillaso6@domainmarket.com,Male
872,Aurelea,Brookhouse,abrookhouseo7@virginia.edu,Female
873,Sarajane,Upstell,supstello8@baidu.com,Female
874,Abraham,Cholwell,acholwello9@imgur.com,Male
875,Hendrik,Kahn,hkahnoa@huffingtonpost.com,Male
876,Maryl,Snelson,msnelsonob@comsenz.com,Female
877,Helaina,Camies,hcamiesoc@comcast.net,Female
878,Desmund,Alessandretti,dalessandrettiod@ft.com,Male
879,Hunfredo,Spadollini,hspadollinioe@mysql.com,Male
880,Clevie,Cleen,ccleenof@spiegel.de,Male
881,Chelsie,Bourke,cbourkeog@pen.io,Female
882,Jonathon,Younghusband,jyounghusbandoh@ifeng.com,Male
883,Kelwin,Crocetti,kcrocettioi@stanford.edu,Male
884,Ingemar,Levins,ilevinsoj@amazon.co.uk,Male
885,Ingelbert,Snawdon,isnawdonok@mediafire.com,Male
886,Esme,O'Harney,eoharneyol@devhub.com,Genderfluid
887,Emiline,Gilphillan,egilphillanom@mtv.com,Female
888,Hank,Red,hredon@theatlantic.com,Male
889,Magnum,Bowart,mbowartoo@blogs.com,Male
890,Marlo,Fellgett,mfellgettop@skype.com,Female
891,Katie,Burgoin,kburgoinoq@adobe.com,Female
892,Vivyanne,Francis,vfrancisor@pagesperso-orange.fr,Female
893,Bidget,Grunson,bgrunsonos@salon.com,Female
894,Ashlen,Southcomb,asouthcombot@goodreads.com,Female
895,Odell,Krysztofowicz,okrysztofowiczou@washingtonpost.com,Male
896,Aurel,Shearman,ashearmanov@dion.ne.jp,Female
897,Sasha,Clyma,sclymaow@house.gov,Male
898,Lonnard,Farrah,lfarrahox@wisc.edu,Male
899,Melinda,Yelland,myellandoy@indiegogo.com,Female
900,Kingsley,Stuckow,kstuckowoz@shareasale.com,Male
901,Torrance,Vasilyev,tvasilyevp0@networksolutions.com,Male
902,Hyman,Hartburn,hhartburnp1@spotify.com,Male
903,Stefan,Apple,sapplep2@nymag.com,Male
904,Marcelle,Fratczak,mfratczakp3@gizmodo.com,Female
905,Bernelle,Sebright,bsebrightp4@wiley.com,Female
906,Reynold,Gowdie,rgowdiep5@symantec.com,Male
907,Nollie,Liddiatt,nliddiattp6@oaic.gov.au,Male
908,Stanford,Constance,sconstancep7@histats.com,Male
909,Kip,De Giovanni,kdegiovannip8@altervista.org,Male
910,Ashby,Birchenough,abirchenoughp9@ftc.gov,Male
911,Dene,Creech,dcreechpa@wikispaces.com,Male
912,Sonnnie,Gutridge,sgutridgepb@sitemeter.com,Agender
913,Indira,Paolozzi,ipaolozzipc@economist.com,Female
914,Doralin,Stansby,dstansbypd@businessinsider.com,Female
915,Gisela,Drysdale,gdrysdalepe@rediff.com,Female
916,Jordana,Tomasicchio,jtomasicchiopf@springer.com,Female
917,Jesus,Ranyell,jranyellpg@woothemes.com,Genderfluid
918,Peyton,Clay,pclayph@apple.com,Male
919,Fay,Lyons,flyonspi@nps.gov,Genderfluid
920,Dorothy,Fountaine,dfountainepj@redcross.org,Female
921,Dasie,Oliff,doliffpk@delicious.com,Female
922,Tanney,Child,tchildpl@sogou.com,Male
923,Lockwood,Wegenen,lwegenenpm@symantec.com,Male
924,Chrissie,Stillgoe,cstillgoepn@edublogs.org,Female
925,Ulises,Shearwood,ushearwoodpo@tuttocitta.it,Genderqueer
926,Sancho,Roderick,sroderickpp@simplemachines.org,Male
927,Eziechiele,Feaviour,efeaviourpq@census.gov,Male
928,Germain,Laurence,glaurencepr@elegantthemes.com,Female
929,Sigismund,Rawlin,srawlinps@vimeo.com,Male
930,Ursala,Cranstone,ucranstonept@sciencedaily.com,Female
931,Koren,Peebles,kpeeblespu@hp.com,Female
932,Lynde,Northidge,lnorthidgepv@shutterfly.com,Female
933,Beatrice,Garrigan,bgarriganpw@amazonaws.com,Female
934,Rollo,Georgeon,rgeorgeonpx@apache.org,Male
935,Bryana,Dybell,bdybellpy@discuz.net,Female
936,Winni,Kobpac,wkobpacpz@google.com.br,Non-binary
937,Nowell,Abramov,nabramovq0@gizmodo.com,Male
938,Nikolos,Else,nelseq1@wikipedia.org,Male
939,Bunni,Hibbart,bhibbartq2@ucoz.ru,Female
940,Toinette,Savory,tsavoryq3@patch.com,Genderqueer
941,Clarinda,Witz,cwitzq4@lycos.com,Female
942,Vikki,Plastow,vplastowq5@vistaprint.com,Female
943,Tessy,De Gregario,tdegregarioq6@ow.ly,Female
944,Kelley,Addenbrooke,kaddenbrookeq7@yellowbook.com,Female
945,Carlen,Van de Castele,cvandecasteleq8@comsenz.com,Female
946,Dayle,Grovier,dgrovierq9@vkontakte.ru,Female
947,Graham,Fishwick,gfishwickqa@ovh.net,Male
948,Gregoor,Hebborn,ghebbornqb@ftc.gov,Male
949,Micheal,Louthe,mloutheqc@github.com,Male
950,Alexina,Eckh,aeckhqd@sourceforge.net,Female
951,Bryn,Salling,bsallingqe@japanpost.jp,Bigender
952,Gav,O'Gaven,gogavenqf@netlog.com,Male
953,Guthrie,Gillibrand,ggillibrandqg@usgs.gov,Male
954,Corina,Carverhill,ccarverhillqh@wix.com,Non-binary
955,Fleur,Cadney,fcadneyqi@elpais.com,Female
956,Jedd,Billsberry,jbillsberryqj@google.com.hk,Male
957,Freida,Simmers,fsimmersqk@ebay.com,Female
958,Granville,Ramage,gramageql@wp.com,Non-binary
959,Grete,Di Napoli,gdinapoliqm@earthlink.net,Female
960,Eudora,Shelmerdine,eshelmerdineqn@vimeo.com,Bigender
961,Jessi,Reed,jreedqo@netlog.com,Female
962,Karel,Groneway,kgronewayqp@51.la,Female
963,Talia,Goodding,tgooddingqq@miibeian.gov.cn,Female
964,Ardis,Brandts,abrandtsqr@webs.com,Female
965,Jamey,Hackey,jhackeyqs@freewebs.com,Male
966,Cassius,Pinsent,cpinsentqt@webeden.co.uk,Male
967,May,Appleton,mappletonqu@wsj.com,Female
968,Giulia,McRinn,gmcrinnqv@yale.edu,Female
969,Conni,Campany,ccampanyqw@china.com.cn,Female
970,Wells,Pohlak,wpohlakqx@delicious.com,Male
971,Cindee,Mulcock,cmulcockqy@seattletimes.com,Female
972,Lannie,Klimmek,lklimmekqz@imdb.com,Male
973,Shaughn,Maudett,smaudettr0@ask.com,Male
974,Florette,Nitto,fnittor1@bravesites.com,Female
975,Gerrie,Frotton,gfrottonr2@tripod.com,Male
976,Lara,Woltering,lwolteringr3@furl.net,Female
977,Shep,Couvet,scouvetr4@stumbleupon.com,Male
978,Heall,Yter,hyterr5@blogger.com,Bigender
979,Jemmy,Whisker,jwhiskerr6@umn.edu,Female
980,Titus,Lofthouse,tlofthouser7@stanford.edu,Male
981,Beauregard,Verissimo,bverissimor8@cdbaby.com,Male
982,Bert,Christauffour,bchristauffourr9@pcworld.com,Agender
983,Della,McInally,dmcinallyra@istockphoto.com,Female
984,Georgeta,Portingale,gportingalerb@instagram.com,Female
985,Whitney,Perch,wperchrc@nhs.uk,Male
986,Damon,Frankcom,dfrankcomrd@prweb.com,Male
987,Ramsay,Cowcha,rcowchare@thetimes.co.uk,Male
988,Riccardo,Eyes,reyesrf@miibeian.gov.cn,Male
989,Tera,Padell,tpadellrg@sakura.ne.jp,Female
990,Von,Goodricke,vgoodrickerh@wsj.com,Male
991,Sheilakathryn,Piatek,spiatekri@china.com.cn,Female
992,Jewelle,Chatband,jchatbandrj@ifeng.com,Female
993,Ozzy,Yezafovich,oyezafovichrk@myspace.com,Male
994,Laurens,Attawell,lattawellrl@upenn.edu,Male
995,Baudoin,Mityashev,bmityashevrm@cbsnews.com,Male
996,Gilly,Wardle,gwardlern@gizmodo.com,Female
997,Viv,Longbothom,vlongbothomro@bravesites.com,Agender
998,Garrett,Nuton,gnutonrp@dion.ne.jp,Male
999,Althea,Canero,acanerorq@ehow.com,Female
1000,Clair,Clair,cclairrr@prweb.com,Female
