Id|first_name|last_name|email|gender
1|Cosme|Goor|cgoor0@xrea.com|Agender
2|Kerry|Fellos|kfellos1@hc360.com|Non-binary
3|Evy|Boden|eboden2@bravesites.com|Agender
4|Davis|Trubshawe|dtrubshawe3@sbwire.com|Non-binary
5|Lissi|Fairburne|lfairburne4@prnewswire.com|Bigender
6|Wang|Olenichev|Wang@gmail.com|Polygender
7|Pietra|Yakovliv|pyakovliv6@creativecommons.org|Polygender
8|Bryan|Doul|bdoul7@imageshack.us|Genderfluid
9|Caterina|Arents|carents8@weebly.com|Genderqueer
10|Clarke|Hicken|chicken9@google.de|Polygender
11|Hurlee|Probate|hprobatea@exblog.jp|Male
12|Elsinore|Claussen|eclaussenb@irs.gov|Agender
13|Allie|Athow|aathowc@dagondesign.com|Non-binary
14|Irene|Houldey|ihouldeyd@cbc.ca|Male
15|Frederico|Uccello|fuccelloe@bloomberg.com|Female
16|Cinnamon|Reina|creinaf@sphinn.com|Genderfluid
17|Lilith|Yoxen|lyoxeng@symantec.com|Polygender
18|Fanni|Lefley|flefleyh@discovery.com|Bigender
19|Theodosia|De Carteret|tdecartereti@fda.gov|Bigender
20|Earlie|Alfuso|ealfusoj@jiathis.com|Non-binary
21|Meris|Leibold|mleiboldk@prweb.com|Male
22|Barr|Petasch|bpetaschl@mapquest.com|Agender
23|Maiga|Menendes|mmenendesm@sbwire.com|Genderqueer
24|Emlynne|Nevins|enevinsn@prnewswire.com|Female
25|Jessey|Cleator|jcleatoro@princeton.edu|Polygender
26|Glendon|Sandom|gsandomp@cmu.edu|Agender
27|Caron|Carmont|ccarmontq@webmd.com|Genderqueer
28|Kerrill|Thompkins|kthompkinsr@delicious.com|Female
29|Pren|Halegarth|phalegarths@icq.com|Male
30|Eugenia|Demcak|edemcakt@bloomberg.com|Agender
31|Frasier|Hattersley|fhattersleyu@xing.com|Agender
32|Bernadene|Maltby|bmaltbyv@hud.gov|Bigender
33|Delphinia|Trainer|dtrainerw@sakura.ne.jp|Female
34|Tamas|Borgnol|tborgnolx@google.pl|Genderqueer
35|Kynthia|Morsey|kmorseyy@networksolutions.com|Female
36|Tuckie|Basso|tbassoz@biblegateway.com|Male
37|Jaclyn|Todman|jtodman10@sakura.ne.jp|Agender
38|Arie|Origan|aorigan11@mapy.cz|Genderqueer
39|Cassaundra|Mariet|cmariet12@topsy.com|Polygender
40|Patsy|Suero|psuero13@dagondesign.com|Genderqueer
41|Modesty|Leverett|mleverett14@gnu.org|Bigender
42|Anton|Bentame|abentame15@shutterfly.com|Male
43|Jehanna|South|jsouth16@51.la|Female
44|Ennis|Casse|ecasse17@gov.uk|Genderqueer
45|Ermin|Gilbride|egilbride18@foxnews.com|Genderqueer
46|Imogene|Calrow|icalrow19@rediff.com|Polygender
47|Celestine|Meltetal|cmeltetal1a@list-manage.com|Polygender
48|Durward|Hammerson|dhammerson1b@hhs.gov|Non-binary
49|Cornelle|Sockell|csockell1c@ft.com|Polygender
50|Meaghan|Chilvers|mchilvers1d@storify.com|Genderqueer
51|Fergus|Ilyas|filyas1e@home.pl|Female
52|Sloane|Pudsall|spudsall1f@wisc.edu|Agender
53|Grazia|Clack|gclack1g@wired.com|Female
54|Coletta|Quade|cquade1h@telegraph.co.uk|Male
55|Barbara-anne|Brugman|bbrugman1i@answers.com|Female
56|Perkin|Hazeldean|phazeldean1j@soundcloud.com|Bigender
57|Dalton|Feldbaum|dfeldbaum1k@economist.com|Genderfluid
58|Simonette|Muffitt|smuffitt1l@xinhuanet.com|Polygender
59|Wanids|Thornbarrow|wthornbarrow1m@cdc.gov|Genderfluid
60|Dotti|Rosoni|drosoni1n@topsy.com|Polygender
61|Odie|Haberfield|ohaberfield1o@simplemachines.org|Polygender
62|Dwight|Oakwell|doakwell1p@nydailynews.com|Agender
63|Juline|Smaridge|jsmaridge1q@weibo.com|Bigender
64|Hadleigh|Temblett|htemblett1r@engadget.com|Female
65|Eleonora|Poundsford|epoundsford1s@pbs.org|Genderfluid
66|Ramon|Philp|rphilp1t@independent.co.uk|Bigender
67|Stanley|Simunek|ssimunek1u@nifty.com|Non-binary
68|Alyse|Loughrey|aloughrey1v@storify.com|Polygender
69|Ivar|Lowther|ilowther1w@dion.ne.jp|Genderqueer
70|Sioux|D'Emanuele|sdemanuele1x@hao123.com|Genderqueer
71|Tore|Faithorn|tfaithorn1y@twitpic.com|Female
72|Linnie|Minty|lminty1z@dagondesign.com|Genderqueer
73|Hilda|Buttwell|hbuttwell20@youtube.com|Polygender
74|Guenna|Braunthal|gbraunthal21@nydailynews.com|Polygender
75|Leonanie|Vertey|lvertey22@dion.ne.jp|Agender
76|Yvor|Eyam|yeyam23@examiner.com|Male
77|Lonny|Stitwell|lstitwell24@sogou.com|Polygender
78|Keven|Carpe|kcarpe25@spiegel.de|Female
79|Wandie|Jojic|wjojic26@technorati.com|Polygender
80|Shannon|Belham|sbelham27@imdb.com|Genderfluid
81|Shawn|Marchington|smarchington28@bravesites.com|Genderqueer
82|Anny|Hebson|ahebson29@yahoo.com|Non-binary
83|Ludvig|Thorneley|lthorneley2a@washingtonpost.com|Agender
84|Jonathan|Cerro|jcerro2b@soundcloud.com|Agender
85|Courtnay|Temby|ctemby2c@parallels.com|Male
86|Filippa|Tembridge|ftembridge2d@bing.com|Female
87|Barth|Warman|bwarman2e@timesonline.co.uk|Genderfluid
88|Somerset|Stalley|sstalley2f@live.com|Non-binary
89|Selma|Perico|sperico2g@nature.com|Non-binary
90|Shelagh|Lilloe|slilloe2h@stumbleupon.com|Male
91|Jarib|Rahill|jrahill2i@soup.io|Female
92|Weston|Wabey|wwabey2j@stumbleupon.com|Polygender
93|Carola|Borit|cborit2k@businessinsider.com|Polygender
94|Gerrard|Hullin|ghullin2l@google.pl|Female
95|Nero|De Roberto|nderoberto2m@privacy.gov.au|Genderqueer
96|Adelaide|Biddy|abiddy2n@hostgator.com|Female
97|Bessy|enzley|benzley2o@mapquest.com|Male
98|Edi|Rhodef|erhodef2p@blog.com|Polygender
99|Wyatt|Thornton-Dewhirst|wthorntondewhirst2q@vkontakte.ru|Agender
100|Lyndell|Kissell|lkissell2r@blog.com|Bigender
101|Tucky|Rotherham|trotherham2s@google.pl|Bigender
102|Roda|Maidlow|rmaidlow2t@berkeley.edu|Male
103|Evangeline|Harget|eharget2u@dell.com|Genderfluid
104|Valentine|McCandie|vmccandie2v@bluehost.com|Female
105|Dorri|Pinilla|dpinilla2w@youku.com|Female
106|Lorianne|Obbard|lobbard2x@vistaprint.com|Non-binary
107|Early|Yonge|eyonge2y@soundcloud.com|Bigender
108|Joseph|Tackes|jtackes2z@aboutads.info|Non-binary
109|Cahra|Mudge|cmudge30@instagram.com|Agender
110|Damien|Weatherhogg|dweatherhogg31@pcworld.com|Female
111|Isidoro|Roby|iroby32@naver.com|Polygender
112|Nadya|Demeter|ndemeter33@qq.com|Female
113|Adelbert|Redon|aredon34@sogou.com|Genderfluid
114|Quill|Jeroch|qjeroch35@tumblr.com|Non-binary
115|Katlin|Croneen|kcroneen36@jimdo.com|Polygender
116|Sileas|Camsey|scamsey37@zimbio.com|Genderfluid
117|Josephina|Paulig|jpaulig38@walmart.com|Polygender
118|Dody|Hollyman|dhollyman39@vistaprint.com|Bigender
119|Jonis|Deabill|jdeabill3a@narod.ru|Genderfluid
120|Wanids|Worsfield|wworsfield3b@accuweather.com|Male
121|Devan|Blackey|dblackey3c@yale.edu|Female
122|Jack|Tackle|jtackle3d@ocn.ne.jp|Genderfluid
123|Robinson|Ochterlony|rochterlony3e@bloglines.com|Polygender
124|Caterina|Maryman|cmaryman3f@scientificamerican.com|Genderqueer
125|Hertha|Blaszczak|hblaszczak3g@istockphoto.com|Non-binary
126|Meagan|Fromont|mfromont3h@typepad.com|Male
127|Jolene|Tocque|jtocque3i@unc.edu|Male
128|Clark|Haughan|chaughan3j@usgs.gov|Genderfluid
129|Doroteya|Goodoune|dgoodoune3k@google.com|Bigender
130|Teirtza|Hackforth|thackforth3l@desdev.cn|Bigender
131|Reggis|Rose|rrose3m@nhs.uk|Agender
132|Katey|de Vaen|kdevaen3n@live.com|Female
133|Naoma|Casina|ncasina3o@ox.ac.uk|Male
134|Allyn|Maguire|amaguire3p@google.nl|Genderqueer
135|Andeee|Alfonsetti|aalfonsetti3q@economist.com|Female
136|Bryna|Allenby|ballenby3r@cafepress.com|Polygender
137|Manfred|Barcke|mbarcke3s@surveymonkey.com|Genderqueer
138|Averil|McClosh|amcclosh3t@sfgate.com|Genderfluid
139|Kania|Woodwind|kwoodwind3u@wisc.edu|Polygender
140|Jonis|Lannin|jlannin3v@businessweek.com|Female
141|Lolly|Arbuckel|larbuckel3w@blog.com|Agender
142|Gregorio|Frankom|gfrankom3x@princeton.edu|Bigender
143|Ophelie|Knight|oknight3y@kickstarter.com|Polygender
144|Ingmar|Haggett|ihaggett3z@amazon.com|Agender
145|Dag|Brickham|dbrickham40@uiuc.edu|Female
146|Kevan|Petican|kpetican41@indiegogo.com|Non-binary
147|Ward|Brixey|wbrixey42@indiegogo.com|Polygender
148|Juline|Pavlata|jpavlata43@spiegel.de|Bigender
149|Hoebart|Shakelady|hshakelady44@usnews.com|Non-binary
150|Emmery|Laycock|elaycock45@blogger.com|Bigender
151|Sandor|Abelov|sabelov46@nymag.com|Genderqueer
152|Patton|Ruprecht|pruprecht47@techcrunch.com|Agender
153|Christopher|Speerman|cspeerman48@issuu.com|Agender
154|Thayne|Greson|tgreson49@zdnet.com|Non-binary
155|Carmelle|Marc|cmarc4a@over-blog.com|Non-binary
156|Jasmine|Haffard|jhaffard4b@shutterfly.com|Agender
157|Christian|Shillington|cshillington4c@foxnews.com|Non-binary
158|Kyle|Pydcock|kpydcock4d@smh.com.au|Non-binary
159|Dolli|Torpie|dtorpie4e@posterous.com|Non-binary
160|Osborne|Proger|oproger4f@elegantthemes.com|Polygender
161|Patin|Job|pjob4g@oakley.com|Polygender
162|Noelle|Shoosmith|nshoosmith4h@shinystat.com|Genderfluid
163|Hastie|Coulthard|hcoulthard4i@comcast.net|Agender
164|Reggie|Casoni|rcasoni4j@slate.com|Non-binary
165|Nolie|McClintock|nmcclintock4k@g.co|Genderfluid
166|Devin|Muge|dmuge4l@blog.com|Agender
167|Patrizius|Skokoe|pskokoe4m@tiny.cc|Genderqueer
168|Myrwyn|Hull|mhull4n@google.cn|Agender
169|Carlota|Etienne|cetienne4o@unicef.org|Genderqueer
170|Trumaine|Eleshenar|teleshenar4p@imgur.com|Polygender
171|Michal|Barta|mbarta4q@umich.edu|Non-binary
172|Sib|Tomei|stomei4r@blinklist.com|Non-binary
173|Randal|Murrell|rmurrell4s@hugedomains.com|Non-binary
174|Sumner|Press|spress4t@com.com|Male
175|Gussi|Janowicz|gjanowicz4u@narod.ru|Genderfluid
176|Verina|Liversedge|vliversedge4v@amazon.co.uk|Female
177|Brinn|Rylands|brylands4w@europa.eu|Genderfluid
178|Floria|Nestle|fnestle4x@t-online.de|Genderqueer
179|Nickolaus|Jorat|njorat4y@gnu.org|Bigender
180|Veradis|Grouse|vgrouse4z@imageshack.us|Female
181|Grover|Bunten|gbunten50@google.ru|Bigender
182|Dennie|Cosely|dcosely51@ycombinator.com|Female
183|Florenza|Puttrell|fputtrell52@artisteer.com|Non-binary
184|Marleah|Mundow|mmundow53@dropbox.com|Bigender
185|Dylan|Comerford|dcomerford54@liveinternet.ru|Male
186|Nikkie|Urien|nurien55@histats.com|Non-binary
187|Emmy|Corran|ecorran56@irs.gov|Agender
188|Averil|Golledge|agolledge57@opensource.org|Non-binary
189|Lurlene|Burnup|lburnup58@skyrock.com|Female
190|Eva|Philipart|ephilipart59@biblegateway.com|Genderfluid
191|Marwin|Newvell|mnewvell5a@360.cn|Polygender
192|Anjela|Mansfield|amansfield5b@army.mil|Polygender
193|Haskel|Nicely|hnicely5c@tripod.com|Genderqueer
194|Sandi|Guinan|sguinan5d@bravesites.com|Agender
195|Brew|Yousef|byousef5e@cpanel.net|Polygender
196|Gun|Jedrys|gjedrys5f@archive.org|Male
197|Deonne|Mephan|dmephan5g@hud.gov|Agender
198|Kerby|Pleasaunce|kpleasaunce5h@exblog.jp|Polygender
199|Adriane|Filyakov|afilyakov5i@stumbleupon.com|Polygender
200|Lanie|Macken|lmacken5j@goo.ne.jp|Female
201|Rakel|Rushmare|rrushmare5k@skype.com|Polygender
202|Marti|Keig|mkeig5l@google.de|Bigender
203|Brit|MacDearmaid|bmacdearmaid5m@artisteer.com|Polygender
204|Whitaker|Futter|wfutter5n@wikispaces.com|Genderqueer
205|Carol-jean|Winters|cwinters5o@google.com.au|Genderfluid
206|Katya|Pittet|kpittet5p@cam.ac.uk|Genderqueer
207|Drud|Ligerton|dligerton5q@slideshare.net|Genderqueer
208|Alexandra|Ganiford|aganiford5r@hugedomains.com|Non-binary
209|Meryl|Kettoe|mkettoe5s@4shared.com|Male
210|Bastien|Mickan|bmickan5t@timesonline.co.uk|Female
211|Fredek|Jindrak|fjindrak5u@arstechnica.com|Polygender
212|Peadar|Di Claudio|pdiclaudio5v@cbsnews.com|Male
213|Pancho|Allsup|pallsup5w@hao123.com|Genderqueer
214|Rosita|Anshell|ranshell5x@gravatar.com|Genderqueer
215|Wylma|Everill|weverill5y@google.com.hk|Male
216|Eric|Moscon|emoscon5z@va.gov|Agender
217|Lynett|Purkins|lpurkins60@gov.uk|Non-binary
218|Daniele|Shawley|dshawley61@discuz.net|Polygender
219|Ileane|Castro|icastro62@marriott.com|Non-binary
220|Edward|Lawlee|elawlee63@sbwire.com|Female
221|Isadora|Irons|iirons64@un.org|Genderfluid
222|Geri|Dunican|gdunican65@booking.com|Male
223|Phedra|Lytton|plytton66@hc360.com|Male
224|Whitney|Merrgan|wmerrgan67@amazon.de|Bigender
225|Pincus|Heynen|pheynen68@bizjournals.com|Male
226|Armando|Sanja|asanja69@dmoz.org|Polygender
227|Berty|Bizley|bbizley6a@histats.com|Genderfluid
228|Verge|Maroney|vmaroney6b@digg.com|Genderqueer
229|Florencia|Poor|fpoor6c@toplist.cz|Male
230|Magdalen|Messingham|mmessingham6d@comsenz.com|Female
231|Robbi|Godly|rgodly6e@mit.edu|Bigender
232|Lind|Ogelbe|logelbe6f@elegantthemes.com|Male
233|Allianora|Klageman|aklageman6g@oakley.com|Genderqueer
234|Mallissa|Marjanski|mmarjanski6h@jalbum.net|Genderfluid
235|Shurlock|Cummine|scummine6i@ucsd.edu|Bigender
236|Emmit|Clapperton|eclapperton6j@mit.edu|Agender
237|Jake|Paddington|jpaddington6k@imdb.com|Agender
238|Salli|Steels|ssteels6l@vkontakte.ru|Female
239|Charla|Vondra|cvondra6m@flickr.com|Genderqueer
240|Bunni|Sage|bsage6n@chronoengine.com|Female
241|Mannie|Di Giorgio|mdigiorgio6o@sakura.ne.jp|Non-binary
242|Yardley|Webster|ywebster6p@discovery.com|Female
243|Robena|Balm|rbalm6q@princeton.edu|Genderfluid
244|Stinky|Choldcroft|scholdcroft6r@theatlantic.com|Female
245|Hinda|Quenell|hquenell6s@ca.gov|Male
246|Glory|Dineges|gdineges6t@hc360.com|Genderqueer
247|Genvieve|Loges|gloges6u@theatlantic.com|Genderfluid
248|Benjy|Zolini|bzolini6v@joomla.org|Bigender
249|Joana|Oldroyd|joldroyd6w@phoca.cz|Polygender
250|Gladi|Warby|gwarby6x@tinyurl.com|Polygender
251|Tyson|Morot|tmorot6y@utexas.edu|Agender
252|Britte|Anthony|banthony6z@hao123.com|Male
253|Ingeborg|Graysmark|igraysmark70@istockphoto.com|Female
254|Smith|Waddams|swaddams71@taobao.com|Male
255|Taffy|Buckenham|tbuckenham72@globo.com|Female
256|Hayyim|Climson|hclimson73@dion.ne.jp|Bigender
257|Pooh|Sanchis|psanchis74@elpais.com|Agender
258|Joanne|Bugdall|jbugdall75@youtu.be|Polygender
259|Cale|Cartmail|ccartmail76@latimes.com|Genderfluid
260|Valenka|Seccombe|vseccombe77@patch.com|Agender
261|Nedi|Ravenscraft|nravenscraft78@hibu.com|Genderfluid
262|Opalina|Witcomb|owitcomb79@xrea.com|Bigender
263|Damita|Saffrin|dsaffrin7a@dyndns.org|Genderqueer
264|Ennis|Eager|eeager7b@jalbum.net|Genderfluid
265|Gunner|Killiam|gkilliam7c@topsy.com|Genderqueer
266|Nadean|Pietzke|npietzke7d@google.es|Genderqueer
267|Eric|Hussy|ehussy7e@cocolog-nifty.com|Female
268|Carole|Castelin|ccastelin7f@springer.com|Polygender
269|Maybelle|Morter|mmorter7g@google.fr|Genderfluid
270|Yoko|Busson|ybusson7h@surveymonkey.com|Polygender
271|Arlina|Raffin|araffin7i@nytimes.com|Polygender
272|Heath|Murphy|hmurphy7j@nytimes.com|Non-binary
273|Miller|Fice|mfice7k@google.fr|Female
274|Austen|Haggath|ahaggath7l@cbsnews.com|Polygender
275|Beilul|Fraanchyonok|bfraanchyonok7m@yellowpages.com|Non-binary
276|Tressa|Volant|tvolant7n@mashable.com|Genderqueer
277|Maisey|Bolingbroke|mbolingbroke7o@yellowbook.com|Polygender
278|Laney|Kloser|lkloser7p@elpais.com|Genderqueer
279|Rhianna|Nerval|rnerval7q@xrea.com|Male
280|Lora|Worboy|lworboy7r@howstuffworks.com|Bigender
281|Giuseppe|Woollard|gwoollard7s@blog.com|Genderqueer
282|Lotta|Napton|lnapton7t@yelp.com|Agender
283|Cassius|Coomer|ccoomer7u@histats.com|Agender
284|Ugo|Closs|ucloss7v@nbcnews.com|Polygender
285|Sharleen|Kyngdon|skyngdon7w@mozilla.com|Male
286|Karim|Slaght|kslaght7x@noaa.gov|Male
287|Odie|Reddyhoff|oreddyhoff7y@tmall.com|Agender
288|Sheppard|Harrild|sharrild7z@statcounter.com|Agender
289|Leonhard|Robertson|lrobertson80@youtube.com|Genderqueer
290|Kim|Everley|keverley81@state.tx.us|Male
291|Yvor|Goodban|ygoodban82@time.com|Genderqueer
292|Carlynne|Fiddler|cfiddler83@spiegel.de|Genderfluid
293|Bette-ann|Argont|bargont84@wired.com|Polygender
294|Albrecht|Shirley|ashirley85@paginegialle.it|Non-binary
295|Deva|Kahn|dkahn86@amazon.co.uk|Female
296|Georgette|Alpes|galpes87@admin.ch|Male
297|Troy|Pereira|tpereira88@prnewswire.com|Genderfluid
298|Matthieu|Giamo|mgiamo89@biblegateway.com|Agender
299|Costa|Kenwin|ckenwin8a@addtoany.com|Bigender
300|Fidela|Ludwikiewicz|fludwikiewicz8b@about.me|Non-binary
301|Chlo|Rappport|crappport8c@psu.edu|Polygender
302|Georgine|Fashion|gfashion8d@dailymotion.com|Male
303|Michaela|Huniwall|mhuniwall8e@icio.us|Genderqueer
304|Vita|Dear|vdear8f@google.com.au|Polygender
305|Hyatt|Thomlinson|hthomlinson8g@alexa.com|Female
306|Hale|Harmant|hharmant8h@cornell.edu|Female
307|Jillayne|Gianelli|jgianelli8i@mail.ru|Non-binary
308|Audy|Stoppe|astoppe8j@blogspot.com|Polygender
309|Maudie|Wixey|mwixey8k@patch.com|Agender
310|Zechariah|Vanni|zvanni8l@amazon.com|Bigender
311|Tynan|Scogin|tscogin8m@dot.gov|Male
312|Jessie|Gurnay|jgurnay8n@macromedia.com|Bigender
313|Lola|Cavan|lcavan8o@imdb.com|Non-binary
314|Mary|Sellner|msellner8p@virginia.edu|Agender
315|Edythe|Manicom|emanicom8q@barnesandnoble.com|Non-binary
316|Colline|Gommey|cgommey8r@usda.gov|Female
317|Harris|Nayer|hnayer8s@i2i.jp|Genderqueer
318|Ezri|Ibel|eibel8t@newsvine.com|Male
319|Minne|Lyvon|mlyvon8u@spiegel.de|Polygender
320|Randee|Kinchington|rkinchington8v@unblog.fr|Non-binary
321|Rosaline|Hannis|rhannis8w@quantcast.com|Genderqueer
322|Rosamond|Fitzsimons|rfitzsimons8x@cbslocal.com|Bigender
323|Rosamond|Wallentin|rwallentin8y@google.es|Genderfluid
324|Shirley|Febvre|sfebvre8z@pagesperso-orange.fr|Polygender
325|Alison|Pigny|apigny90@ask.com|Bigender
326|Benyamin|Scatchar|bscatchar91@freewebs.com|Genderqueer
327|Hort|Kaine|hkaine92@joomla.org|Bigender
328|Issiah|Levene|ilevene93@hatena.ne.jp|Agender
329|Abbott|Vahey|avahey94@whitehouse.gov|Non-binary
330|Derrek|Gueste|dgueste95@cyberchimps.com|Male
331|Karoly|MacAscaidh|kmacascaidh96@dmoz.org|Male
332|Lynnet|Denslow|ldenslow97@myspace.com|Male
333|Mikol|Pevsner|mpevsner98@examiner.com|Bigender
334|Sue|Sharvill|ssharvill99@wiley.com|Genderfluid
335|Kristos|De Witt|kdewitt9a@engadget.com|Non-binary
336|Candice|Oliver-Paull|coliverpaull9b@yahoo.com|Non-binary
337|Randolf|Garrit|rgarrit9c@hhs.gov|Bigender
338|Mathian|Scibsey|mscibsey9d@free.fr|Bigender
339|Merissa|Yurkin|myurkin9e@discovery.com|Non-binary
340|Layney|Mariner|lmariner9f@wordpress.com|Polygender
341|Pauletta|Capnerhurst|pcapnerhurst9g@nationalgeographic.com|Bigender
342|Hammad|Forsard|hforsard9h@businesswire.com|Genderqueer
343|Meg|Edens|medens9i@typepad.com|Agender
344|Roxane|Squirrel|rsquirrel9j@i2i.jp|Non-binary
345|Archaimbaud|Libbe|alibbe9k@people.com.cn|Bigender
346|Larisa|Le Brun|llebrun9l@ted.com|Genderfluid
347|Virgina|Batrim|vbatrim9m@shutterfly.com|Male
348|Zita|Hurles|zhurles9n@ibm.com|Bigender
349|Cathe|Garrity|cgarrity9o@skype.com|Male
350|Loutitia|Abelson|labelson9p@dropbox.com|Genderqueer
351|Orel|Finkle|ofinkle9q@wp.com|Genderqueer
352|Ellie|Baldocci|ebaldocci9r@comcast.net|Polygender
353|Rhiamon|Peete|rpeete9s@qq.com|Female
354|Way|Cufflin|wcufflin9t@nps.gov|Female
355|Lily|Tanton|ltanton9u@friendfeed.com|Agender
356|Tyrus|Marshall|tmarshall9v@mac.com|Bigender
357|Kathrine|Dadson|kdadson9w@rediff.com|Polygender
358|Roderich|Addionisio|raddionisio9x@netscape.com|Genderqueer
359|Irvine|Dimmer|idimmer9y@pcworld.com|Genderqueer
360|Menard|Willishire|mwillishire9z@twitpic.com|Genderqueer
361|Antoni|Vampouille|avampouillea0@ovh.net|Female
362|Shurwood|Cund|scunda1@phoca.cz|Male
363|Prissie|Agdahl|pagdahla2@wix.com|Genderfluid
364|Pat|Samsworth|psamswortha3@godaddy.com|Genderfluid
365|Eugenia|Silberschatz|esilberschatza4@zdnet.com|Bigender
366|Cherice|Camous|ccamousa5@youtube.com|Male
367|Valentino|Livingston|vlivingstona6@unblog.fr|Agender
368|Axel|Pembridge|apembridgea7@friendfeed.com|Non-binary
369|Devonna|Hatrey|dhatreya8@godaddy.com|Bigender
370|Barclay|Waddie|bwaddiea9@mediafire.com|Polygender
371|Melina|Jarret|mjarretaa@yellowpages.com|Polygender
372|Darcie|Chellam|dchellamab@ask.com|Bigender
373|Elana|Handlin|ehandlinac@webeden.co.uk|Female
374|Mano|Sacco|msaccoad@cpanel.net|Female
375|Abbye|Maffioni|amaffioniae@house.gov|Polygender
376|Wade|Eberle|weberleaf@skyrock.com|Non-binary
377|Sella|Quaif|squaifag@github.com|Genderqueer
378|Sal|Petty|spettyah@privacy.gov.au|Non-binary
379|Sissie|De Freyne|sdefreyneai@uol.com.br|Genderfluid
380|Laurette|McCarrell|lmccarrellaj@pen.io|Bigender
381|Julita|Fane|jfaneak@clickbank.net|Bigender
382|Kile|Harrie|kharrieal@pcworld.com|Agender
383|Rossy|Jevons|rjevonsam@yellowbook.com|Agender
384|Dode|Cosely|dcoselyan@canalblog.com|Male
385|Aubree|Riseborough|ariseboroughao@ask.com|Genderfluid
386|Celie|Goodhall|cgoodhallap@unblog.fr|Genderfluid
387|Anthea|Smallpeice|asmallpeiceaq@flickr.com|Bigender
388|Marlane|Colvine|mcolvinear@a8.net|Bigender
389|Cornie|Blasl|cblaslas@mozilla.org|Male
390|Staford|Swinfen|sswinfenat@twitter.com|Non-binary
391|Jolene|Clericoates|jclericoatesau@skype.com|Non-binary
392|Carmelina|Pimblett|cpimblettav@cloudflare.com|Genderfluid
393|Leese|Peppin|lpeppinaw@imageshack.us|Agender
394|Meriel|Isitt|misittax@elpais.com|Genderqueer
395|Lorelle|Attril|lattrilay@shinystat.com|Female
396|Forest|Muirhead|fmuirheadaz@drupal.org|Genderfluid
397|Irvine|Benedikt|ibenediktb0@instagram.com|Non-binary
398|Angele|Sutherel|asutherelb1@merriam-webster.com|Non-binary
399|Shawn|Jacquest|sjacquestb2@wikipedia.org|Non-binary
400|Mauricio|Koppen|mkoppenb3@studiopress.com|Female
401|Sigismundo|O'Brogan|sobroganb4@google.ca|Male
402|Idaline|Gleeson|igleesonb5@theatlantic.com|Male
403|Doll|Alston|dalstonb6@reverbnation.com|Genderqueer
404|Finley|Shieldon|fshieldonb7@hubpages.com|Female
405|Amby|Klagge|aklaggeb8@slashdot.org|Polygender
406|Nial|Sissons|nsissonsb9@list-manage.com|Male
407|Hillary|Rushman|hrushmanba@psu.edu|Genderfluid
408|Valerie|Francescotti|vfrancescottibb@360.cn|Female
409|Brendan|Saenz|bsaenzbc@alexa.com|Polygender
410|Foster|Petera|fpeterabd@un.org|Male
411|Saloma|Heaslip|sheaslipbe@si.edu|Bigender
412|Alleyn|Stodhart|astodhartbf@over-blog.com|Male
413|Shaina|Perren|sperrenbg@comcast.net|Bigender
414|Brigitte|Kubik|bkubikbh@amazon.de|Female
415|Wat|Housbie|whousbiebi@craigslist.org|Bigender
416|Gabriel|Maile|gmailebj@com.com|Male
417|Coriss|Spraging|cspragingbk@dailymotion.com|Female
418|Corabel|Filson|cfilsonbl@ibm.com|Non-binary
419|Trace|Attack|tattackbm@goo.gl|Female
420|Lyndell|Ivanaev|livanaevbn@parallels.com|Male
421|Travus|Demanche|tdemanchebo@plala.or.jp|Non-binary
422|Linette|Treamayne|ltreamaynebp@paypal.com|Genderqueer
423|Bobbi|Fallen|bfallenbq@nifty.com|Female
424|Puff|Favelle|pfavellebr@cdbaby.com|Agender
425|Nissa|Stronack|nstronackbs@163.com|Female
426|Nanete|Boddam|nboddambt@eepurl.com|Female
427|Dyane|Pettus|dpettusbu@alibaba.com|Genderfluid
428|Jenni|Davidy|jdavidybv@washingtonpost.com|Non-binary
429|Harvey|Harnes|hharnesbw@uol.com.br|Genderqueer
430|Ado|Scanterbury|ascanterburybx@google.com.hk|Female
431|Lennard|Buessen|lbuessenby@reuters.com|Female
432|Cully|Domingues|cdominguesbz@weather.com|Agender
433|Graeme|Siemandl|gsiemandlc0@istockphoto.com|Male
434|Nerti|McGilvray|nmcgilvrayc1@businesswire.com|Male
435|Garry|McKimmie|gmckimmiec2@uiuc.edu|Female
436|Harriott|Mattholie|hmattholiec3@amazon.co.jp|Polygender
437|Jarrett|Warwick|jwarwickc4@merriam-webster.com|Non-binary
438|Vonni|De Hailes|vdehailesc5@cbsnews.com|Bigender
439|Jerrie|Sigars|jsigarsc6@ifeng.com|Non-binary
440|Catlaina|Choules|cchoulesc7@eepurl.com|Polygender
441|Sayers|Turrill|sturrillc8@slideshare.net|Male
442|Adi|Denziloe|adenziloec9@acquirethisname.com|Agender
443|Stan|Mell|smellca@desdev.cn|Agender
444|Arri|Minichi|aminichicb@japanpost.jp|Non-binary
445|Judy|Brader|jbradercc@livejournal.com|Male
446|Averil|Yakushkin|ayakushkincd@illinois.edu|Polygender
447|Erina|Moore|emoorece@webnode.com|Agender
448|Katrine|Yakutin|kyakutincf@weibo.com|Genderfluid
449|Valene|Kenna|vkennacg@webs.com|Genderqueer
450|Minny|Baddeley|mbaddeleych@ocn.ne.jp|Genderfluid
451|Raimondo|Turley|rturleyci@mapquest.com|Genderqueer
452|Carmine|Greenhough|cgreenhoughcj@histats.com|Genderfluid
453|Ofelia|Colquhoun|ocolquhounck@mail.ru|Polygender
454|Eugenia|Cotterill|ecotterillcl@hp.com|Male
455|Zsazsa|Sonley|zsonleycm@clickbank.net|Bigender
456|Thornie|Carson|tcarsoncn@nasa.gov|Genderqueer
457|Cynthie|Ashburner|cashburnerco@storify.com|Male
458|Aurelea|Ben-Aharon|abenaharoncp@alibaba.com|Agender
459|Ashbey|Pethrick|apethrickcq@cornell.edu|Polygender
460|Netty|Bygrove|nbygrovecr@free.fr|Genderfluid
461|Skell|Andreu|sandreucs@deviantart.com|Male
462|Anya|Degue|adeguect@latimes.com|Polygender
463|Valera|O' Liddy|voliddycu@jimdo.com|Male
464|Katherine|Foulstone|kfoulstonecv@auda.org.au|Genderqueer
465|Reider|Mottley|rmottleycw@about.me|Male
466|Janene|Krollmann|jkrollmanncx@accuweather.com|Male
467|Selma|Porteous|sporteouscy@oakley.com|Female
468|Linnell|Southernwood|lsouthernwoodcz@youku.com|Genderfluid
469|Emily|MacGilmartin|emacgilmartind0@netvibes.com|Genderfluid
470|Margaretta|Rawson|mrawsond1@earthlink.net|Female
471|Ofelia|Gors|ogorsd2@prlog.org|Female
472|Amil|Breche|abreched3@huffingtonpost.com|Genderfluid
473|Sidney|Spellworth|sspellworthd4@nsw.gov.au|Genderqueer
474|Katinka|Doherty|kdohertyd5@unicef.org|Genderqueer
475|Nanon|Malarkey|nmalarkeyd6@yolasite.com|Male
476|Elsi|Essberger|eessbergerd7@behance.net|Male
477|Cesar|Foresight|cforesightd8@issuu.com|Agender
478|Hobard|Rolfs|hrolfsd9@wikispaces.com|Non-binary
479|Arne|Brenton|abrentonda@godaddy.com|Genderfluid
480|Chlo|Franzonetti|cfranzonettidb@list-manage.com|Bigender
481|Clemmy|Grigoriscu|cgrigoriscudc@harvard.edu|Male
482|Skylar|Cutriss|scutrissdd@cbsnews.com|Female
483|Si|Vannucci|svannuccide@i2i.jp|Agender
484|Borden|Jaycock|bjaycockdf@goodreads.com|Male
485|Eilis|Legan|elegandg@intel.com|Agender
486|Simonette|Zorzin|szorzindh@prweb.com|Bigender
487|Adrea|Huxton|ahuxtondi@usda.gov|Polygender
488|Barn|Philipet|bphilipetdj@nymag.com|Male
489|Thomasine|Mawhinney|tmawhinneydk@economist.com|Genderfluid
490|Waneta|Grinishin|wgrinishindl@apple.com|Female
491|Carri|Wornum|cwornumdm@shinystat.com|Non-binary
492|Peg|Mathonnet|pmathonnetdn@discovery.com|Genderqueer
493|Gayler|Laird|glairddo@pagesperso-orange.fr|Genderfluid
494|Darya|Lusgdin|dlusgdindp@mit.edu|Male
495|Dorisa|McGrorty|dmcgrortydq@cnn.com|Non-binary
496|Terrye|Goldsberry|tgoldsberrydr@wordpress.com|Non-binary
497|Susan|Jolley|sjolleyds@google.cn|Genderfluid
498|Robinetta|Robotham|rrobothamdt@bandcamp.com|Female
499|Carola|Chattaway|cchattawaydu@webs.com|Genderqueer
500|Nathalia|Hastwell|nhastwelldv@rediff.com|Genderqueer
501|Karlens|Stayt|kstaytdw@dot.gov|Genderfluid
502|Fabian|Gooding|fgoodingdx@angelfire.com|Male
503|Herold|Checcuzzi|hcheccuzzidy@dropbox.com|Male
504|Noami|Baldassi|nbaldassidz@sphinn.com|Genderfluid
505|Ariana|Van der Daal|avanderdaale0@unblog.fr|Agender
506|Elise|Batstone|ebatstonee1@stanford.edu|Female
507|Joy|Tetther|jtetthere2@businessinsider.com|Bigender
508|Jobina|Riby|jribye3@mayoclinic.com|Bigender
509|Hieronymus|Hamil|hhamile4@hc360.com|Female
510|Sharline|McNicol|smcnicole5@fastcompany.com|Non-binary
511|Jess|Armstrong|jarmstronge6@usda.gov|Genderqueer
512|Jeremiah|Moorerud|jmoorerude7@youtube.com|Genderfluid
513|Kyle|Adolthine|kadolthinee8@disqus.com|Genderfluid
514|Goldie|De Vaux|gdevauxe9@netlog.com|Genderqueer
515|Dodi|Scowcraft|dscowcraftea@cbslocal.com|Polygender
516|Iver|Pocock|ipocockeb@rambler.ru|Genderqueer
517|Florella|Quartermain|fquartermainec@istockphoto.com|Agender
518|Stanly|Rennolds|srennoldsed@topsy.com|Genderfluid
519|Spenser|Markham|smarkhamee@scribd.com|Female
520|Sonny|Le Gassick|slegassickef@issuu.com|Male
521|Albina|Van Dale|avandaleeg@imdb.com|Polygender
522|Petey|Blackley|pblackleyeh@pagesperso-orange.fr|Polygender
523|Cherry|McEwen|cmcewenei@merriam-webster.com|Genderfluid
524|Joete|Izkovicz|jizkoviczej@theglobeandmail.com|Polygender
525|Gwendolin|Cuttle|gcuttleek@elpais.com|Female
526|Richie|Brumble|rbrumbleel@ycombinator.com|Male
527|Missy|Sorrell|msorrellem@sun.com|Male
528|Josiah|Bage|jbageen@mapquest.com|Genderqueer
529|Tanhya|Curnnok|tcurnnokeo@nifty.com|Polygender
530|Rodney|Millwall|rmillwallep@technorati.com|Polygender
531|Indira|Spreag|ispreageq@google.ru|Non-binary
532|Olympe|McClaurie|omcclaurieer@umn.edu|Genderqueer
533|Avictor|Southerill|asoutherilles@omniture.com|Non-binary
534|Der|Perrygo|dperrygoet@is.gd|Genderfluid
535|Hubie|Bownas|hbownaseu@pagesperso-orange.fr|Bigender
536|Giselle|Kissick|gkissickev@squidoo.com|Female
537|Shelia|Pawelski|spawelskiew@godaddy.com|Bigender
538|Parker|Channing|pchanningex@dell.com|Agender
539|Kalie|Ridgedell|kridgedelley@miibeian.gov.cn|Agender
540|Helena|Keningley|hkeningleyez@prweb.com|Male
541|Darsie|Gidney|dgidneyf0@comcast.net|Agender
542|Chad|Loveitt|cloveittf1@chron.com|Agender
543|Evania|Gianolo|egianolof2@biglobe.ne.jp|Polygender
544|Enriqueta|Rossbrooke|erossbrookef3@last.fm|Genderfluid
545|Loren|Keeves|lkeevesf4@de.vu|Genderqueer
546|Babb|Pierce|bpiercef5@epa.gov|Genderqueer
547|Florie|Thomelin|fthomelinf6@nps.gov|Genderfluid
548|Harman|Barrass|hbarrassf7@merriam-webster.com|Male
549|Amity|Chessil|achessilf8@yahoo.co.jp|Genderfluid
550|Alicea|Cardoe|acardoef9@yelp.com|Non-binary
551|Sauveur|Smewin|ssmewinfa@moonfruit.com|Male
552|Claiborne|Baal|cbaalfb@artisteer.com|Bigender
553|Rodie|Huntall|rhuntallfc@pinterest.com|Female
554|Jerrie|Farlambe|jfarlambefd@cbsnews.com|Genderfluid
555|Anissa|Gillet|agilletfe@angelfire.com|Polygender
556|Lotty|Plan|lplanff@constantcontact.com|Agender
557|Barrie|Jerschke|bjerschkefg@sciencedaily.com|Genderfluid
558|Siusan|Kubica|skubicafh@smugmug.com|Female
559|Philipa|Alabastar|palabastarfi@indiegogo.com|Genderfluid
560|Fin|Pawlowicz|fpawlowiczfj@so-net.ne.jp|Genderqueer
561|Frederico|Humphrys|fhumphrysfk@ask.com|Genderqueer
562|Sherlocke|O'Leagham|soleaghamfl@gizmodo.com|Male
563|Eve|Jannaway|ejannawayfm@apple.com|Polygender
564|Nelly|Gianettini|ngianettinifn@vinaora.com|Male
565|Winne|Lowey|wloweyfo@archive.org|Female
566|Mischa|Zoane|mzoanefp@t.co|Female
567|Cyrillus|Blinco|cblincofq@cnbc.com|Agender
568|Reube|Meriel|rmerielfr@blinklist.com|Genderfluid
569|Trescha|McGlaughn|tmcglaughnfs@yelp.com|Male
570|Yehudi|Hatt|yhattft@oakley.com|Bigender
571|Daniele|Mallord|dmallordfu@jimdo.com|Female
572|Benjamin|Andreas|bandreasfv@blogspot.com|Male
573|Culley|Praill|cpraillfw@parallels.com|Non-binary
574|Hyman|Bawdon|hbawdonfx@gnu.org|Polygender
575|Corine|Whinney|cwhinneyfy@dropbox.com|Male
576|Giusto|Futcher|gfutcherfz@dropbox.com|Bigender
577|Ardyth|Bern|aberng0@xinhuanet.com|Polygender
578|Bianca|Stronack|bstronackg1@businessinsider.com|Male
579|Kylen|Jerratsch|kjerratschg2@narod.ru|Agender
580|Carri|Von Gladbach|cvongladbachg3@rambler.ru|Non-binary
581|Gaspar|Infante|ginfanteg4@simplemachines.org|Non-binary
582|Radcliffe|Hawkey|rhawkeyg5@flavors.me|Genderfluid
583|Jobi|Habbon|jhabbong6@mozilla.org|Bigender
584|Michaelina|Damper|mdamperg7@desdev.cn|Genderqueer
585|Christiane|Callery|ccalleryg8@naver.com|Male
586|Alvera|Mulhall|amulhallg9@cafepress.com|Polygender
587|Ida|Cranney|icranneyga@storify.com|Bigender
588|Temp|Rains|trainsgb@army.mil|Male
589|Cassondra|Gouldstraw|cgouldstrawgc@live.com|Female
590|Tabor|Sleit|tsleitgd@163.com|Genderfluid
591|Derrek|Farnworth|dfarnworthge@youtu.be|Female
592|Valina|Lanphere|vlanpheregf@nsw.gov.au|Polygender
593|Vinson|Carnie|vcarniegg@multiply.com|Agender
594|Madlen|aManger|mamangergh@blogtalkradio.com|Genderfluid
595|Heda|Fittall|hfittallgi@spotify.com|Genderfluid
596|Lyell|O'Brogan|lobrogangj@nih.gov|Agender
597|Joete|Cumine|jcuminegk@discuz.net|Polygender
598|Lutero|Beakes|lbeakesgl@cnn.com|Bigender
599|Abraham|Starrs|astarrsgm@ted.com|Non-binary
600|Myra|Bednell|mbednellgn@deviantart.com|Agender
601|Victoir|Muselli|vmuselligo@aol.com|Agender
602|Delbert|Mewett|dmewettgp@rediff.com|Female
603|Johann|Bothen|jbothengq@aol.com|Polygender
604|Rutger|Micka|rmickagr@nasa.gov|Male
605|Porter|Crosfield|pcrosfieldgs@about.com|Bigender
606|Greta|Gozard|ggozardgt@reddit.com|Male
607|Errick|Menichini|emenichinigu@npr.org|Polygender
608|Osborne|MacGillivray|omacgillivraygv@umn.edu|Genderqueer
609|Waring|York|wyorkgw@cpanel.net|Genderfluid
610|Vevay|Allden|valldengx@odnoklassniki.ru|Non-binary
611|Libby|Grgic|lgrgicgy@sina.com.cn|Female
612|Benedicto|Martignoni|bmartignonigz@jiathis.com|Bigender
613|Lilly|Linstead|llinsteadh0@nytimes.com|Bigender
614|Sherman|Dykins|sdykinsh1@nytimes.com|Male
615|Joyann|Heake|jheakeh2@artisteer.com|Agender
616|Demott|Boyington|dboyingtonh3@ca.gov|Non-binary
617|Neil|Regelous|nregeloush4@webs.com|Female
618|Gearalt|Dri|gdrih5@redcross.org|Non-binary
619|Kahaleel|Messitt|kmessitth6@sciencedirect.com|Genderfluid
620|Brandon|Jaxon|bjaxonh7@who.int|Agender
621|Bellina|Dumphreys|bdumphreysh8@furl.net|Polygender
622|Dode|Peacey|dpeaceyh9@wikimedia.org|Polygender
623|Elga|Kun|ekunha@domainmarket.com|Polygender
624|Marylynne|Mugg|mmugghb@addthis.com|Male
625|Sybil|Rabjohns|srabjohnshc@digg.com|Genderfluid
626|Concettina|Wheowall|cwheowallhd@desdev.cn|Genderfluid
627|Maynard|Luckhurst|mluckhursthe@mtv.com|Male
628|Maisie|Slott|mslotthf@php.net|Agender
629|Stanleigh|Braemer|sbraemerhg@hhs.gov|Male
630|Susie|Skarin|sskarinhh@bloglines.com|Agender
631|Tomlin|Attoc|tattochi@sourceforge.net|Bigender
632|Linzy|Lochran|llochranhj@china.com.cn|Bigender
633|Tommie|Mewha|tmewhahk@marriott.com|Agender
634|Twila|Gubbins|tgubbinshl@elegantthemes.com|Non-binary
635|Sarah|Farry|sfarryhm@time.com|Non-binary
636|Ira|Rawet|irawethn@linkedin.com|Bigender
637|Goddard|Lammerich|glammerichho@smugmug.com|Female
638|Izaak|Jodrellec|ijodrellechp@e-recht24.de|Agender
639|Fredrick|Coakley|fcoakleyhq@dion.ne.jp|Polygender
640|Davis|Vedenyakin|dvedenyakinhr@dell.com|Bigender
641|Jonathon|Corthes|jcortheshs@hud.gov|Polygender
642|Guillema|Tapply|gtapplyht@google.cn|Non-binary
643|Markus|Childrens|mchildrenshu@bing.com|Bigender
644|Roby|Bicheno|rbichenohv@economist.com|Bigender
645|Dee dee|Crate|dcratehw@deviantart.com|Bigender
646|Lambert|Robison|lrobisonhx@indiegogo.com|Male
647|Damaris|Klimontovich|dklimontovichhy@statcounter.com|Non-binary
648|Kalie|Roubay|kroubayhz@spiegel.de|Bigender
649|Jessi|Keller|jkelleri0@wiley.com|Non-binary
650|Seana|Gatecliffe|sgatecliffei1@aol.com|Non-binary
651|Tamara|Ropking|tropkingi2@state.gov|Bigender
652|Laure|Crayden|lcraydeni3@google.it|Genderqueer
653|Wilma|Hyam|whyami4@alibaba.com|Non-binary
654|Abba|Audus|aaudusi5@devhub.com|Genderqueer
655|Candice|Hawgood|chawgoodi6@drupal.org|Non-binary
656|Bab|Penwell|bpenwelli7@addtoany.com|Bigender
657|Fitzgerald|Mongeot|fmongeoti8@weibo.com|Genderqueer
658|Selig|Chazette|schazettei9@alexa.com|Genderqueer
659|Guy|Rowbottam|growbottamia@washington.edu|Non-binary
660|Harcourt|Twinning|htwinningib@aboutads.info|Female
661|Dolley|Bowton|dbowtonic@wired.com|Genderfluid
662|Eleen|Vase|evaseid@acquirethisname.com|Male
663|Vina|Rainer|vrainerie@youtu.be|Polygender
664|Klement|Blasius|kblasiusif@theatlantic.com|Genderqueer
665|Pepe|Alp|palpig@delicious.com|Non-binary
666|Gabriele|Swynfen|gswynfenih@tuttocitta.it|Bigender
667|Randell|Manders|rmandersii@house.gov|Genderqueer
668|Morganne|Ziebart|mziebartij@theguardian.com|Non-binary
669|Franky|Kinnoch|fkinnochik@ibm.com|Non-binary
670|Berke|Prise|bpriseil@alexa.com|Agender
671|Fidelia|Inker|finkerim@springer.com|Agender
672|Tammi|Ransbury|transburyin@skype.com|Genderfluid
673|Nomi|Crumbleholme|ncrumbleholmeio@merriam-webster.com|Bigender
674|Vassily|Truce|vtruceip@china.com.cn|Genderqueer
675|Jae|Sussams|jsussamsiq@hud.gov|Agender
676|Berenice|Prandoni|bprandoniir@omniture.com|Bigender
677|Loni|Crafts|lcraftsis@yandex.ru|Polygender
678|Conant|Goaley|cgoaleyit@photobucket.com|Male
679|Allyson|O'Crotty|aocrottyiu@delicious.com|Female
680|Shell|Delieu|sdelieuiv@jugem.jp|Genderqueer
681|Quillan|Christophersen|qchristopherseniw@mlb.com|Agender
682|Madelin|Pickersgill|mpickersgillix@cam.ac.uk|Genderqueer
683|Frederick|Chawkley|fchawkleyiy@dmoz.org|Male
684|Scarface|Sayburn|ssayburniz@taobao.com|Genderfluid
685|Egan|De Meyer|edemeyerj0@linkedin.com|Genderfluid
686|Katerine|Whitaker|kwhitakerj1@wp.com|Agender
687|Nola|Staines|nstainesj2@google.ru|Female
688|Janella|Wainer|jwainerj3@soundcloud.com|Male
689|Tiphanie|Dripps|tdrippsj4@chronoengine.com|Genderqueer
690|Tania|Howroyd|thowroydj5@squarespace.com|Genderqueer
691|Kiley|Petrolli|kpetrollij6@sciencedaily.com|Genderfluid
692|Michaella|Menghi|mmenghij7@merriam-webster.com|Polygender
693|Maje|Clemenson|mclemensonj8@simplemachines.org|Male
694|Meridel|Goldston|mgoldstonj9@comsenz.com|Genderfluid
695|Kevon|Batram|kbatramja@gravatar.com|Agender
696|Hewett|Marmion|hmarmionjb@hugedomains.com|Agender
697|Sumner|Hulett|shulettjc@harvard.edu|Female
698|Letisha|Dignum|ldignumjd@ftc.gov|Polygender
699|Saxe|Stanmore|sstanmoreje@nasa.gov|Genderfluid
700|Freddy|Lazonby|flazonbyjf@theglobeandmail.com|Genderfluid
701|Ewart|Southernwood|esouthernwoodjg@virginia.edu|Genderqueer
702|Nadya|Climo|nclimojh@lulu.com|Agender
703|Margie|Vasilik|mvasilikji@guardian.co.uk|Male
704|Alva|Devo|adevojj@yale.edu|Bigender
705|Annecorinne|Pruce|aprucejk@pen.io|Non-binary
706|Farlie|Mulvey|fmulveyjl@hugedomains.com|Male
707|Selma|Goodge|sgoodgejm@arizona.edu|Non-binary
708|Chad|Dunstone|cdunstonejn@mozilla.org|Female
709|Hillard|Wolverson|hwolversonjo@paypal.com|Polygender
710|Leoine|Yo|lyojp@scribd.com|Female
711|Alic|Vuitte|avuittejq@blogs.com|Non-binary
712|Loralee|Wollaston|lwollastonjr@addtoany.com|Agender
713|Kati|Flement|kflementjs@dell.com|Non-binary
714|Robert|Brampton|rbramptonjt@jalbum.net|Non-binary
715|Letti|Woodham|lwoodhamju@yellowpages.com|Male
716|Annadiane|Le Cornu|alecornujv@soup.io|Genderqueer
717|Constantino|Loble|cloblejw@businesswire.com|Polygender
718|Rube|Leppo|rleppojx@acquirethisname.com|Bigender
719|Gerek|Canning|gcanningjy@berkeley.edu|Genderfluid
720|Hartley|Bizzey|hbizzeyjz@timesonline.co.uk|Genderfluid
721|Shantee|Varnes|svarnesk0@clickbank.net|Agender
722|Ingra|Aleksahkin|ialeksahkink1@sciencedirect.com|Female
723|Mamie|Begent|mbegentk2@indiatimes.com|Genderqueer
724|Eula|Agney|eagneyk3@de.vu|Genderfluid
725|Hobard|Bastow|hbastowk4@oaic.gov.au|Male
726|Cammi|Garwood|cgarwoodk5@uol.com.br|Polygender
727|Pete|Kapelhoff|pkapelhoffk6@youku.com|Agender
728|Dorette|Chittleburgh|dchittleburghk7@bbc.co.uk|Female
729|Monte|Jardein|mjardeink8@icq.com|Genderfluid
730|Rubia|Kinsman|rkinsmank9@drupal.org|Genderfluid
731|Hartwell|Thirlwall|hthirlwallka@fda.gov|Polygender
732|Keelby|Stranks|kstrankskb@miitbeian.gov.cn|Genderqueer
733|Lindon|Gittose|lgittosekc@nymag.com|Genderfluid
734|April|Honsch|ahonschkd@examiner.com|Non-binary
735|Sarina|Herley|sherleyke@usatoday.com|Bigender
736|Emyle|Pluvier|epluvierkf@latimes.com|Female
737|Zolly|Wingatt|zwingattkg@noaa.gov|Agender
738|Normie|Keates|nkeateskh@jugem.jp|Non-binary
739|Cullen|Jordison|cjordisonki@cam.ac.uk|Female
740|Alissa|Paolozzi|apaolozzikj@jugem.jp|Female
741|Dari|Chopping|dchoppingkk@epa.gov|Bigender
742|Pammy|Girardey|pgirardeykl@fotki.com|Polygender
743|Cordie|Van't Hoff|cvanthoffkm@arizona.edu|Polygender
744|Lazar|Polendine|lpolendinekn@mapquest.com|Genderqueer
745|Cher|Gorke|cgorkeko@posterous.com|Genderfluid
746|Gwenore|Maffioni|gmaffionikp@wikispaces.com|Polygender
747|Erich|Mourant|emourantkq@google.fr|Agender
748|Dario|McCall|dmccallkr@dot.gov|Bigender
749|Zorina|Selman|zselmanks@loc.gov|Agender
750|Ibbie|Leglise|ileglisekt@amazon.co.uk|Agender
751|Terrye|Fehner|tfehnerku@marketwatch.com|Polygender
752|Renell|Strand|rstrandkv@moonfruit.com|Female
753|Dreddy|Rollinson|drollinsonkw@mapy.cz|Male
754|Martin|Blazewicz|mblazewiczkx@yahoo.co.jp|Female
755|Ham|Spilsted|hspilstedky@shinystat.com|Female
756|Devi|Lyngsted|dlyngstedkz@icio.us|Bigender
757|Malory|Scotchford|mscotchfordl0@tumblr.com|Agender
758|Dareen|Cayette|dcayettel1@umn.edu|Non-binary
759|Helli|Lethley|hlethleyl2@wikimedia.org|Non-binary
760|Eugen|Grimmer|egrimmerl3@sbwire.com|Agender
761|Kearney|Fintoph|kfintophl4@economist.com|Bigender
762|Lyell|Okroy|lokroyl5@wikispaces.com|Polygender
763|Dickie|Paulson|dpaulsonl6@sogou.com|Agender
764|Daffi|Gyorgy|dgyorgyl7@networkadvertising.org|Female
765|Agata|Oby|aobyl8@istockphoto.com|Male
766|Elmer|Smallshaw|esmallshawl9@posterous.com|Genderfluid
767|Cristin|Burchell|cburchellla@princeton.edu|Female
768|Dallas|Karlqvist|dkarlqvistlb@shutterfly.com|Non-binary
769|Shanon|Scampion|sscampionlc@php.net|Genderqueer
770|Stephanus|Huckell|shuckellld@google.pl|Male
771|Eugenius|Ethersey|eetherseyle@cargocollective.com|Polygender
772|Lorianne|Glassborow|lglassborowlf@bloglines.com|Bigender
773|Allina|Gookey|agookeylg@tinyurl.com|Agender
774|Cammie|Pitone|cpitonelh@hp.com|Polygender
775|Chris|Duffrie|cduffrieli@netscape.com|Female
776|Hebert|Bowen|hbowenlj@de.vu|Non-binary
777|Ula|Vanstone|uvanstonelk@mapquest.com|Polygender
778|Kayne|Smogur|ksmogurll@163.com|Male
779|Giordano|Edel|gedellm@elegantthemes.com|Genderfluid
780|Abelard|Widdup|awiddupln@columbia.edu|Bigender
781|Barrie|Mapledoore|bmapledoorelo@topsy.com|Male
782|Maggy|Tennison|mtennisonlp@merriam-webster.com|Male
783|Gwendolin|Derham|gderhamlq@weebly.com|Non-binary
784|Leonidas|Willavize|lwillavizelr@boston.com|Female
785|Brandea|de Broke|bdebrokels@bandcamp.com|Female
786|Vi|Pervew|vpervewlt@ameblo.jp|Polygender
787|Editha|Fishby|efishbylu@cbslocal.com|Male
788|Diane|Sheridan|dsheridanlv@acquirethisname.com|Female
789|Nolie|Jumeau|njumeaulw@creativecommons.org|Genderqueer
790|Doralyn|Pettegre|dpettegrelx@slashdot.org|Male
791|Cornela|Mathewson|cmathewsonly@ehow.com|Non-binary
792|Marena|Kamenar|mkamenarlz@w3.org|Non-binary
793|Jeramey|Drinan|jdrinanm0@behance.net|Non-binary
794|Rustin|Footitt|rfootittm1@nbcnews.com|Non-binary
795|Ravi|Merigon|rmerigonm2@wired.com|Non-binary
796|Mufi|Bielfeld|mbielfeldm3@skyrock.com|Female
797|Ariana|Schoenrock|aschoenrockm4@tamu.edu|Genderfluid
798|Anthiathia|McGaugey|amcgaugeym5@lycos.com|Bigender
799|Graehme|Potkins|gpotkinsm6@bbb.org|Female
800|Kass|Pfaff|kpfaffm7@istockphoto.com|Genderqueer
801|Elset|Croisier|ecroisierm8@dion.ne.jp|Genderfluid
802|Amelina|MacKomb|amackombm9@ameblo.jp|Genderqueer
803|Lilah|Janosevic|ljanosevicma@fc2.com|Female
804|Dorree|MacCumeskey|dmaccumeskeymb@smh.com.au|Genderfluid
805|Ettie|Fincke|efinckemc@csmonitor.com|Female
806|Charo|Bonnin|cbonninmd@stumbleupon.com|Agender
807|Montgomery|Preuvost|mpreuvostme@samsung.com|Female
808|Cosette|Saylor|csaylormf@mashable.com|Agender
809|Aprilette|Kaveney|akaveneymg@wufoo.com|Female
810|Jefferson|Perin|jperinmh@yelp.com|Agender
811|Henka|Skule|hskulemi@imageshack.us|Genderqueer
812|Anabal|Gedling|agedlingmj@unicef.org|Genderqueer
813|Cindra|Symones|csymonesmk@drupal.org|Genderqueer
814|Yetty|Bromet|ybrometml@usnews.com|Female
815|Raine|Geator|rgeatormm@ca.gov|Non-binary
816|Fedora|Chauvey|fchauveymn@msu.edu|Male
817|Sammie|Balasin|sbalasinmo@reverbnation.com|Genderqueer
818|Caria|Slobom|cslobommp@vk.com|Genderfluid
819|Hanny|Gimenez|hgimenezmq@fotki.com|Female
820|Petra|Stairmand|pstairmandmr@tmall.com|Genderqueer
821|Jacklyn|Aitchison|jaitchisonms@php.net|Polygender
822|Gerhardine|McDunlevy|gmcdunlevymt@rediff.com|Polygender
823|Bernhard|Crucetti|bcrucettimu@ihg.com|Genderfluid
824|Truman|Mackinder|tmackindermv@arizona.edu|Non-binary
825|Niki|Pierrepoint|npierrepointmw@newsvine.com|Genderfluid
826|Yalonda|Methley|ymethleymx@google.de|Genderqueer
827|Veronike|Rexworthy|vrexworthymy@reddit.com|Female
828|Elwin|Peche|epechemz@netvibes.com|Bigender
829|Jeralee|Ion|jionn0@hubpages.com|Polygender
830|Ross|Wurz|rwurzn1@qq.com|Non-binary
831|Betsey|Grouvel|bgrouveln2@bizjournals.com|Non-binary
832|Doria|Crawcour|dcrawcourn3@ca.gov|Female
833|Mickie|Boner|mbonern4@sphinn.com|Non-binary
834|Cly|Sayle|csaylen5@timesonline.co.uk|Agender
835|Torrie|Djekic|tdjekicn6@mashable.com|Female
836|Nels|Pendrick|npendrickn7@abc.net.au|Genderqueer
837|Anastasia|McGuff|amcguffn8@sina.com.cn|Polygender
838|Brendis|Baldetti|bbaldettin9@twitpic.com|Non-binary
839|Bryant|Morgen|bmorgenna@etsy.com|Agender
840|Marve|Beldon|mbeldonnb@apache.org|Male
841|Vivyanne|Skough|vskoughnc@artisteer.com|Agender
842|Trstram|Poppleston|tpopplestonnd@sohu.com|Agender
843|Liuka|Sparshutt|lsparshuttne@biglobe.ne.jp|Polygender
844|Georgi|Hagland|ghaglandnf@amazon.co.jp|Genderqueer
845|Walton|Galtone|wgaltoneng@tinypic.com|Polygender
846|Kelsi|Willett|kwillettnh@lulu.com|Non-binary
847|Hyman|Saddler|hsaddlerni@multiply.com|Non-binary
848|Roxana|Burrell|rburrellnj@aol.com|Non-binary
849|Thorin|Klouz|tklouznk@apache.org|Female
850|Riccardo|Morhall|rmorhallnl@privacy.gov.au|Genderqueer
851|Aggi|Zoellner|azoellnernm@businessinsider.com|Male
852|Ilysa|Condliffe|icondliffenn@fastcompany.com|Genderfluid
853|Kimbell|McDool|kmcdoolno@tinyurl.com|Genderqueer
854|Concordia|Jorcke|cjorckenp@shareasale.com|Female
855|Lotta|Fedoronko|lfedoronkonq@tumblr.com|Polygender
856|Melisa|Shank|mshanknr@japanpost.jp|Bigender
857|Rozanna|Rolfe|rrolfens@yelp.com|Female
858|Elsbeth|Bea|ebeant@opera.com|Female
859|Langston|Syme|lsymenu@shareasale.com|Bigender
860|Codie|Hubbucke|chubbuckenv@netscape.com|Non-binary
861|Tades|Starton|tstartonnw@typepad.com|Genderfluid
862|Saidee|Leynton|sleyntonnx@ezinearticles.com|Bigender
863|Fair|Childrens|fchildrensny@tuttocitta.it|Bigender
864|Odelinda|Trickey|otrickeynz@wunderground.com|Polygender
865|Ashlin|Warcop|awarcopo0@nba.com|Non-binary
866|Miles|Cleatherow|mcleatherowo1@ft.com|Genderfluid
867|Ed|Petrakov|epetrakovo2@artisteer.com|Female
868|Jillian|Seacombe|jseacombeo3@utexas.edu|Agender
869|Giralda|Collcutt|gcollcutto4@wired.com|Genderfluid
870|Shauna|Eakle|seakleo5@nature.com|Non-binary
871|Murial|Eathorne|meathorneo6@craigslist.org|Bigender
872|Ivette|Cordeux|icordeuxo7@weather.com|Bigender
873|Ameline|Eathorne|aeathorneo8@shareasale.com|Genderqueer
874|Valeria|Morrell|vmorrello9@npr.org|Bigender
875|Blakeley|Symcox|bsymcoxoa@1688.com|Non-binary
876|Leroi|Matley|lmatleyob@comcast.net|Genderqueer
877|Fredek|Geharke|fgeharkeoc@instagram.com|Genderqueer
878|Halette|Shivlin|hshivlinod@jiathis.com|Bigender
879|Sully|Ritch|sritchoe@surveymonkey.com|Agender
880|Cozmo|Marden|cmardenof@wikipedia.org|Genderfluid
881|Gilemette|Oboy|goboyog@163.com|Genderfluid
882|Lani|McHardy|lmchardyoh@seesaa.net|Male
883|Joshuah|Bilbrey|jbilbreyoi@webeden.co.uk|Agender
884|Eada|Calderon|ecalderonoj@opera.com|Bigender
885|Malanie|Ewing|mewingok@gov.uk|Female
886|Eliot|Binden|ebindenol@yellowpages.com|Genderfluid
887|Geraldine|Crewes|gcrewesom@businesswire.com|Non-binary
888|Nydia|Longland|nlonglandon@patch.com|Non-binary
889|Randi|Connow|rconnowoo@friendfeed.com|Genderqueer
890|Shani|Wellsman|swellsmanop@vimeo.com|Male
891|Willyt|Waddilove|wwaddiloveoq@ucsd.edu|Genderqueer
892|Nadya|Reveland|nrevelandor@lycos.com|Male
893|Saidee|Dearden|sdeardenos@usatoday.com|Non-binary
894|Armando|Maylam|amaylamot@narod.ru|Female
895|Ronni|Kiljan|rkiljanou@globo.com|Polygender
896|Idette|Shulem|ishulemov@vinaora.com|Agender
897|Ulrikaumeko|Donaghy|udonaghyow@cisco.com|Male
898|Angus|Evered|aeveredox@newyorker.com|Non-binary
899|Dion|Meachan|dmeachanoy@cnet.com|Agender
900|Lorri|Wastie|lwastieoz@qq.com|Polygender
901|Jorrie|Ruffy|jruffyp0@studiopress.com|Female
902|Beryl|Cassam|bcassamp1@yelp.com|Genderqueer
903|Riva|Melsom|rmelsomp2@cnbc.com|Agender
904|Kipper|Binestead|kbinesteadp3@php.net|Male
905|Boot|Empleton|bempletonp4@answers.com|Male
906|Milissent|Skates|mskatesp5@storify.com|Genderfluid
907|Paulie|Skitral|pskitralp6@gnu.org|Agender
908|Barbabas|Rosensaft|brosensaftp7@bloglovin.com|Bigender
909|Benny|Bellew|bbellewp8@ox.ac.uk|Polygender
910|Sonnie|Norrey|snorreyp9@sfgate.com|Male
911|Merissa|Giorgielli|mgiorgiellipa@slate.com|Agender
912|Tildy|Kidsley|tkidsleypb@studiopress.com|Bigender
913|Almeria|Easthope|aeasthopepc@amazonaws.com|Female
914|Alvinia|Faas|afaaspd@ning.com|Genderqueer
915|Isa|Tschirasche|itschiraschepe@cpanel.net|Polygender
916|Sissy|Dymoke|sdymokepf@about.com|Genderqueer
917|Myranda|Tilney|mtilneypg@themeforest.net|Bigender
918|Klarika|Callinan|kcallinanph@ow.ly|Non-binary
919|Lilas|Firman|lfirmanpi@slate.com|Agender
920|Gayle|Ackeroyd|gackeroydpj@free.fr|Agender
921|Jami|Highman|jhighmanpk@nytimes.com|Genderqueer
922|Rebecca|Deem|rdeempl@hatena.ne.jp|Non-binary
923|Sib|Heber|sheberpm@elpais.com|Polygender
924|Garland|Osbourn|gosbournpn@netlog.com|Genderqueer
925|Kim|Brizell|kbrizellpo@state.gov|Genderfluid
926|Jana|By|jbypp@wix.com|Female
927|Werner|Galea|wgaleapq@google.pl|Non-binary
928|Charlotta|Degnen|cdegnenpr@umn.edu|Non-binary
929|Albrecht|Yukhnevich|ayukhnevichps@dedecms.com|Female
930|Veronique|Kittoe|vkittoept@webeden.co.uk|Non-binary
931|Marci|Loghan|mloghanpu@ucoz.com|Male
932|Piotr|Stoodale|pstoodalepv@blinklist.com|Polygender
933|Emilio|Ferrettini|eferrettinipw@theglobeandmail.com|Male
934|Alard|Casine|acasinepx@oracle.com|Non-binary
935|Magda|Pinn|mpinnpy@slashdot.org|Agender
936|Zsa zsa|Mepsted|zmepstedpz@japanpost.jp|Non-binary
937|Britteny|Fayerman|bfayermanq0@amazon.com|Genderfluid
938|Lark|Rediers|lrediersq1@creativecommons.org|Polygender
939|Olia|Toopin|otoopinq2@tmall.com|Genderqueer
940|Genevieve|Bartlomieczak|gbartlomieczakq3@dailymail.co.uk|Agender
941|Salvidor|Willcocks|swillcocksq4@walmart.com|Bigender
942|Zilvia|Maha|zmahaq5@ox.ac.uk|Bigender
943|Malissia|Hrynczyk|mhrynczykq6@amazon.co.jp|Polygender
944|Anjanette|Iddenden|aiddendenq7@goo.gl|Bigender
945|Yasmeen|Botwood|ybotwoodq8@nymag.com|Polygender
946|Ulrica|Shilleto|ushilletoq9@buzzfeed.com|Male
947|Piggy|Stuke|pstukeqa@jigsy.com|Non-binary
948|Schuyler|Coopman|scoopmanqb@ehow.com|Bigender
949|Minni|Lavrinov|mlavrinovqc@youtube.com|Female
950|Bert|Janosevic|bjanosevicqd@t.co|Genderfluid
951|Shari|Fraschetti|sfraschettiqe@de.vu|Male
952|Nickolai|Scotchforth|nscotchforthqf@jugem.jp|Bigender
953|Andrus|Nassey|anasseyqg@hostgator.com|Polygender
954|Gabriele|Peyton|gpeytonqh@usa.gov|Polygender
955|Kathie|Di Dello|kdidelloqi@cbsnews.com|Bigender
956|Tally|Braban|tbrabanqj@forbes.com|Genderqueer
957|Carlyn|Micheli|cmicheliqk@studiopress.com|Bigender
958|Ambrosio|Heathorn|aheathornql@themeforest.net|Bigender
959|Augustina|Elcott|aelcottqm@examiner.com|Agender
960|Jere|O'Farrell|jofarrellqn@merriam-webster.com|Male
961|Gal|Buckel|gbuckelqo@youtu.be|Polygender
962|Nikolos|Lumby|nlumbyqp@histats.com|Agender
963|Bobette|Venny|bvennyqq@dailymail.co.uk|Genderfluid
964|Janean|Bemwell|jbemwellqr@e-recht24.de|Bigender
965|Fredia|Seger|fsegerqs@bloomberg.com|Agender
966|Klara|Seamon|kseamonqt@stumbleupon.com|Agender
967|Clare|Merwood|cmerwoodqu@earthlink.net|Non-binary
968|Kynthia|Grafom|kgrafomqv@diigo.com|Genderfluid
969|Fredric|Spurling|fspurlingqw@hubpages.com|Agender
970|Dori|Gingle|dgingleqx@timesonline.co.uk|Non-binary
971|Corette|Elcock|celcockqy@icio.us|Agender
972|Reeba|Haithwaite|rhaithwaiteqz@businessinsider.com|Female
973|Shamus|Dowley|sdowleyr0@over-blog.com|Female
974|Bobina|Vasyukov|bvasyukovr1@infoseek.co.jp|Polygender
975|Seymour|Eberts|sebertsr2@nydailynews.com|Bigender
976|Roddie|Volage|rvolager3@g.co|Polygender
977|Kania|Dudmesh|kdudmeshr4@taobao.com|Agender
978|Seymour|Borborough|sborboroughr5@dot.gov|Non-binary
979|Matthieu|Ormrod|mormrodr6@irs.gov|Polygender
980|Sigismond|Pellatt|spellattr7@earthlink.net|Bigender
981|Dukie|Willoughey|dwillougheyr8@bravesites.com|Non-binary
982|Devina|Deschlein|ddeschleinr9@people.com.cn|Non-binary
983|Mischa|McCloughlin|mmccloughlinra@dailymail.co.uk|Non-binary
984|Kay|Oventon|koventonrb@howstuffworks.com|Agender
985|Barbaraanne|Pardie|bpardierc@engadget.com|Non-binary
986|Eleanora|Rothman|erothmanrd@un.org|Male
987|Lynnea|Hanster|lhansterre@discovery.com|Female
988|Camala|McGaughay|cmcgaughayrf@skype.com|Female
989|Wilbur|Andreutti|wandreuttirg@nydailynews.com|Male
990|Odelle|Roglieri|oroglierirh@cbslocal.com|Agender
991|Royce|Wray|rwrayri@dropbox.com|Genderfluid
992|Robbyn|de Quesne|rdequesnerj@delicious.com|Polygender
993|Bord|Dyka|bdykark@si.edu|Bigender
994|Dorene|Filochov|dfilochovrl@unicef.org|Male
995|Wendie|Buddle|wbuddlerm@moonfruit.com|Non-binary
996|Trstram|Swiggs|tswiggsrn@phpbb.com|Bigender
997|Reggie|Charleston|rcharlestonro@prweb.com|Agender
998|Nicolle|Ponsford|nponsfordrp@archive.org|Non-binary
999|Wilmette|Vaughten|wvaughtenrq@wordpress.com|Genderfluid
1000|Elmer|Terram|eterramrr@theglobeandmail.com|Genderfluid
