Id|first_name|last_name|email|gender
1|Cosme|Goor|cgoor0@xrea.com|Agender
2|Kerry|Fellos|kfellos1@hc360.com|Non-binary
3|Evy|Boden|eboden2@bravesites.com|Agender
4|Davis|Trubshawe|dtrubshawe3@sbwire.com|Non-binary
5|Lissi|Fairburne|lfairburne4@prnewswire.com|Bigender
6|Wang|Olenichev|Wang@gmail.com|Polygender
7|Pietra|Yakovliv|pyakovliv6@creativecommons.org|Polygender
8|Bryan|Doul|bdoul7@imageshack.us|Genderfluid
9|Caterina|Arents|carents8@weebly.com|Genderqueer
10|Clarke|Hicken|chicken9@google.de|Polygender
11|Hurlee|Probate|hprobatea@exblog.jp|Male
12|Elsinore|Claussen|eclaussenb@irs.gov|Agender
13|Allie|Athow|aathowc@dagondesign.com|Non-binary
14|Irene|Houldey|ihouldeyd@cbc.ca|Male
15|Frederico|Uccello|fuccelloe@bloomberg.com|Female
16|Cinnamon|Reina|creinaf@sphinn.com|Genderfluid
17|Lilith|Yoxen|lyoxeng@symantec.com|Polygender
18|Fanni|Lefley|flefleyh@discovery.com|Bigender
19|Theodosia|De Carteret|tdecartereti@fda.gov|Bigender
20|Earlie|Alfuso|ealfusoj@jiathis.com|Non-binary
21|Meris|Leibold|mleiboldk@prweb.com|Male
22|Barr|Petasch|bpetaschl@mapquest.com|Agender
23|Maiga|Menendes|mmenendesm@sbwire.com|Genderqueer
24|Emlynne|Nevins|enevinsn@prnewswire.com|Female
25|Jessey|Cleator|jcleatoro@princeton.edu|Polygender
26|Glendon|Sandom|gsandomp@cmu.edu|Agender
27|Caron|Carmont|ccarmontq@webmd.com|Genderqueer
28|Kerrill|Thompkins|kthompkinsr@delicious.com|Female
29|Pren|Halegarth|phalegarths@icq.com|Male
30|Eugenia|Demcak|edemcakt@bloomberg.com|Agender
31|Frasier|Hattersley|fhattersleyu@xing.com|Agender
32|Bernadene|Maltby|bmaltbyv@hud.gov|Bigender
33|Delphinia|Trainer|dtrainerw@sakura.ne.jp|Female
34|Tamas|Borgnol|tborgnolx@google.pl|Genderqueer
35|Kynthia|Morsey|kmorseyy@networksolutions.com|Female
36|Tuckie|Basso|tbassoz@biblegateway.com|Male
37|Jaclyn|Todman|jtodman10@sakura.ne.jp|Agender
38|Arie|Origan|aorigan11@mapy.cz|Genderqueer
39|Cassaundra|Mariet|cmariet12@topsy.com|Polygender
40|Patsy|Suero|psuero13@dagondesign.com|Genderqueer
41|Modesty|Leverett|mleverett14@gnu.org|Bigender
42|Anton|Bentame|abentame15@shutterfly.com|Male
43|Jehanna|South|jsouth16@51.la|Female
44|Ennis|Casse|ecasse17@gov.uk|Genderqueer
45|Ermin|Gilbride|egilbride18@foxnews.com|Genderqueer
46|Imogene|Calrow|icalrow19@rediff.com|Polygender
47|Celestine|Meltetal|cmeltetal1a@list-manage.com|Polygender
48|Durward|Hammerson|dhammerson1b@hhs.gov|Non-binary
49|Cornelle|Sockell|csockell1c@ft.com|Polygender
50|Meaghan|Chilvers|mchilvers1d@storify.com|Genderqueer
51|Fergus|Ilyas|filyas1e@home.pl|Female
52|Sloane|Pudsall|spudsall1f@wisc.edu|Agender
53|Grazia|Clack|gclack1g@wired.com|Female
54|Coletta|Quade|cquade1h@telegraph.co.uk|Male
55|Barbara-anne|Brugman|bbrugman1i@answers.com|Female
56|Perkin|Hazeldean|phazeldean1j@soundcloud.com|Bigender
57|Dalton|Feldbaum|dfeldbaum1k@economist.com|Genderfluid
58|Simonette|Muffitt|smuffitt1l@xinhuanet.com|Polygender
59|Wanids|Thornbarrow|wthornbarrow1m@cdc.gov|Genderfluid
60|Dotti|Rosoni|drosoni1n@topsy.com|Polygender
61|Odie|Haberfield|ohaberfield1o@simplemachines.org|Polygender
62|Dwight|Oakwell|doakwell1p@nydailynews.com|Agender
63|Juline|Smaridge|jsmaridge1q@weibo.com|Bigender
64|Hadleigh|Temblett|htemblett1r@engadget.com|Female
65|Eleonora|Poundsford|epoundsford1s@pbs.org|Genderfluid
66|Ramon|Philp|rphilp1t@independent.co.uk|Bigender
67|Stanley|Simunek|ssimunek1u@nifty.com|Non-binary
68|Alyse|Loughrey|aloughrey1v@storify.com|Polygender
69|Ivar|Lowther|ilowther1w@dion.ne.jp|Genderqueer
70|Sioux|D'Emanuele|sdemanuele1x@hao123.com|Genderqueer
71|Tore|Faithorn|tfaithorn1y@twitpic.com|Female
72|Linnie|Minty|lminty1z@dagondesign.com|Genderqueer
73|Hilda|Buttwell|hbuttwell20@youtube.com|Polygender
74|Guenna|Braunthal|gbraunthal21@nydailynews.com|Polygender
75|Leonanie|Vertey|lvertey22@dion.ne.jp|Agender
76|Yvor|Eyam|yeyam23@examiner.com|Male
77|Lonny|Stitwell|lstitwell24@sogou.com|Polygender
78|Keven|Carpe|kcarpe25@spiegel.de|Female
79|Wandie|Jojic|wjojic26@technorati.com|Polygender
80|Shannon|Belham|sbelham27@imdb.com|Genderfluid
81|Shawn|Marchington|smarchington28@bravesites.com|Genderqueer
82|Anny|Hebson|ahebson29@yahoo.com|Non-binary
83|Ludvig|Thorneley|lthorneley2a@washingtonpost.com|Agender
84|Jonathan|Cerro|jcerro2b@soundcloud.com|Agender
85|Courtnay|Temby|ctemby2c@parallels.com|Male
86|Filippa|Tembridge|ftembridge2d@bing.com|Female
87|Barth|Warman|bwarman2e@timesonline.co.uk|Genderfluid
88|Somerset|Stalley|sstalley2f@live.com|Non-binary
89|Selma|Perico|sperico2g@nature.com|Non-binary
90|Shelagh|Lilloe|slilloe2h@stumbleupon.com|Male
91|Jarib|Rahill|jrahill2i@soup.io|Female
92|Weston|Wabey|wwabey2j@stumbleupon.com|Polygender
93|Carola|Borit|cborit2k@businessinsider.com|Polygender
94|Gerrard|Hullin|ghullin2l@google.pl|Female
95|Nero|De Roberto|nderoberto2m@privacy.gov.au|Genderqueer
96|Adelaide|Biddy|abiddy2n@hostgator.com|Female
97|Bessy|enzley|benzley2o@mapquest.com|Male
98|Edi|Rhodef|erhodef2p@blog.com|Polygender
99|Wyatt|Thornton-Dewhirst|wthorntondewhirst2q@vkontakte.ru|Agender
100|Lyndell|Kissell|lkissell2r@blog.com|Bigender
