id,first_name,last_name,email,gender,zipcode
1,Karilynn,Gosling,kgosling0@e-recht24.de,M,248001
2,Eustace,Tombling,etombling1@reverbnation.com,M,226001
3,Isabel,Monkleigh,imonkleigh2@guardian.co.uk,F,800001
4,Iolanthe,Masham,imasham3@businesswire.com,M,110001
5,Lainey,Guilliland,lguilliland4@squidoo.com,F,230532
6,Quinn,Skippings,qskippings5@ft.com,F,530068
7,Stuart,Prodrick,sprodrick6@mayoclinic.com,M,411002
8,Thorpe,Castelijn,tcastelijn7@blogtalkradio.com,F,500001
9,Leon,Aveyard,laveyard8@themeforest.net,M,244221
10,Deanne,Donovin,ddonovin9@behance.net,F,
